observation_id,observed_at,available_at,retrieved_at,source_url,source_type,category,brand,model,variant,advertised_price,previous_advertised_price,coe_rebate_level,guaranteed_coe,guaranteed_coe_bid_count,guaranteed_coe_terms,finance_incentive_value,finance_incentive_terms,trade_in_incentive_value,trade_in_incentive_terms,cash_discount_value,other_incentive_value,promotion_deadline,promotion_name,roadshow_name,roadshow_start,roadshow_end,market_share_weight,currency,notes
sgcm-81-2024-01-19-p1-a,2024-01-19T00:00:00+08:00,2024-01-19T23:59:59+08:00,2026-08-24T11:36:19.608221+00:00,https://media.i-sgcm.com/public/new-cars/pricelist/81/2024-01-19.pdf#page=1,SGCarMart archived authorised-dealer price list,Category A,BYD,Price-list page summary,PDF page 1,154888.0,,71500.0,True,,mixed guaranteed and non-guaranteed packages,6000.0,"Finance Rebate | 2. Finance rebates, insurance rebate, trade-in rebate and are only to successful applicants: $100,000 / 7-year loan",6000.0,"Trade-in Rebate | 2. Finance rebates, insurance rebate, trade-in rebate and are only to successful applicants: $100,000 / 7-year loan",,,2024-02-07,"Promotion | The above promotion, price and vehicle specifications are subject to change without prior notice.",,,,0.046848635235732,SGD,"brand_category_pricelist_page_summary; explicit_page_label; price_count=19; price_range=129888.0-228888.0; finance_rate_pct=nan; finance=Finance Rebate | 2. Finance rebates, insurance rebate, trade-in rebate and are only to successful applicants: $100,000 / 7-year loan; trade_in=Trade-in Rebate | 2. Finance rebates, insurance rebate, trade-in rebate and are only to successful applicants: $100,000 / 7-year loan; sha256=969959914186f429623b8d858a82ebba4d06bc45991a8c6179770a0c072596a5; retrospective archive reconstruction; date-only available_at is conservatively set to end-of-day."
sgcm-81-2024-02-01-p1-a,2024-02-01T00:00:00+08:00,2024-02-01T23:59:59+08:00,2026-08-24T11:36:41.548600+00:00,https://media.i-sgcm.com/public/new-cars/pricelist/81/2024-02-01.pdf#page=1,SGCarMart archived authorised-dealer price list,Category A,BYD,Price-list page summary,PDF page 1,154888.0,154888.0,72500.0,True,,mixed guaranteed and non-guaranteed packages,6000.0,"Finance Rebate | 2. Finance rebates, insurance rebate, trade-in rebate and are only to successful applicants: $100,000 / 7-year loan",6000.0,"Trade-in Rebate | 2. Finance rebates, insurance rebate, trade-in rebate and are only to successful applicants: $100,000 / 7-year loan",,,2024-02-07,"Promotion | The above promotion, price and vehicle specifications are subject to change without prior notice.",,,,0.0532753376721064,SGD,"brand_category_pricelist_page_summary; explicit_page_label; price_count=19; price_range=129888.0-228888.0; finance_rate_pct=nan; finance=Finance Rebate | 2. Finance rebates, insurance rebate, trade-in rebate and are only to successful applicants: $100,000 / 7-year loan; trade_in=Trade-in Rebate | 2. Finance rebates, insurance rebate, trade-in rebate and are only to successful applicants: $100,000 / 7-year loan; sha256=b15283b0ff1f71c09638e828df1de92a7d34f4aa8aa716bd38df96d1e2e94d88; retrospective archive reconstruction; date-only available_at is conservatively set to end-of-day."
sgcm-81-2024-02-13-p1-a,2024-02-13T00:00:00+08:00,2024-02-13T23:59:59+08:00,2026-08-24T11:37:08.334502+00:00,https://media.i-sgcm.com/public/new-cars/pricelist/81/2024-02-13.pdf#page=1,SGCarMart archived authorised-dealer price list,Category A,BYD,Price-list page summary,PDF page 1,153888.0,154888.0,72500.0,True,,mixed guaranteed and non-guaranteed packages,6000.0,"Finance Rebate | Finance rebates, insurance rebate, trade-in rebate and are only to successful applicants: $100,000 / 7-year loan",6000.0,"Trade-in Rebate | Finance rebates, insurance rebate, trade-in rebate and are only to successful applicants: $100,000 / 7-year loan",7000.0,,2024-02-12,"Promotion | 6. The above promotion, price and vehicle specifications are subject to change without prior notice.",,,,0.0532753376721064,SGD,"brand_category_pricelist_page_summary; explicit_page_label; price_count=18; price_range=129888.0-224888.0; finance_rate_pct=nan; finance=Finance Rebate | Finance rebates, insurance rebate, trade-in rebate and are only to successful applicants: $100,000 / 7-year loan; trade_in=Trade-in Rebate | Finance rebates, insurance rebate, trade-in rebate and are only to successful applicants: $100,000 / 7-year loan; sha256=025bd85e6d859eaf638a329b249581c5a2b495157670c1a11a0a92402c0823fa; retrospective archive reconstruction; date-only available_at is conservatively set to end-of-day."
sgcm-81-2024-02-23-p1-a,2024-02-23T00:00:00+08:00,2024-02-23T23:59:59+08:00,2026-08-24T11:37:35.173736+00:00,https://media.i-sgcm.com/public/new-cars/pricelist/81/2024-02-23.pdf#page=1,SGCarMart archived authorised-dealer price list,Category A,BYD,Price-list page summary,PDF page 1,151888.0,153888.0,71500.0,True,6.0,mixed guaranteed and non-guaranteed packages,6000.0,"Finance Rebate | Finance rebates, insurance rebate, trade-in rebate and are only to successful applicants: $100,000 / 7-year loan",6000.0,"Trade-in Rebate | Finance rebates, insurance rebate, trade-in rebate and are only to successful applicants: $100,000 / 7-year loan",7000.0,,2024-03-03,"Promotion | Thomson Plaza Roadshow Specials | $7,000 Roadshow Discount for Excite Package | $3,000 Roadshow Discount for Savers Package | $3,000 Roadshow Discount for Base Package | 6. The above promotion, price and vehicle specifications are subject to change without prior notice.","Promotion | Thomson Plaza Roadshow Specials | $7,000 Roadshow Discount for Excite Package | $3,000 Roadshow Discount for Savers Package | $3,000 Roadshow Discount for Base Package | 6. The above promotion, price and vehicle specifications are subject to change without prior notice.",2024-02-22,2024-03-03,0.0532753376721064,SGD,"brand_category_pricelist_page_summary; explicit_page_label; price_count=18; price_range=127888.0-222888.0; finance_rate_pct=nan; finance=Finance Rebate | Finance rebates, insurance rebate, trade-in rebate and are only to successful applicants: $100,000 / 7-year loan; trade_in=Trade-in Rebate | Finance rebates, insurance rebate, trade-in rebate and are only to successful applicants: $100,000 / 7-year loan; sha256=edf648f4f7e746eb315499c0aa13ff191a530ac9aecf354e7f6d488a243633b5; retrospective archive reconstruction; date-only available_at is conservatively set to end-of-day."
sgcm-81-2024-03-08-p1-a,2024-03-08T00:00:00+08:00,2024-03-08T23:59:59+08:00,2026-08-24T11:38:13.222705+00:00,https://media.i-sgcm.com/public/new-cars/pricelist/81/2024-03-08.pdf#page=1,SGCarMart archived authorised-dealer price list,Category A,BYD,Price-list page summary,PDF page 1,157888.0,151888.0,57000.0,True,6.0,mixed guaranteed and non-guaranteed packages,6000.0,"Finance Rebate | 2. Finance rebates, insurance rebate, trade-in rebate and are only to successful applicants: $100,000 / 7-year loan",6000.0,"Trade-in Rebate | 2. Finance rebates, insurance rebate, trade-in rebate and are only to successful applicants: $100,000 / 7-year loan",6000.0,,2024-03-17,"Promotion | 6. The above promotion, price and vehicle specifications are subject to change without prior notice.",,,,0.0653378706854642,SGD,"brand_category_pricelist_page_summary; explicit_page_label; price_count=18; price_range=133888.0-228888.0; finance_rate_pct=nan; finance=Finance Rebate | 2. Finance rebates, insurance rebate, trade-in rebate and are only to successful applicants: $100,000 / 7-year loan; trade_in=Trade-in Rebate | 2. Finance rebates, insurance rebate, trade-in rebate and are only to successful applicants: $100,000 / 7-year loan; sha256=fb46e99779923a113c283626a8aa4d164e3b5e4938be6e0f25e5c11acf13847e; retrospective archive reconstruction; date-only available_at is conservatively set to end-of-day."
sgcm-81-2024-03-21-p1-a,2024-03-21T00:00:00+08:00,2024-03-21T23:59:59+08:00,2026-08-24T11:38:34.585482+00:00,https://media.i-sgcm.com/public/new-cars/pricelist/81/2024-03-21.pdf#page=1,SGCarMart archived authorised-dealer price list,Category A,BYD,Price-list page summary,PDF page 1,160888.0,157888.0,60000.0,True,6.0,mixed guaranteed and non-guaranteed packages,6000.0,"Finance Rebate | 2. Finance rebates, insurance rebate, trade-in rebate and are only to successful applicants: $100,000 / 7-year loan",6000.0,"Trade-in Rebate | 2. Finance rebates, insurance rebate, trade-in rebate and are only to successful applicants: $100,000 / 7-year loan",10000.0,,2024-03-26,"Promotion | Bedok Mall Roadshow Specials | $10,000 Roadshow Discount for Excite Package 8 Years Battery Warranty | 6. The above promotion, price and vehicle specifications are subject to change without prior notice.","Promotion | Bedok Mall Roadshow Specials | $10,000 Roadshow Discount for Excite Package 8 Years Battery Warranty | 6. The above promotion, price and vehicle specifications are subject to change without prior notice.",2024-03-20,2024-03-26,0.0653378706854642,SGD,"brand_category_pricelist_page_summary; explicit_page_label; price_count=18; price_range=138888.0-231888.0; finance_rate_pct=20.0; finance=Finance Rebate | 2. Finance rebates, insurance rebate, trade-in rebate and are only to successful applicants: $100,000 / 7-year loan; trade_in=Trade-in Rebate | 2. Finance rebates, insurance rebate, trade-in rebate and are only to successful applicants: $100,000 / 7-year loan; sha256=f030410e827db6d227a85a57144157d9e8e8798f50c6a519498fe95e092be82e; retrospective archive reconstruction; date-only available_at is conservatively set to end-of-day."
sgcm-81-2024-04-04-p1-a,2024-04-04T00:00:00+08:00,2024-04-04T23:59:59+08:00,2026-08-24T11:39:01.660282+00:00,https://media.i-sgcm.com/public/new-cars/pricelist/81/2024-04-04.pdf#page=1,SGCarMart archived authorised-dealer price list,Category A,BYD,Price-list page summary,PDF page 1,163888.0,160888.0,65000.0,True,6.0,mixed guaranteed and non-guaranteed packages,6000.0,"Finance Rebate | 2. Finance rebates, insurance rebate, trade-in rebate and are only to successful applicants: $100,000 / 7-year loan",6000.0,"Trade-in Rebate | 2. Finance rebates, insurance rebate, trade-in rebate and are only to successful applicants: $100,000 / 7-year loan",10000.0,,2024-04-14,"Promotion | 6. The above promotion, price and vehicle specifications are subject to change without prior notice.",,,,0.0780084028343889,SGD,"brand_category_pricelist_page_summary; explicit_page_label; price_count=18; price_range=141888.0-234888.0; finance_rate_pct=20.0; finance=Finance Rebate | 2. Finance rebates, insurance rebate, trade-in rebate and are only to successful applicants: $100,000 / 7-year loan; trade_in=Trade-in Rebate | 2. Finance rebates, insurance rebate, trade-in rebate and are only to successful applicants: $100,000 / 7-year loan; sha256=0981af31bff5b56ca5115a729cdaa9437891cc47f50efbd982dd7383fbf0df8a; retrospective archive reconstruction; date-only available_at is conservatively set to end-of-day."
sgcm-81-2024-04-22-p1-a,2024-04-22T00:00:00+08:00,2024-04-22T23:59:59+08:00,2026-08-24T11:40:01.601644+00:00,https://media.i-sgcm.com/public/new-cars/pricelist/81/2024-04-22.pdf#page=1,SGCarMart archived authorised-dealer price list,Category A,BYD,Price-list page summary,PDF page 1,163888.0,163888.0,80000.0,True,6.0,mixed guaranteed and non-guaranteed packages,6000.0,"Finance Rebate | 2. Finance rebates, insurance rebate, trade-in rebate and are only to successful applicants: $100,000 / 7-year loan",6000.0,"Trade-in Rebate | 2. Finance rebates, insurance rebate, trade-in rebate and are only to successful applicants: $100,000 / 7-year loan",5000.0,,2024-05-08,"Promotion | 6. The above promotion, price and vehicle specifications are subject to change without prior notice.",,,,0.0780084028343889,SGD,"brand_category_pricelist_page_summary; explicit_page_label; price_count=18; price_range=141888.0-234888.0; finance_rate_pct=20.0; finance=Finance Rebate | 2. Finance rebates, insurance rebate, trade-in rebate and are only to successful applicants: $100,000 / 7-year loan; trade_in=Trade-in Rebate | 2. Finance rebates, insurance rebate, trade-in rebate and are only to successful applicants: $100,000 / 7-year loan; sha256=763c568cf531adb131bd2fb6d7bc5a7931c1621f570fd73faf3f557a5985035b; retrospective archive reconstruction; date-only available_at is conservatively set to end-of-day."
sgcm-81-2024-04-26-p1-a,2024-04-26T00:00:00+08:00,2024-04-26T23:59:59+08:00,2026-08-24T11:40:12.487049+00:00,https://media.i-sgcm.com/public/new-cars/pricelist/81/2024-04-26.pdf#page=1,SGCarMart archived authorised-dealer price list,Category A,BYD,Price-list page summary,PDF page 1,164888.0,163888.0,80000.0,True,6.0,mixed guaranteed and non-guaranteed packages,6000.0,"Finance Rebate | Finance rebates, insurance rebate, trade-in rebate and are only to successful applicants: $100,000 / 7-year loan",6000.0,"Trade-in Rebate | Finance rebates, insurance rebate, trade-in rebate and are only to successful applicants: $100,000 / 7-year loan",5000.0,,2024-05-08,"Promotion | 6. The above promotion, price and vehicle specifications are subject to change without prior notice.",,,,0.0780084028343889,SGD,"brand_category_pricelist_page_summary; explicit_page_label; price_count=19; price_range=141888.0-234888.0; finance_rate_pct=20.0; finance=Finance Rebate | Finance rebates, insurance rebate, trade-in rebate and are only to successful applicants: $100,000 / 7-year loan; trade_in=Trade-in Rebate | Finance rebates, insurance rebate, trade-in rebate and are only to successful applicants: $100,000 / 7-year loan; sha256=fd585da5fb3c58b65d16393df0865929514c797b107bbe9f1a7d850e2a945d48; retrospective archive reconstruction; date-only available_at is conservatively set to end-of-day."
sgcm-81-2024-05-13-p1-a,2024-05-13T00:00:00+08:00,2024-05-13T23:59:59+08:00,2026-08-24T11:41:00.269706+00:00,https://media.i-sgcm.com/public/new-cars/pricelist/81/2024-05-13.pdf#page=1,SGCarMart archived authorised-dealer price list,Category A,BYD,Price-list page summary,PDF page 1,163888.0,164888.0,78000.0,True,6.0,mixed guaranteed and non-guaranteed packages,6000.0,"Finance Rebate | 2. Finance rebates, insurance rebate, trade-in rebate and are only to successful applicants: $100,000 / 7-year loan",6000.0,"Trade-in Rebate | 2. Finance rebates, insurance rebate, trade-in rebate and are only to successful applicants: $100,000 / 7-year loan",5000.0,,2024-05-19,"Promotion | 6. The above promotion, price and vehicle specifications are subject to change without prior notice.",,,,0.0897138204517354,SGD,"brand_category_pricelist_page_summary; explicit_page_label; price_count=18; price_range=141888.0-234888.0; finance_rate_pct=20.0; finance=Finance Rebate | 2. Finance rebates, insurance rebate, trade-in rebate and are only to successful applicants: $100,000 / 7-year loan; trade_in=Trade-in Rebate | 2. Finance rebates, insurance rebate, trade-in rebate and are only to successful applicants: $100,000 / 7-year loan; sha256=c528cfe74acee9d53cde0ed0ce626fcd97c2e150d153ca428ecf68dce9b5881c; retrospective archive reconstruction; date-only available_at is conservatively set to end-of-day."
sgcm-81-2024-05-27-p1-a,2024-05-27T00:00:00+08:00,2024-05-27T23:59:59+08:00,2026-08-24T11:41:27.290060+00:00,https://media.i-sgcm.com/public/new-cars/pricelist/81/2024-05-27.pdf#page=1,SGCarMart archived authorised-dealer price list,Category A,BYD,Price-list page summary,PDF page 1,162888.0,163888.0,77000.0,True,6.0,mixed guaranteed and non-guaranteed packages,6000.0,"Finance Rebate | 2. Finance rebates, insurance rebate, trade-in rebate and are only to successful applicants: $100,000 / 7-year loan",6000.0,"Trade-in Rebate | 2. Finance rebates, insurance rebate, trade-in rebate and are only to successful applicants: $100,000 / 7-year loan",5000.0,,2024-06-05,"Promotion | $5,000 Roadshow Discount for Excite Package | 6. The above promotion, price and vehicle specifications are subject to change without prior notice.","Promotion | $5,000 Roadshow Discount for Excite Package | 6. The above promotion, price and vehicle specifications are subject to change without prior notice.",2024-05-24,2024-06-05,0.0897138204517354,SGD,"brand_category_pricelist_page_summary; explicit_page_label; price_count=18; price_range=140888.0-233888.0; finance_rate_pct=20.0; finance=Finance Rebate | 2. Finance rebates, insurance rebate, trade-in rebate and are only to successful applicants: $100,000 / 7-year loan; trade_in=Trade-in Rebate | 2. Finance rebates, insurance rebate, trade-in rebate and are only to successful applicants: $100,000 / 7-year loan; sha256=7aa000e04559552f6bdd2445ddb2d7bbf2504d1a5704a6b97b5f1ccb5ac5c5cb; retrospective archive reconstruction; date-only available_at is conservatively set to end-of-day."
sgcm-81-2024-06-07-p1-a,2024-06-07T00:00:00+08:00,2024-06-07T23:59:59+08:00,2026-08-24T11:41:54.487925+00:00,https://media.i-sgcm.com/public/new-cars/pricelist/81/2024-06-07.pdf#page=1,SGCarMart archived authorised-dealer price list,Category A,BYD,Price-list page summary,PDF page 1,158888.0,162888.0,73000.0,True,6.0,mixed guaranteed and non-guaranteed packages,6000.0,"Finance Rebate | Finance rebates, insurance rebate, trade-in rebate and are only to successful applicants: $100,000 / 7-year loan",6000.0,"Trade-in Rebate | Finance rebates, insurance rebate, trade-in rebate and are only to successful applicants: $100,000 / 7-year loan",4000.0,,2024-06-09,"Promotion | $4,000 Roadshow Discount for Excite Package | 6. The above promotion, price and vehicle specifications are subject to change without prior notice.","Promotion | $4,000 Roadshow Discount for Excite Package | 6. The above promotion, price and vehicle specifications are subject to change without prior notice.",2024-06-06,2024-06-09,0.0965870807089497,SGD,"brand_category_pricelist_page_summary; explicit_page_label; price_count=18; price_range=136888.0-229888.0; finance_rate_pct=20.0; finance=Finance Rebate | Finance rebates, insurance rebate, trade-in rebate and are only to successful applicants: $100,000 / 7-year loan; trade_in=Trade-in Rebate | Finance rebates, insurance rebate, trade-in rebate and are only to successful applicants: $100,000 / 7-year loan; sha256=be154d82c3a365a572f6be0d464d7bed9b3a1bb897bb13735b7e70714ab76b1e; retrospective archive reconstruction; date-only available_at is conservatively set to end-of-day."
sgcm-81-2025-08-08-p1-a,2025-08-08T00:00:00+08:00,2025-08-08T23:59:59+08:00,2026-08-24T11:58:27.021839+00:00,https://media.i-sgcm.com/public/new-cars/pricelist/81/2025-08-08.pdf#page=1,SGCarMart archived authorised-dealer price list,Category A,BYD,Price-list page summary,PDF page 1,175388.0,158888.0,,True,,mixed guaranteed and non-guaranteed packages,6000.0,FINANCE REBATE,6000.0,TRADE-IN REBATE,3000.0,,2025-08-20,PROMOTION,,,,0.1757818863007004,SGD,brand_category_pricelist_page_summary; explicit_page_label; price_count=19; price_range=152388.0-250888.0; finance_rate_pct=nan; finance=FINANCE REBATE; trade_in=TRADE-IN REBATE; sha256=b11aa5dd27d46e17827f78a6c1d7ea099cb8cb6b44760aacf50be5278bdcda44; retrospective archive reconstruction; date-only available_at is conservatively set to end-of-day.
sgcm-81-2025-08-08-p2-a,2025-08-08T00:00:00+08:00,2025-08-08T23:59:59+08:00,2026-08-24T11:58:27.021839+00:00,https://media.i-sgcm.com/public/new-cars/pricelist/81/2025-08-08.pdf#page=2,SGCarMart archived authorised-dealer price list,Category A,BYD,Price-list page summary,PDF page 2,173388.0,175388.0,89000.0,True,6.0,mixed guaranteed and non-guaranteed packages,6000.0,"FINANCE REBATE | Finance rebates, insurance rebate and trade-in rebate are applicable only to successful applicants: $100,000 / 7-year loan",6000.0,"TRADE-IN REBATE | Finance rebates, insurance rebate and trade-in rebate are applicable only to successful applicants: $100,000 / 7-year loan",2000.0,,2025-08-20,"PROMOTION | Promotion, price and vehicle specifications are subject to change without prior notice.",,,,0.1757818863007004,SGD,"brand_category_pricelist_page_summary; explicit_page_label; price_count=19; price_range=158388.0-245388.0; finance_rate_pct=nan; finance=FINANCE REBATE | Finance rebates, insurance rebate and trade-in rebate are applicable only to successful applicants: $100,000 / 7-year loan; trade_in=TRADE-IN REBATE | Finance rebates, insurance rebate and trade-in rebate are applicable only to successful applicants: $100,000 / 7-year loan; sha256=b11aa5dd27d46e17827f78a6c1d7ea099cb8cb6b44760aacf50be5278bdcda44; retrospective archive reconstruction; date-only available_at is conservatively set to end-of-day."
sgcm-81-2025-08-22-p1-a,2025-08-22T00:00:00+08:00,2025-08-22T23:59:59+08:00,2026-08-24T11:58:59.513576+00:00,https://media.i-sgcm.com/public/new-cars/pricelist/81/2025-08-22.pdf#page=1,SGCarMart archived authorised-dealer price list,Category A,BYD,Price-list page summary,PDF page 1,178138.0,173388.0,94500.0,True,6.0,mixed guaranteed and non-guaranteed packages,6000.0,"FINANCE REBATE | Price is after finance, insurance, and trade-in rebates, applicable only to successful applicants (e.g. $100,000 / 7-",6000.0,"TRADE-IN REBATE | Price is after finance, insurance, and trade-in rebates, applicable only to successful applicants (e.g. $100,000 / 7-",3000.0,,2025-08-29,"DOWNTOWN EAST ROADSHOW SPECIALS | Current Promotions & Year-Round Perks) | PROMOTION | • $2,000 Roadshow discount for Excite Package | • $1,000 Additional roadshow Discount for Atto 2 (Excite Package) | Promotion, price and vehicle specifications are subject to change without prior notice.","DOWNTOWN EAST ROADSHOW SPECIALS | Current Promotions & Year-Round Perks) | PROMOTION | • $2,000 Roadshow discount for Excite Package | • $1,000 Additional roadshow Discount for Atto 2 (Excite Package) | Promotion, price and vehicle specifications are subject to change without prior notice.",2025-08-21,2025-08-29,0.1757818863007004,SGD,"brand_category_pricelist_page_summary; explicit_page_label; price_count=20; price_range=154888.0-253388.0; finance_rate_pct=nan; finance=FINANCE REBATE | Price is after finance, insurance, and trade-in rebates, applicable only to successful applicants (e.g. $100,000 / 7-; trade_in=TRADE-IN REBATE | Price is after finance, insurance, and trade-in rebates, applicable only to successful applicants (e.g. $100,000 / 7-; sha256=4ea84856cebc111e98257e1b64032e05e23f411263edca809909fc7ee21d4e77; retrospective archive reconstruction; date-only available_at is conservatively set to end-of-day."
sgcm-81-2025-08-22-p2-a,2025-08-22T00:00:00+08:00,2025-08-22T23:59:59+08:00,2026-08-24T11:58:59.513576+00:00,https://media.i-sgcm.com/public/new-cars/pricelist/81/2025-08-22.pdf#page=2,SGCarMart archived authorised-dealer price list,Category A,BYD,Price-list page summary,PDF page 2,177888.0,178138.0,92000.0,True,6.0,mixed guaranteed and non-guaranteed packages,6000.0,"FINANCE REBATE | Price is after finance, insurance, and trade-in rebates, applicable only to successful applicants (e.g. $100,000 / 7-year loan)",6000.0,"TRADE-IN REBATE | Price is after finance, insurance, and trade-in rebates, applicable only to successful applicants (e.g. $100,000 / 7-year loan)",2000.0,,2025-08-29,"DOWNTOWN EAST ROADSHOW SPECIALS | Current Promotions & Year-Round Perks) | PROMOTION | • $2,000 Roadshow discount for Excite Package | • $1,000 Additional roadshow Discount for Atto 2 (Excite Package) | Promotion, price and vehicle specifications are subject to change without prior notice.","DOWNTOWN EAST ROADSHOW SPECIALS | Current Promotions & Year-Round Perks) | PROMOTION | • $2,000 Roadshow discount for Excite Package | • $1,000 Additional roadshow Discount for Atto 2 (Excite Package) | Promotion, price and vehicle specifications are subject to change without prior notice.",2025-08-21,2025-08-29,0.1757818863007004,SGD,"brand_category_pricelist_page_summary; explicit_page_label; price_count=19; price_range=160888.0-250888.0; finance_rate_pct=nan; finance=FINANCE REBATE | Price is after finance, insurance, and trade-in rebates, applicable only to successful applicants (e.g. $100,000 / 7-year loan); trade_in=TRADE-IN REBATE | Price is after finance, insurance, and trade-in rebates, applicable only to successful applicants (e.g. $100,000 / 7-year loan); sha256=4ea84856cebc111e98257e1b64032e05e23f411263edca809909fc7ee21d4e77; retrospective archive reconstruction; date-only available_at is conservatively set to end-of-day."
sgcm-81-2025-08-29-p1-a,2025-08-29T00:00:00+08:00,2025-08-29T23:59:59+08:00,2026-08-24T11:59:04.953550+00:00,https://media.i-sgcm.com/public/new-cars/pricelist/81/2025-08-29.pdf#page=1,SGCarMart archived authorised-dealer price list,Category A,BYD,Price-list page summary,PDF page 1,178138.0,177888.0,94500.0,True,6.0,mixed guaranteed and non-guaranteed packages,6000.0,"FINANCE REBATE | Price is after finance, insurance, and trade-in rebates, applicable only to successful applicants (e.g. $100,000 / 7-",6000.0,"TRADE-IN REBATE | Price is after finance, insurance, and trade-in rebates, applicable only to successful applicants (e.g. $100,000 / 7-",3000.0,,2025-09-03,"EXTENDED ROADSHOW SPECIALS | Current Promotions & Year-Round Perks) | PROMOTION | Promotion, price and vehicle specifications are subject to change without prior notice.","EXTENDED ROADSHOW SPECIALS | Current Promotions & Year-Round Perks) | PROMOTION | Promotion, price and vehicle specifications are subject to change without prior notice.",2025-08-29,2025-09-03,0.1757818863007004,SGD,"brand_category_pricelist_page_summary; explicit_page_label; price_count=20; price_range=154888.0-253388.0; finance_rate_pct=nan; finance=FINANCE REBATE | Price is after finance, insurance, and trade-in rebates, applicable only to successful applicants (e.g. $100,000 / 7-; trade_in=TRADE-IN REBATE | Price is after finance, insurance, and trade-in rebates, applicable only to successful applicants (e.g. $100,000 / 7-; sha256=54c729b4bc0389770d538346300a60b7fcb0b9fd61909ba09520f43b99b66f14; retrospective archive reconstruction; date-only available_at is conservatively set to end-of-day."
sgcm-81-2025-08-29-p2-a,2025-08-29T00:00:00+08:00,2025-08-29T23:59:59+08:00,2026-08-24T11:59:04.953550+00:00,https://media.i-sgcm.com/public/new-cars/pricelist/81/2025-08-29.pdf#page=2,SGCarMart archived authorised-dealer price list,Category A,BYD,Price-list page summary,PDF page 2,179388.0,178138.0,92000.0,True,6.0,mixed guaranteed and non-guaranteed packages,6000.0,"FINANCE REBATE | Price is after finance, insurance, and trade-in rebates, applicable only to successful applicants (e.g. $100,000 / 7-year loan)",6000.0,"TRADE-IN REBATE | Price is after finance, insurance, and trade-in rebates, applicable only to successful applicants (e.g. $100,000 / 7-year loan)",2000.0,,2025-09-03,"EXTENDED ROADSHOW SPECIALS | Current Promotions & Year-Round Perks) | PROMOTION | Promotion, price and vehicle specifications are subject to change without prior notice.","EXTENDED ROADSHOW SPECIALS | Current Promotions & Year-Round Perks) | PROMOTION | Promotion, price and vehicle specifications are subject to change without prior notice.",2025-08-29,2025-09-03,0.1757818863007004,SGD,"brand_category_pricelist_page_summary; explicit_page_label; price_count=18; price_range=160888.0-250888.0; finance_rate_pct=nan; finance=FINANCE REBATE | Price is after finance, insurance, and trade-in rebates, applicable only to successful applicants (e.g. $100,000 / 7-year loan); trade_in=TRADE-IN REBATE | Price is after finance, insurance, and trade-in rebates, applicable only to successful applicants (e.g. $100,000 / 7-year loan); sha256=54c729b4bc0389770d538346300a60b7fcb0b9fd61909ba09520f43b99b66f14; retrospective archive reconstruction; date-only available_at is conservatively set to end-of-day."
sgcm-81-2025-09-04-p1-a,2025-09-04T00:00:00+08:00,2025-09-04T23:59:59+08:00,2026-08-24T11:59:26.554073+00:00,https://media.i-sgcm.com/public/new-cars/pricelist/81/2025-09-04.pdf#page=1,SGCarMart archived authorised-dealer price list,Category A,BYD,Price-list page summary,PDF page 1,186388.0,179388.0,98000.0,True,6.0,mixed guaranteed and non-guaranteed packages,6000.0,"FINANCE REBATE | Price is after finance, insurance, and trade-in rebates, applicable only to successful applicants (e.g. $100,000 / 7-",6000.0,"TRADE-IN REBATE | Price is after finance, insurance, and trade-in rebates, applicable only to successful applicants (e.g. $100,000 / 7-",33000.0,,2025-09-08,"100 HOUR SALE PROMOTIONS | Current Promotions & Year-Round Perks) | PROMOTION | Promotion, price and vehicle specifications are subject to change without prior notice.",,,,0.1816594061791098,SGD,"brand_category_pricelist_page_summary; explicit_page_label; price_count=25; price_range=159388.0-269888.0; finance_rate_pct=nan; finance=FINANCE REBATE | Price is after finance, insurance, and trade-in rebates, applicable only to successful applicants (e.g. $100,000 / 7-; trade_in=TRADE-IN REBATE | Price is after finance, insurance, and trade-in rebates, applicable only to successful applicants (e.g. $100,000 / 7-; sha256=32a9411ae04aadd1e9fc43f3b994c9856333aa63f0f9abb1650aefadce0dc8f5; retrospective archive reconstruction; date-only available_at is conservatively set to end-of-day."
sgcm-81-2025-09-04-p2-a,2025-09-04T00:00:00+08:00,2025-09-04T23:59:59+08:00,2026-08-24T11:59:26.554073+00:00,https://media.i-sgcm.com/public/new-cars/pricelist/81/2025-09-04.pdf#page=2,SGCarMart archived authorised-dealer price list,Category A,BYD,Price-list page summary,PDF page 2,181388.0,186388.0,96000.0,True,6.0,mixed guaranteed and non-guaranteed packages,6000.0,"FINANCE REBATE | Price is after finance, insurance, and trade-in rebates, applicable only to successful applicants (e.g. $100,000 / 7-year loan).",6000.0,"TRADE-IN REBATE | Price is after finance, insurance, and trade-in rebates, applicable only to successful applicants (e.g. $100,000 / 7-year loan).",33000.0,,2025-09-08,"100 HOUR SALE PROMOTIONS | Current Promotions & Year-Round Perks) | PROMOTION | Promotion, price and vehicle specifications are subject to change without prior notice.",,,,0.1816594061791098,SGD,"brand_category_pricelist_page_summary; explicit_page_label; price_count=20; price_range=165388.0-255388.0; finance_rate_pct=nan; finance=FINANCE REBATE | Price is after finance, insurance, and trade-in rebates, applicable only to successful applicants (e.g. $100,000 / 7-year loan).; trade_in=TRADE-IN REBATE | Price is after finance, insurance, and trade-in rebates, applicable only to successful applicants (e.g. $100,000 / 7-year loan).; sha256=32a9411ae04aadd1e9fc43f3b994c9856333aa63f0f9abb1650aefadce0dc8f5; retrospective archive reconstruction; date-only available_at is conservatively set to end-of-day."
sgcm-81-2025-09-23-p2-a,2025-09-23T00:00:00+08:00,2025-09-23T23:59:59+08:00,2026-08-24T12:00:09.861284+00:00,https://media.i-sgcm.com/public/new-cars/pricelist/81/2025-09-23.pdf#page=2,SGCarMart archived authorised-dealer price list,Category A,BYD,Price-list page summary,PDF page 2,196388.0,181388.0,104000.0,True,6.0,mixed guaranteed and non-guaranteed packages,6000.0,"FINANCE REBATE | Price is after finance, insurance, and trade-in rebates, applicable only to successful applicants (e.g. $100,000 / 7-year ban).",6000.0,"TRADE-IN REBATE | Price is after finance, insurance, and trade-in rebates, applicable only to successful applicants (e.g. $100,000 / 7-year ban).",,,2025-09-26,"Current Promotions & Year-Round Perks) | PROMOTION | Promotion, price and vehicle specifications are subject to change without prior notice.",,,,0.1816594061791098,SGD,"brand_category_pricelist_page_summary; explicit_page_label; price_count=20; price_range=180388.0-270388.0; finance_rate_pct=nan; finance=FINANCE REBATE | Price is after finance, insurance, and trade-in rebates, applicable only to successful applicants (e.g. $100,000 / 7-year ban).; trade_in=TRADE-IN REBATE | Price is after finance, insurance, and trade-in rebates, applicable only to successful applicants (e.g. $100,000 / 7-year ban).; sha256=101e079c240d105814dacf675bf410c75fcd8aa56a926fc46d6ac1c17d68f9e1; retrospective archive reconstruction; date-only available_at is conservatively set to end-of-day."
sgcm-81-2025-09-29-p2-a,2025-09-29T00:00:00+08:00,2025-09-29T23:59:59+08:00,2026-08-24T12:00:15.264077+00:00,https://media.i-sgcm.com/public/new-cars/pricelist/81/2025-09-29.pdf#page=2,SGCarMart archived authorised-dealer price list,Category A,BYD,Price-list page summary,PDF page 2,202888.0,196388.0,104000.0,True,6.0,mixed guaranteed and non-guaranteed packages,6000.0,"FINANCE REBATE | Price is after finance, insurance, and trade-in rebates, applicable only to successful applicants (e.g. $100,000 / 7-year loan).",6000.0,"TRADE-IN REBATE | Price is after finance, insurance, and trade-in rebates, applicable only to successful applicants (e.g. $100,000 / 7-year loan).",5000.0,,2025-10-01,"Current Promotions & Year-Round Perks) | PROMOTION | Promotion, price and vehicle specifications are subject to change without prior notice.",,,,0.1816594061791098,SGD,"brand_category_pricelist_page_summary; explicit_page_label; price_count=25; price_range=185388.0-284888.0; finance_rate_pct=nan; finance=FINANCE REBATE | Price is after finance, insurance, and trade-in rebates, applicable only to successful applicants (e.g. $100,000 / 7-year loan).; trade_in=TRADE-IN REBATE | Price is after finance, insurance, and trade-in rebates, applicable only to successful applicants (e.g. $100,000 / 7-year loan).; sha256=44084fe866658a8b356234f4c42711b37f3bbfdeafe4afc54972683f9504724a; retrospective archive reconstruction; date-only available_at is conservatively set to end-of-day."
sgcm-81-2025-10-02-p2-a,2025-10-02T00:00:00+08:00,2025-10-02T23:59:59+08:00,2026-08-24T12:00:26.411348+00:00,https://media.i-sgcm.com/public/new-cars/pricelist/81/2025-10-02.pdf#page=2,SGCarMart archived authorised-dealer price list,Category A,BYD,Price-list page summary,PDF page 2,202888.0,202888.0,104000.0,True,6.0,mixed guaranteed and non-guaranteed packages,6000.0,"FINANCE REBATE | Price is after finance, insurance, and trade-in rebates, applicable only to successful applicants (e.g. $100,000 / 7-year loan).",6000.0,"TRADE-IN REBATE | Price is after finance, insurance, and trade-in rebates, applicable only to successful applicants (e.g. $100,000 / 7-year loan).",5000.0,,2025-10-08,"Current Promotions & Year-Round Perks) | PROMOTION | Promotion, price and vehicle specifications are subject to change without prior notice.",,,,0.1908239403079853,SGD,"brand_category_pricelist_page_summary; explicit_page_label; price_count=25; price_range=185388.0-284888.0; finance_rate_pct=nan; finance=FINANCE REBATE | Price is after finance, insurance, and trade-in rebates, applicable only to successful applicants (e.g. $100,000 / 7-year loan).; trade_in=TRADE-IN REBATE | Price is after finance, insurance, and trade-in rebates, applicable only to successful applicants (e.g. $100,000 / 7-year loan).; sha256=9685782aa5f530e6cf49ade8d145e55146fe5b38ac030bb40a3ed7c4471ac5c0; retrospective archive reconstruction; date-only available_at is conservatively set to end-of-day."
sgcm-81-2025-10-09-p1-a,2025-10-09T00:00:00+08:00,2025-10-09T23:59:59+08:00,2026-08-24T12:00:48.258604+00:00,https://media.i-sgcm.com/public/new-cars/pricelist/81/2025-10-09.pdf#page=1,SGCarMart archived authorised-dealer price list,Category A,BYD,Price-list page summary,PDF page 1,194888.0,202888.0,114000.0,True,6.0,mixed guaranteed and non-guaranteed packages,6000.0,"FINANCE REBATE | • 2.28% Exclusive interest rate | 2. Price is after finance, insurance, and trade-in rebates, applicable only to successful applicants (e.g. $100,000 / 7-year",6000.0,"TRADE-IN REBATE | 2. Price is after finance, insurance, and trade-in rebates, applicable only to successful applicants (e.g. $100,000 / 7-year",2000.0,,2025-10-23,"CURRENT PROMOTIONS | Current Promotions & Year-Round Perks) | PROMOTION | Promotion, price and vehicle specifications are subject to change without prior notice.",,,,0.1908239403079853,SGD,"brand_category_pricelist_page_summary; explicit_page_label; price_count=25; price_range=177888.0-270888.0; finance_rate_pct=2.28; finance=FINANCE REBATE | • 2.28% Exclusive interest rate | 2. Price is after finance, insurance, and trade-in rebates, applicable only to successful applicants (e.g. $100,000 / 7-year; trade_in=TRADE-IN REBATE | 2. Price is after finance, insurance, and trade-in rebates, applicable only to successful applicants (e.g. $100,000 / 7-year; sha256=39753a641bb76a0a473e14964029eb81927aba4188d605931f9abd93d7c154f3; retrospective archive reconstruction; date-only available_at is conservatively set to end-of-day."
sgcm-81-2025-10-09-p2-a,2025-10-09T00:00:00+08:00,2025-10-09T23:59:59+08:00,2026-08-24T12:00:48.258604+00:00,https://media.i-sgcm.com/public/new-cars/pricelist/81/2025-10-09.pdf#page=2,SGCarMart archived authorised-dealer price list,Category A,BYD,Price-list page summary,PDF page 2,207888.0,194888.0,114000.0,True,6.0,mixed guaranteed and non-guaranteed packages,6000.0,"FINANCE REBATE | • 2.28% Exclusive interest rate | 2. Price is after finance, insurance, and trade-in rebates, applicable only to successful applicants (e.g. $100,000 / 7-year loan).",6000.0,"TRADE-IN REBATE | 2. Price is after finance, insurance, and trade-in rebates, applicable only to successful applicants (e.g. $100,000 / 7-year loan).",2000.0,,2025-10-23,"CURRENT PROMOTIONS | Current Promotions & Year-Round Perks) | PROMOTION | Promotion, price and vehicle specifications are subject to change without prior notice.",,,,0.1908239403079853,SGD,"brand_category_pricelist_page_summary; explicit_page_label; price_count=25; price_range=189888.0-289388.0; finance_rate_pct=2.28; finance=FINANCE REBATE | • 2.28% Exclusive interest rate | 2. Price is after finance, insurance, and trade-in rebates, applicable only to successful applicants (e.g. $100,000 / 7-year loan).; trade_in=TRADE-IN REBATE | 2. Price is after finance, insurance, and trade-in rebates, applicable only to successful applicants (e.g. $100,000 / 7-year loan).; sha256=39753a641bb76a0a473e14964029eb81927aba4188d605931f9abd93d7c154f3; retrospective archive reconstruction; date-only available_at is conservatively set to end-of-day."
sgcm-81-2025-10-24-p1-a,2025-10-24T00:00:00+08:00,2025-10-24T23:59:59+08:00,2026-08-24T12:01:15.299443+00:00,https://media.i-sgcm.com/public/new-cars/pricelist/81/2025-10-24.pdf#page=1,SGCarMart archived authorised-dealer price list,Category A,BYD,Price-list page summary,PDF page 1,188888.0,207888.0,108500.0,True,6.0,mixed guaranteed and non-guaranteed packages,6000.0,"FINANCE REBATE | • 2.28% Special interest rate | 2. Price is after finance, insurance, and trade-in rebates, applicable only to successful applicants (e.g. $100,000 / 7-year",6000.0,"TRADE-IN REBATE | 2. Price is after finance, insurance, and trade-in rebates, applicable only to successful applicants (e.g. $100,000 / 7-year",2000.0,,2025-11-05,"EXCLUSIVE ROADSHOW DEALS | Current Promotions & Year-Round Perks) | PROMOTION | Promotion, price and vehicle specifications are subject to change without prior notice.","EXCLUSIVE ROADSHOW DEALS | Current Promotions & Year-Round Perks) | PROMOTION | Promotion, price and vehicle specifications are subject to change without prior notice.",2025-10-24,2025-11-05,0.1908239403079853,SGD,"brand_category_pricelist_page_summary; explicit_page_label; price_count=25; price_range=171888.0-264888.0; finance_rate_pct=2.28; finance=FINANCE REBATE | • 2.28% Special interest rate | 2. Price is after finance, insurance, and trade-in rebates, applicable only to successful applicants (e.g. $100,000 / 7-year; trade_in=TRADE-IN REBATE | 2. Price is after finance, insurance, and trade-in rebates, applicable only to successful applicants (e.g. $100,000 / 7-year; sha256=63da7edcac4b68674639ccaf0e4c94afa6062675b1ff514d504345a86e56b391; retrospective archive reconstruction; date-only available_at is conservatively set to end-of-day."
sgcm-81-2025-10-24-p2-a,2025-10-24T00:00:00+08:00,2025-10-24T23:59:59+08:00,2026-08-24T12:01:15.299443+00:00,https://media.i-sgcm.com/public/new-cars/pricelist/81/2025-10-24.pdf#page=2,SGCarMart archived authorised-dealer price list,Category A,BYD,Price-list page summary,PDF page 2,201388.0,188888.0,112000.0,True,6.0,mixed guaranteed and non-guaranteed packages,6000.0,"FINANCE REBATE | 2.28% Special interest rate | Price is after finance, insurance, and trade-in rebates, applicable only to successful applicants (e.g. $100,000 / 7-year loan).",6000.0,"TRADE-IN REBATE | Price is after finance, insurance, and trade-in rebates, applicable only to successful applicants (e.g. $100,000 / 7-year loan).",2000.0,,2025-11-05,"EXCLUSIVE ROADSHOW DEALS | Current Promotions & Year-Round Perks) | PROMOTION | Promotion, price and vehicle specifications are subject to change without prior notice.","EXCLUSIVE ROADSHOW DEALS | Current Promotions & Year-Round Perks) | PROMOTION | Promotion, price and vehicle specifications are subject to change without prior notice.",2025-10-24,2025-11-05,0.1908239403079853,SGD,"brand_category_pricelist_page_summary; explicit_page_label; price_count=25; price_range=183888.0-283388.0; finance_rate_pct=2.28; finance=FINANCE REBATE | 2.28% Special interest rate | Price is after finance, insurance, and trade-in rebates, applicable only to successful applicants (e.g. $100,000 / 7-year loan).; trade_in=TRADE-IN REBATE | Price is after finance, insurance, and trade-in rebates, applicable only to successful applicants (e.g. $100,000 / 7-year loan).; sha256=63da7edcac4b68674639ccaf0e4c94afa6062675b1ff514d504345a86e56b391; retrospective archive reconstruction; date-only available_at is conservatively set to end-of-day."
sgcm-81-2025-11-07-p1-a,2025-11-07T00:00:00+08:00,2025-11-07T23:59:59+08:00,2026-08-24T12:01:58.660286+00:00,https://media.i-sgcm.com/public/new-cars/pricelist/81/2025-11-07.pdf#page=1,SGCarMart archived authorised-dealer price list,Category A,BYD,Price-list page summary,PDF page 1,176888.0,201388.0,93000.0,True,6.0,mixed guaranteed and non-guaranteed packages,6000.0,FINANCE REBATE | • 2.28% Special interest rate,6000.0,"TRADE-IN REBATE | Price is after tinance, insurance, and trade-in rebates, applicable only to successtul applicants (e.a. $100,000 / 7-vear loan).",2000.0,,2025-11-09,"LIMITED-TIME ROADSHOW PROMOTIONS | Current Promotions & Year-Round Perks) | PROMOTION | Promotion, price and vehicle specifications are subject to change without prior notice.","LIMITED-TIME ROADSHOW PROMOTIONS | Current Promotions & Year-Round Perks) | PROMOTION | Promotion, price and vehicle specifications are subject to change without prior notice.",2025-11-06,2025-11-09,0.1993286350876504,SGD,"brand_category_pricelist_page_summary; explicit_page_label; price_count=25; price_range=159888.0-252888.0; finance_rate_pct=2.28; finance=FINANCE REBATE | • 2.28% Special interest rate; trade_in=TRADE-IN REBATE | Price is after tinance, insurance, and trade-in rebates, applicable only to successtul applicants (e.a. $100,000 / 7-vear loan).; sha256=1c291d15af5c27f320343c21f09ba265759a31711686349477c4ffdabfc13a3f; retrospective archive reconstruction; date-only available_at is conservatively set to end-of-day."
sgcm-81-2025-11-07-p2-a,2025-11-07T00:00:00+08:00,2025-11-07T23:59:59+08:00,2026-08-24T12:01:58.660286+00:00,https://media.i-sgcm.com/public/new-cars/pricelist/81/2025-11-07.pdf#page=2,SGCarMart archived authorised-dealer price list,Category A,BYD,Price-list page summary,PDF page 2,189388.0,176888.0,100000.0,True,6.0,mixed guaranteed and non-guaranteed packages,6000.0,"FINANCE REBATE | • 2.28% Special interest rate | Price is after finance, insurance, and trade-in rebates, applicable only to successful applicants (e.g. $100,000 / 7-year loan).",6000.0,"TRADE-IN REBATE | Price is after finance, insurance, and trade-in rebates, applicable only to successful applicants (e.g. $100,000 / 7-year loan).",2000.0,,2025-11-09,"LIMITED-TIME ROADSHOW PROMOTIONS | Current Promotions & Year-Round Perks) | PROMOTION | Promotion, price and vehicle specifications are subject to change without prior notice.","LIMITED-TIME ROADSHOW PROMOTIONS | Current Promotions & Year-Round Perks) | PROMOTION | Promotion, price and vehicle specifications are subject to change without prior notice.",2025-11-06,2025-11-09,0.1993286350876504,SGD,"brand_category_pricelist_page_summary; explicit_page_label; price_count=25; price_range=171888.0-267388.0; finance_rate_pct=2.28; finance=FINANCE REBATE | • 2.28% Special interest rate | Price is after finance, insurance, and trade-in rebates, applicable only to successful applicants (e.g. $100,000 / 7-year loan).; trade_in=TRADE-IN REBATE | Price is after finance, insurance, and trade-in rebates, applicable only to successful applicants (e.g. $100,000 / 7-year loan).; sha256=1c291d15af5c27f320343c21f09ba265759a31711686349477c4ffdabfc13a3f; retrospective archive reconstruction; date-only available_at is conservatively set to end-of-day."
sgcm-81-2025-11-21-p1-a,2025-11-21T00:00:00+08:00,2025-11-21T23:59:59+08:00,2026-08-24T12:02:36.554758+00:00,https://media.i-sgcm.com/public/new-cars/pricelist/81/2025-11-21.pdf#page=1,SGCarMart archived authorised-dealer price list,Category A,BYD,Price-list page summary,PDF page 1,175888.0,189388.0,99000.0,True,6.0,mixed guaranteed and non-guaranteed packages,6000.0,"FINANCE REBATE | • 2.28% Special interest rate | Price is after finance, insurance, and trade-in rebates, applicable only to successful applicants (e.g. $100,000 / 7-year loan).",6000.0,"TRADE-IN REBATE | Price is after finance, insurance, and trade-in rebates, applicable only to successful applicants (e.g. $100,000 / 7-year loan).",6000.0,,2025-12-03,"YEAR END PROMOTIONS | (Package prices are inclusive of all applicable Current Promotions & Year-Round Perks) | PROMOTION | Promotion, price and vehicle specifications are subject to change without prior notice.",,,,0.1993286350876504,SGD,"brand_category_pricelist_page_summary; explicit_page_label; price_count=25; price_range=158888.0-252888.0; finance_rate_pct=2.28; finance=FINANCE REBATE | • 2.28% Special interest rate | Price is after finance, insurance, and trade-in rebates, applicable only to successful applicants (e.g. $100,000 / 7-year loan).; trade_in=TRADE-IN REBATE | Price is after finance, insurance, and trade-in rebates, applicable only to successful applicants (e.g. $100,000 / 7-year loan).; sha256=f196ed9a1e7a317375bf19401c9ba2fe5b3fa69821d08649beddcce9aec7379d; retrospective archive reconstruction; date-only available_at is conservatively set to end-of-day."
sgcm-81-2025-11-21-p2-a,2025-11-21T00:00:00+08:00,2025-11-21T23:59:59+08:00,2026-08-24T12:02:36.554758+00:00,https://media.i-sgcm.com/public/new-cars/pricelist/81/2025-11-21.pdf#page=2,SGCarMart archived authorised-dealer price list,Category A,BYD,Price-list page summary,PDF page 2,188388.0,175888.0,96000.0,True,6.0,mixed guaranteed and non-guaranteed packages,6000.0,"FINANCE REBATE | • 2.28% Special interest rate | Price is after finance, insurance, and trade-in rebates, applicable only to successful applicants (e.g. $100,000 / 7-year loan).",6000.0,"TRADE-IN REBATE | Price is after finance, insurance, and trade-in rebates, applicable only to successful applicants (e.g. $100,000 / 7-year loan).",6000.0,,2025-12-03,"YEAR END PROMOTIONS | (Package prices are inclusive of all applicable Current Promotions & Year-Round Perks) | PROMOTION | Promotion, price and vehicle specifications are subject to change without prior notice.",,,,0.1993286350876504,SGD,"brand_category_pricelist_page_summary; explicit_page_label; price_count=25; price_range=170888.0-270388.0; finance_rate_pct=2.28; finance=FINANCE REBATE | • 2.28% Special interest rate | Price is after finance, insurance, and trade-in rebates, applicable only to successful applicants (e.g. $100,000 / 7-year loan).; trade_in=TRADE-IN REBATE | Price is after finance, insurance, and trade-in rebates, applicable only to successful applicants (e.g. $100,000 / 7-year loan).; sha256=f196ed9a1e7a317375bf19401c9ba2fe5b3fa69821d08649beddcce9aec7379d; retrospective archive reconstruction; date-only available_at is conservatively set to end-of-day."
sgcm-81-2025-12-05-p1-a,2025-12-05T00:00:00+08:00,2025-12-05T23:59:59+08:00,2026-08-24T12:03:15.040939+00:00,https://media.i-sgcm.com/public/new-cars/pricelist/81/2025-12-05.pdf#page=1,SGCarMart archived authorised-dealer price list,Category A,BYD,Price-list page summary,PDF page 1,171888.0,188388.0,97750.0,True,6.0,mixed guaranteed and non-guaranteed packages,6000.0,"FINANCE REBATE | 2.28% Special interest rate | Price is after finance, insurance, and trade-in rebates, applicable only to successful applicants (e.g. $100,000 / 7-year loan).",6000.0,"TRADE-IN REBATE | Price is after finance, insurance, and trade-in rebates, applicable only to successful applicants (e.g. $100,000 / 7-year loan).",10500.0,,2025-12-17,YEAR-END EXCLUSIVE X'MAS PROMOTIONS | (Package prices are inclusive of all applicable Current Promotions & Year-Round Perks) | PROMOTION,,,,0.207732456988208,SGD,"brand_category_pricelist_page_summary; explicit_page_label; price_count=25; price_range=155388.0-249388.0; finance_rate_pct=2.28; finance=FINANCE REBATE | 2.28% Special interest rate | Price is after finance, insurance, and trade-in rebates, applicable only to successful applicants (e.g. $100,000 / 7-year loan).; trade_in=TRADE-IN REBATE | Price is after finance, insurance, and trade-in rebates, applicable only to successful applicants (e.g. $100,000 / 7-year loan).; sha256=940d08067dfa8794a4342e0424ce0a32765059348d53cd6ceda6dc8abdf331a6; retrospective archive reconstruction; date-only available_at is conservatively set to end-of-day."
sgcm-81-2025-12-05-p2-a,2025-12-05T00:00:00+08:00,2025-12-05T23:59:59+08:00,2026-08-24T12:03:15.040939+00:00,https://media.i-sgcm.com/public/new-cars/pricelist/81/2025-12-05.pdf#page=2,SGCarMart archived authorised-dealer price list,Category A,BYD,Price-list page summary,PDF page 2,184888.0,171888.0,94250.0,True,6.0,mixed guaranteed and non-guaranteed packages,6000.0,"FINANCE REBATE | 2.28% Special interest rate | Price is after finance, insurance, and trade-in rebates, applicable only to successful applicants (e.g. $100,000 / 7-year loan).",6000.0,"TRADE-IN REBATE | Price is after finance, insurance, and trade-in rebates, applicable only to successful applicants (e.g. $100,000 / 7-year loan).",6000.0,,2025-12-17,"YEAR-END EXCLUSIVE X'MAS PROMOTIONS | (Package prices are inclusive of all applicable Current Promotions & Year-Round Perks) | PROMOTION | Promotion, price and vehicle specifications are subject to change without prior notice.",,,,0.207732456988208,SGD,"brand_category_pricelist_page_summary; explicit_page_label; price_count=25; price_range=167388.0-266888.0; finance_rate_pct=2.28; finance=FINANCE REBATE | 2.28% Special interest rate | Price is after finance, insurance, and trade-in rebates, applicable only to successful applicants (e.g. $100,000 / 7-year loan).; trade_in=TRADE-IN REBATE | Price is after finance, insurance, and trade-in rebates, applicable only to successful applicants (e.g. $100,000 / 7-year loan).; sha256=940d08067dfa8794a4342e0424ce0a32765059348d53cd6ceda6dc8abdf331a6; retrospective archive reconstruction; date-only available_at is conservatively set to end-of-day."
sgcm-81-2025-12-08-p1-a,2025-12-08T00:00:00+08:00,2025-12-08T23:59:59+08:00,2026-08-24T12:03:25.930628+00:00,https://media.i-sgcm.com/public/new-cars/pricelist/81/2025-12-08.pdf#page=1,SGCarMart archived authorised-dealer price list,Category A,BYD,Price-list page summary,PDF page 1,171888.0,184888.0,97750.0,True,6.0,mixed guaranteed and non-guaranteed packages,6000.0,"FINANCE REBATE | 2.28% Special interest rate | Price is after finance, insurance, and trade-in rebates, applicable only to successful applicants (e.g. $100,000 / 7-year loan).",6000.0,"TRADE-IN REBATE | Price is after finance, insurance, and trade-in rebates, applicable only to successful applicants (e.g. $100,000 / 7-year loan).",10500.0,,2025-12-17,YEAR-END EXCLUSIVE X'MAS PROMOTIONS | (Package prices are inclusive of all applicable Current Promotions & Year-Round Perks) | PROMOTION,,,,0.207732456988208,SGD,"brand_category_pricelist_page_summary; explicit_page_label; price_count=25; price_range=155388.0-249388.0; finance_rate_pct=2.28; finance=FINANCE REBATE | 2.28% Special interest rate | Price is after finance, insurance, and trade-in rebates, applicable only to successful applicants (e.g. $100,000 / 7-year loan).; trade_in=TRADE-IN REBATE | Price is after finance, insurance, and trade-in rebates, applicable only to successful applicants (e.g. $100,000 / 7-year loan).; sha256=076180eaeb259203cabdda17469a1e01f2cccca4cdc77d572ae92cccbce77f7b; retrospective archive reconstruction; date-only available_at is conservatively set to end-of-day."
sgcm-81-2025-12-08-p2-a,2025-12-08T00:00:00+08:00,2025-12-08T23:59:59+08:00,2026-08-24T12:03:25.930628+00:00,https://media.i-sgcm.com/public/new-cars/pricelist/81/2025-12-08.pdf#page=2,SGCarMart archived authorised-dealer price list,Category A,BYD,Price-list page summary,PDF page 2,184888.0,171888.0,94250.0,True,6.0,mixed guaranteed and non-guaranteed packages,6000.0,"FINANCE REBATE | 2.28% Special interest rate | Price is after finance, insurance, and trade-in rebates, applicable only to successful applicants (e.g. $100,000 / 7-year loan).",6000.0,"TRADE-IN REBATE | Price is after finance, insurance, and trade-in rebates, applicable only to successful applicants (e.g. $100,000 / 7-year loan).",6000.0,,2025-12-17,"YEAR-END EXCLUSIVE X'MAS PROMOTIONS | (Package prices are inclusive of all applicable Current Promotions & Year-Round Perks) | PROMOTION | Promotion, price and vehicle specifications are subject to change without prior notice.",,,,0.207732456988208,SGD,"brand_category_pricelist_page_summary; explicit_page_label; price_count=25; price_range=167388.0-266888.0; finance_rate_pct=2.28; finance=FINANCE REBATE | 2.28% Special interest rate | Price is after finance, insurance, and trade-in rebates, applicable only to successful applicants (e.g. $100,000 / 7-year loan).; trade_in=TRADE-IN REBATE | Price is after finance, insurance, and trade-in rebates, applicable only to successful applicants (e.g. $100,000 / 7-year loan).; sha256=076180eaeb259203cabdda17469a1e01f2cccca4cdc77d572ae92cccbce77f7b; retrospective archive reconstruction; date-only available_at is conservatively set to end-of-day."
sgcm-81-2025-12-19-p1-a,2025-12-19T00:00:00+08:00,2025-12-19T23:59:59+08:00,2026-08-24T12:04:03.711478+00:00,https://media.i-sgcm.com/public/new-cars/pricelist/81/2025-12-19.pdf#page=1,SGCarMart archived authorised-dealer price list,Category A,BYD,Price-list page summary,PDF page 1,179388.0,184888.0,99500.0,True,6.0,mixed guaranteed and non-guaranteed packages,6000.0,"FINANCE REBATE | 2.28% Special interest rate | Price is after finance, insurance, and trade-in rebates, applicable only to successful applicants (e.g. $100,000 / 7-year loan).",6000.0,"TRADE-IN REBATE | Price is after finance, insurance, and trade-in rebates, applicable only to successful applicants (e.g. $100,000 / 7-year loan).",2000.0,,2026-01-07,"(Package prices are inclusive of all applicable Current Promotions & Year-Round Perks) | LIMITED-TIME PROMOTIONS | PROMOTION | Promotion, price and vehicle specifications are subject to change without prior notice.",,,,0.207732456988208,SGD,"brand_category_pricelist_page_summary; explicit_page_label; price_count=25; price_range=159388.0-258388.0; finance_rate_pct=2.28; finance=FINANCE REBATE | 2.28% Special interest rate | Price is after finance, insurance, and trade-in rebates, applicable only to successful applicants (e.g. $100,000 / 7-year loan).; trade_in=TRADE-IN REBATE | Price is after finance, insurance, and trade-in rebates, applicable only to successful applicants (e.g. $100,000 / 7-year loan).; sha256=568f701c5b61df3f9daa1867cea5e77fce5684697d09edfb02cf27ac4b7d01d2; retrospective archive reconstruction; date-only available_at is conservatively set to end-of-day."
sgcm-81-2025-12-19-p2-a,2025-12-19T00:00:00+08:00,2025-12-19T23:59:59+08:00,2026-08-24T12:04:03.711478+00:00,https://media.i-sgcm.com/public/new-cars/pricelist/81/2025-12-19.pdf#page=2,SGCarMart archived authorised-dealer price list,Category A,BYD,Price-list page summary,PDF page 2,194888.0,179388.0,99500.0,True,6.0,mixed guaranteed and non-guaranteed packages,6000.0,"FINANCE REBATE | 2.28% Special interest rate | Price is after finance, insurance, and trade-in rebates, applicable only to successful applicants (e.g. $100,000 / 7-year loan).",6000.0,"TRADE-IN REBATE | Price is after finance, insurance, and trade-in rebates, applicable only to successful applicants (e.g. $100,000 / 7-year loan).",2000.0,,2026-01-07,"(Package prices are inclusive of all applicable Current Promotions & Year-Round Perks) | LIMITED-TIME PROMOTIONS | PROMOTION | Promotion, price and vehicle specifications are subject to change without prior notice.",,,,0.207732456988208,SGD,"brand_category_pricelist_page_summary; explicit_page_label; price_count=25; price_range=171388.0-280888.0; finance_rate_pct=2.28; finance=FINANCE REBATE | 2.28% Special interest rate | Price is after finance, insurance, and trade-in rebates, applicable only to successful applicants (e.g. $100,000 / 7-year loan).; trade_in=TRADE-IN REBATE | Price is after finance, insurance, and trade-in rebates, applicable only to successful applicants (e.g. $100,000 / 7-year loan).; sha256=568f701c5b61df3f9daa1867cea5e77fce5684697d09edfb02cf27ac4b7d01d2; retrospective archive reconstruction; date-only available_at is conservatively set to end-of-day."
sgcm-81-2025-12-22-p1-a,2025-12-22T00:00:00+08:00,2025-12-22T23:59:59+08:00,2026-08-24T12:04:09.184823+00:00,https://media.i-sgcm.com/public/new-cars/pricelist/81/2025-12-22.pdf#page=1,SGCarMart archived authorised-dealer price list,Category A,BYD,Price-list page summary,PDF page 1,179888.0,194888.0,99500.0,True,6.0,mixed guaranteed and non-guaranteed packages,6000.0,"FINANCE REBATE | 2.28% Special interest rate | Price is after finance, insurance, and trade-in rebates, applicable only to successful applicants (e.g. $100,000 / 7-year loan).",6000.0,"TRADE-IN REBATE | Price is after finance, insurance, and trade-in rebates, applicable only to successful applicants (e.g. $100,000 / 7-year loan).",10000.0,,2026-01-07,"YEAR-END ROADSHOW PROMOTIONS | (Package prices are inclusive of all applicable Current Promotions & Year-Round Perks) | PROMOTION | Promotion, price and vehicle specifications are subject to change without prior notice.","YEAR-END ROADSHOW PROMOTIONS | (Package prices are inclusive of all applicable Current Promotions & Year-Round Perks) | PROMOTION | Promotion, price and vehicle specifications are subject to change without prior notice.",2025-12-20,2026-01-07,0.207732456988208,SGD,"brand_category_pricelist_page_summary; explicit_page_label; price_count=25; price_range=159388.0-258888.0; finance_rate_pct=2.28; finance=FINANCE REBATE | 2.28% Special interest rate | Price is after finance, insurance, and trade-in rebates, applicable only to successful applicants (e.g. $100,000 / 7-year loan).; trade_in=TRADE-IN REBATE | Price is after finance, insurance, and trade-in rebates, applicable only to successful applicants (e.g. $100,000 / 7-year loan).; sha256=47fd872029e71fced71cca178b96e2764a8060770fc714e793935a33bdcf0a03; retrospective archive reconstruction; date-only available_at is conservatively set to end-of-day."
sgcm-81-2025-12-22-p2-a,2025-12-22T00:00:00+08:00,2025-12-22T23:59:59+08:00,2026-08-24T12:04:09.184823+00:00,https://media.i-sgcm.com/public/new-cars/pricelist/81/2025-12-22.pdf#page=2,SGCarMart archived authorised-dealer price list,Category A,BYD,Price-list page summary,PDF page 2,194888.0,179888.0,99500.0,True,6.0,mixed guaranteed and non-guaranteed packages,6000.0,"FINANCE REBATE | 2.28% Special interest rate | Price is after finance, insurance, and trade-in rebates, applicable only to successful applicants (e.g. $100,000 / 7-year loan).",6000.0,"TRADE-IN REBATE | Price is after finance, insurance, and trade-in rebates, applicable only to successful applicants (e.g. $100,000 / 7-year loan).",9000.0,,2026-01-07,"YEAR-END ROADSHOW PROMOTIONS | (Package prices are inclusive of all applicable Current Promotions & Year-Round Perks) | PROMOTION | Promotion, price and vehicle specifications are subject to change without prior notice.","YEAR-END ROADSHOW PROMOTIONS | (Package prices are inclusive of all applicable Current Promotions & Year-Round Perks) | PROMOTION | Promotion, price and vehicle specifications are subject to change without prior notice.",2025-12-20,2026-01-07,0.207732456988208,SGD,"brand_category_pricelist_page_summary; explicit_page_label; price_count=25; price_range=171388.0-280888.0; finance_rate_pct=2.28; finance=FINANCE REBATE | 2.28% Special interest rate | Price is after finance, insurance, and trade-in rebates, applicable only to successful applicants (e.g. $100,000 / 7-year loan).; trade_in=TRADE-IN REBATE | Price is after finance, insurance, and trade-in rebates, applicable only to successful applicants (e.g. $100,000 / 7-year loan).; sha256=47fd872029e71fced71cca178b96e2764a8060770fc714e793935a33bdcf0a03; retrospective archive reconstruction; date-only available_at is conservatively set to end-of-day."
sgcm-81-2026-01-09-p1-a,2026-01-09T00:00:00+08:00,2026-01-09T23:59:59+08:00,2026-08-24T12:04:47.014736+00:00,https://media.i-sgcm.com/public/new-cars/pricelist/81/2026-01-09.pdf#page=1,SGCarMart archived authorised-dealer price list,Category A,BYD,Price-list page summary,PDF page 1,168888.0,194888.0,92000.0,True,6.0,mixed guaranteed and non-guaranteed packages,6000.0,"• From 2.08% Low Interest Rate | FINANCE REBATE | Price is after finance, insurance, and trade-in rebates, applicable only to successful applicants (e.g. $100,000 / 7-year loan).",6000.0,"TRADE-IN REBATE | Price is after finance, insurance, and trade-in rebates, applicable only to successful applicants (e.g. $100,000 / 7-year loan).",2000.0,,2026-01-11,"(Package prices are inclusive of all applicable Current Promotions & Year-Round Perks) | | PROMOTION | Promotion, price and vehicle specifications are subject to change without prior notice.",,,,0.2123087436880671,SGD,"brand_category_pricelist_page_summary; explicit_page_label; price_count=25; price_range=143888.0-242888.0; finance_rate_pct=nan; finance=• From 2.08% Low Interest Rate | FINANCE REBATE | Price is after finance, insurance, and trade-in rebates, applicable only to successful applicants (e.g. $100,000 / 7-year loan).; trade_in=TRADE-IN REBATE | Price is after finance, insurance, and trade-in rebates, applicable only to successful applicants (e.g. $100,000 / 7-year loan).; sha256=2d19f4df5b0e27e9d429ec8f452d1818364041f0dcf2cbfc9481a6e4d4266022; retrospective archive reconstruction; date-only available_at is conservatively set to end-of-day."
sgcm-81-2026-01-09-p2-a,2026-01-09T00:00:00+08:00,2026-01-09T23:59:59+08:00,2026-08-24T12:04:47.014736+00:00,https://media.i-sgcm.com/public/new-cars/pricelist/81/2026-01-09.pdf#page=2,SGCarMart archived authorised-dealer price list,Category A,BYD,Price-list page summary,PDF page 2,181888.0,168888.0,92000.0,True,6.0,mixed guaranteed and non-guaranteed packages,6000.0,"• From 2.08% Low Interest Rate | FINANCE REBATE | Price is after finance, insurance, and trade-in rebates, applicable only to successful applicants (e.g. $100,000 / 7-year loan).",6000.0,"TRADE-IN REBATE | Price is after finance, insurance, and trade-in rebates, applicable only to successful applicants (e.g. $100,000 / 7-year loan).",2000.0,,2026-01-11,"(Package prices are inclusive of all applicable Current Promotions & Year-Round Perks) | | PROMOTION | Promotion, price and vehicle specifications are subject to change without prior notice.",,,,0.2123087436880671,SGD,"brand_category_pricelist_page_summary; explicit_page_label; price_count=25; price_range=161888.0-256888.0; finance_rate_pct=nan; finance=• From 2.08% Low Interest Rate | FINANCE REBATE | Price is after finance, insurance, and trade-in rebates, applicable only to successful applicants (e.g. $100,000 / 7-year loan).; trade_in=TRADE-IN REBATE | Price is after finance, insurance, and trade-in rebates, applicable only to successful applicants (e.g. $100,000 / 7-year loan).; sha256=2d19f4df5b0e27e9d429ec8f452d1818364041f0dcf2cbfc9481a6e4d4266022; retrospective archive reconstruction; date-only available_at is conservatively set to end-of-day."
sgcm-81-2026-01-12-p1-a,2026-01-12T00:00:00+08:00,2026-01-12T23:59:59+08:00,2026-08-24T12:04:52.481538+00:00,https://media.i-sgcm.com/public/new-cars/pricelist/81/2026-01-12.pdf#page=1,SGCarMart archived authorised-dealer price list,Category A,BYD,Price-list page summary,PDF page 1,168888.0,181888.0,92000.0,True,6.0,mixed guaranteed and non-guaranteed packages,6000.0,"FINANCE REBATE | From 2.08% Low Interest Rate | Price is after finance, insurance, and trade-in rebates, applicable only to successful applicants (e.g. $100,000 / 7-year loan).",6000.0,"TRADE-IN REBATE | Price is after finance, insurance, and trade-in rebates, applicable only to successful applicants (e.g. $100,000 / 7-year loan).",2000.0,,,"EXTENDED MOTORSHOW PROMOTIONS | (Package prices are inclusive of all applicable Current Promotions & Year-Round Perks) | | PROMOTION | Promotion, price and vehicle specifications are subject to change without prior notice.",,,,0.2123087436880671,SGD,"brand_category_pricelist_page_summary; explicit_page_label; price_count=25; price_range=143888.0-242888.0; finance_rate_pct=2.08; finance=FINANCE REBATE | From 2.08% Low Interest Rate | Price is after finance, insurance, and trade-in rebates, applicable only to successful applicants (e.g. $100,000 / 7-year loan).; trade_in=TRADE-IN REBATE | Price is after finance, insurance, and trade-in rebates, applicable only to successful applicants (e.g. $100,000 / 7-year loan).; sha256=d3e0b7a6f50f75d8019ee5650030b265a448b02c76f3cb254b0975dde071c076; retrospective archive reconstruction; date-only available_at is conservatively set to end-of-day."
sgcm-81-2026-01-12-p2-a,2026-01-12T00:00:00+08:00,2026-01-12T23:59:59+08:00,2026-08-24T12:04:52.481538+00:00,https://media.i-sgcm.com/public/new-cars/pricelist/81/2026-01-12.pdf#page=2,SGCarMart archived authorised-dealer price list,Category A,BYD,Price-list page summary,PDF page 2,181888.0,168888.0,92000.0,True,6.0,mixed guaranteed and non-guaranteed packages,6000.0,"FINANCE REBATE | From 2.08% Low Interest Rate | Price is after finance, insurance, and trade-in rebates, applicable only to successful applicants (e.g. $100,000 / 7-year loan).",6000.0,"TRADE-IN REBATE | Price is after finance, insurance, and trade-in rebates, applicable only to successful applicants (e.g. $100,000 / 7-year loan).",2000.0,,,"EXTENDED MOTORSHOW PROMOTIONS | (Package prices are inclusive of all applicable Current Promotions & Year-Round Perks) | | PROMOTION | Promotion, price and vehicle specifications are subject to change without prior notice.",,,,0.2123087436880671,SGD,"brand_category_pricelist_page_summary; explicit_page_label; price_count=25; price_range=161888.0-264888.0; finance_rate_pct=2.08; finance=FINANCE REBATE | From 2.08% Low Interest Rate | Price is after finance, insurance, and trade-in rebates, applicable only to successful applicants (e.g. $100,000 / 7-year loan).; trade_in=TRADE-IN REBATE | Price is after finance, insurance, and trade-in rebates, applicable only to successful applicants (e.g. $100,000 / 7-year loan).; sha256=d3e0b7a6f50f75d8019ee5650030b265a448b02c76f3cb254b0975dde071c076; retrospective archive reconstruction; date-only available_at is conservatively set to end-of-day."
sgcm-81-2026-01-23-p1-a,2026-01-23T00:00:00+08:00,2026-01-23T23:59:59+08:00,2026-08-24T12:05:25.841310+00:00,https://media.i-sgcm.com/public/new-cars/pricelist/81/2026-01-23.pdf#page=1,SGCarMart archived authorised-dealer price list,Category A,BYD,Price-list page summary,PDF page 1,176388.0,181888.0,100000.0,True,6.0,mixed guaranteed and non-guaranteed packages,6000.0,"FINANCE REBATE | 2.28% Attractive Interest Rate | Price is after finance, insurance, and trade-in rebates, applicable only to successful applicants (e.g. $100,000 / 7-year loan).",6000.0,"TRADE-IN REBATE | Price is after finance, insurance, and trade-in rebates, applicable only to successful applicants (e.g. $100,000 / 7-year loan).",2000.0,,2026-02-04,"(Package prices are inclusive of all applicable Current Promotions & Year-Round Perks) | | PROMOTION | Promotion, price and vehicle specifications are subject to change without prior notice.",,,,0.2123087436880671,SGD,"brand_category_pricelist_page_summary; explicit_page_label; price_count=25; price_range=149888.0-250388.0; finance_rate_pct=2.28; finance=FINANCE REBATE | 2.28% Attractive Interest Rate | Price is after finance, insurance, and trade-in rebates, applicable only to successful applicants (e.g. $100,000 / 7-year loan).; trade_in=TRADE-IN REBATE | Price is after finance, insurance, and trade-in rebates, applicable only to successful applicants (e.g. $100,000 / 7-year loan).; sha256=91f15433ce6957a69dfccceb0a724ca45759dfdd1c2b5f8f7355c7eb0fef7cf3; retrospective archive reconstruction; date-only available_at is conservatively set to end-of-day."
sgcm-81-2026-01-23-p2-a,2026-01-23T00:00:00+08:00,2026-01-23T23:59:59+08:00,2026-08-24T12:05:25.841310+00:00,https://media.i-sgcm.com/public/new-cars/pricelist/81/2026-01-23.pdf#page=2,SGCarMart archived authorised-dealer price list,Category A,BYD,Price-list page summary,PDF page 2,189388.0,176388.0,100000.0,True,6.0,mixed guaranteed and non-guaranteed packages,6000.0,"FINANCE REBATE | 2.28% Attractive Interest Rate | Price is after finance, insurance, and trade-in rebates, applicable only to successful applicants (e.g. $100,000 / 7-year loan).",6000.0,"TRADE-IN REBATE | Price is after finance, insurance, and trade-in rebates, applicable only to successful applicants (e.g. $100,000 / 7-year loan).",2000.0,,2026-02-04,"(Package prices are inclusive of all applicable Current Promotions & Year-Round Perks) | | PROMOTION | Promotion, price and vehicle specifications are subject to change without prior notice.",,,,0.2123087436880671,SGD,"brand_category_pricelist_page_summary; explicit_page_label; price_count=25; price_range=169388.0-272888.0; finance_rate_pct=2.28; finance=FINANCE REBATE | 2.28% Attractive Interest Rate | Price is after finance, insurance, and trade-in rebates, applicable only to successful applicants (e.g. $100,000 / 7-year loan).; trade_in=TRADE-IN REBATE | Price is after finance, insurance, and trade-in rebates, applicable only to successful applicants (e.g. $100,000 / 7-year loan).; sha256=91f15433ce6957a69dfccceb0a724ca45759dfdd1c2b5f8f7355c7eb0fef7cf3; retrospective archive reconstruction; date-only available_at is conservatively set to end-of-day."
sgcm-81-2026-01-28-p1-a,2026-01-28T00:00:00+08:00,2026-01-28T23:59:59+08:00,2026-08-24T12:05:36.568815+00:00,https://media.i-sgcm.com/public/new-cars/pricelist/81/2026-01-28.pdf#page=1,SGCarMart archived authorised-dealer price list,Category A,BYD,Price-list page summary,PDF page 1,176388.0,189388.0,100000.0,True,6.0,mixed guaranteed and non-guaranteed packages,6000.0,"FINANCE REBATE | 2.28% Attractive Interest Rate | Price is after finance, insurance, and trade-in rebates, applicable only to successful applicants (e.g. $100,000 / 7-year loan).",6000.0,"TRADE-IN REBATE | Price is after finance, insurance, and trade-in rebates, applicable only to successful applicants (e.g. $100,000 / 7-year loan).",2000.0,,2026-02-04,"(Package prices are inclusive of all applicable Current Promotions & Year-Round Perks) | | PROMOTION | Promotion, price and vehicle specifications are subject to change without prior notice.",,,,0.2123087436880671,SGD,"brand_category_pricelist_page_summary; explicit_page_label; price_count=25; price_range=149888.0-250388.0; finance_rate_pct=2.28; finance=FINANCE REBATE | 2.28% Attractive Interest Rate | Price is after finance, insurance, and trade-in rebates, applicable only to successful applicants (e.g. $100,000 / 7-year loan).; trade_in=TRADE-IN REBATE | Price is after finance, insurance, and trade-in rebates, applicable only to successful applicants (e.g. $100,000 / 7-year loan).; sha256=8482300c7c56d1d1e2a539a3cba4b4ad52ee385541effc5934754e6b148ea812; retrospective archive reconstruction; date-only available_at is conservatively set to end-of-day."
sgcm-81-2026-01-28-p2-a,2026-01-28T00:00:00+08:00,2026-01-28T23:59:59+08:00,2026-08-24T12:05:36.568815+00:00,https://media.i-sgcm.com/public/new-cars/pricelist/81/2026-01-28.pdf#page=2,SGCarMart archived authorised-dealer price list,Category A,BYD,Price-list page summary,PDF page 2,189388.0,176388.0,100000.0,True,6.0,mixed guaranteed and non-guaranteed packages,6000.0,"FINANCE REBATE | 2.28% Attractive Interest Rate | Price is after finance, insurance, and trade-in rebates, applicable only to successful applicants (e.g. $100,000 / 7-year loan).",6000.0,"TRADE-IN REBATE | Price is after finance, insurance, and trade-in rebates, applicable only to successful applicants (e.g. $100,000 / 7-year loan).",2000.0,,2026-02-04,"(Package prices are inclusive of all applicable Current Promotions & Year-Round Perks) | | PROMOTION | Promotion, price and vehicle specifications are subject to change without prior notice.",,,,0.2123087436880671,SGD,"brand_category_pricelist_page_summary; explicit_page_label; price_count=25; price_range=169388.0-269888.0; finance_rate_pct=2.28; finance=FINANCE REBATE | 2.28% Attractive Interest Rate | Price is after finance, insurance, and trade-in rebates, applicable only to successful applicants (e.g. $100,000 / 7-year loan).; trade_in=TRADE-IN REBATE | Price is after finance, insurance, and trade-in rebates, applicable only to successful applicants (e.g. $100,000 / 7-year loan).; sha256=8482300c7c56d1d1e2a539a3cba4b4ad52ee385541effc5934754e6b148ea812; retrospective archive reconstruction; date-only available_at is conservatively set to end-of-day."
sgcm-81-2026-02-06-p1-a,2026-02-06T00:00:00+08:00,2026-02-06T23:59:59+08:00,2026-08-24T12:06:08.840133+00:00,https://media.i-sgcm.com/public/new-cars/pricelist/81/2026-02-06.pdf#page=1,SGCarMart archived authorised-dealer price list,Category A,BYD,Price-list page summary,PDF page 1,173888.0,189388.0,96000.0,True,6.0,mixed guaranteed and non-guaranteed packages,6000.0,"FINANCE REBATE | Price is after finance, insurance, and trade-in rebates, applicable only to successful applicants (e.g. $100,000 / 7-year loan).",6000.0,"TRADE-IN REBATE | Price is after finance, insurance, and trade-in rebates, applicable only to successful applicants (e.g. $100,000 / 7-year loan).",2000.0,,2026-02-20,"PROMOTION | Promotions & Year-Round Perks) | Promotion, price and vehicle specifications are subject to change without prior notice.",,,,0.217897900112461,SGD,"brand_category_pricelist_page_summary; explicit_page_label; price_count=25; price_range=148388.0-247888.0; finance_rate_pct=nan; finance=FINANCE REBATE | Price is after finance, insurance, and trade-in rebates, applicable only to successful applicants (e.g. $100,000 / 7-year loan).; trade_in=TRADE-IN REBATE | Price is after finance, insurance, and trade-in rebates, applicable only to successful applicants (e.g. $100,000 / 7-year loan).; sha256=7a84bcb0df525c1343f806ad232ae280d7b9f54b57ac8bcf43ce4badb1b93398; retrospective archive reconstruction; date-only available_at is conservatively set to end-of-day."
sgcm-81-2026-02-06-p2-a,2026-02-06T00:00:00+08:00,2026-02-06T23:59:59+08:00,2026-08-24T12:06:08.840133+00:00,https://media.i-sgcm.com/public/new-cars/pricelist/81/2026-02-06.pdf#page=2,SGCarMart archived authorised-dealer price list,Category A,BYD,Price-list page summary,PDF page 2,186388.0,173888.0,96000.0,True,6.0,mixed guaranteed and non-guaranteed packages,6000.0,"FINANCE REBATE | Interest Rates | Price is after finance, insurance, and trade-in rebates, applicable only to successful applicants (e.q. $100,000 / 7-year loan).",6000.0,"TRADE-IN REBATE | Price is after finance, insurance, and trade-in rebates, applicable only to successful applicants (e.q. $100,000 / 7-year loan).",2000.0,,2026-02-20,"PROMOTION | Promotions & Year-Round Perks) | Promotion, price and vehicle specifications are subject to change without prior notice.",,,,0.217897900112461,SGD,"brand_category_pricelist_page_summary; explicit_page_label; price_count=25; price_range=166388.0-269888.0; finance_rate_pct=nan; finance=FINANCE REBATE | Interest Rates | Price is after finance, insurance, and trade-in rebates, applicable only to successful applicants (e.q. $100,000 / 7-year loan).; trade_in=TRADE-IN REBATE | Price is after finance, insurance, and trade-in rebates, applicable only to successful applicants (e.q. $100,000 / 7-year loan).; sha256=7a84bcb0df525c1343f806ad232ae280d7b9f54b57ac8bcf43ce4badb1b93398; retrospective archive reconstruction; date-only available_at is conservatively set to end-of-day."
sgcm-81-2026-02-09-p1-a,2026-02-09T00:00:00+08:00,2026-02-09T23:59:59+08:00,2026-08-24T12:06:14.340359+00:00,https://media.i-sgcm.com/public/new-cars/pricelist/81/2026-02-09.pdf#page=1,SGCarMart archived authorised-dealer price list,Category A,BYD,Price-list page summary,PDF page 1,173888.0,186388.0,96000.0,True,6.0,mixed guaranteed and non-guaranteed packages,6000.0,"FINANCE REBATE | Price is after finance, insurance, and trade-in rebates, applicable only to successful applicants (e.g. $100,000 / 7-year loan).",6000.0,"TRADE-IN REBATE | Price is after finance, insurance, and trade-in rebates, applicable only to successful applicants (e.g. $100,000 / 7-year loan).",2000.0,,2026-02-20,"PROMOTION | Promotions & Yeal-Round Perks) | Promotion, price and vehicle specifications are subject to change without prior notice.",,,,0.217897900112461,SGD,"brand_category_pricelist_page_summary; explicit_page_label; price_count=25; price_range=148388.0-247888.0; finance_rate_pct=nan; finance=FINANCE REBATE | Price is after finance, insurance, and trade-in rebates, applicable only to successful applicants (e.g. $100,000 / 7-year loan).; trade_in=TRADE-IN REBATE | Price is after finance, insurance, and trade-in rebates, applicable only to successful applicants (e.g. $100,000 / 7-year loan).; sha256=818611970fdc2693c39a52423465a6e85d7da6f2607eb4c15f2da1a92f6f4705; retrospective archive reconstruction; date-only available_at is conservatively set to end-of-day."
sgcm-81-2026-02-09-p2-a,2026-02-09T00:00:00+08:00,2026-02-09T23:59:59+08:00,2026-08-24T12:06:14.340359+00:00,https://media.i-sgcm.com/public/new-cars/pricelist/81/2026-02-09.pdf#page=2,SGCarMart archived authorised-dealer price list,Category A,BYD,Price-list page summary,PDF page 2,186388.0,173888.0,96000.0,True,6.0,mixed guaranteed and non-guaranteed packages,6000.0,"FINANCE REBATE | Interest Rates | Price is after finance, insurance, and trade-in rebates, applicable only to successful applicants (e.q. $100,000 / 7-year loan).",6000.0,"TRADE-IN REBATE | Price is after finance, insurance, and trade-in rebates, applicable only to successful applicants (e.q. $100,000 / 7-year loan).",2000.0,,2026-02-20,"PROMOTION | Promotions & Yeal-Round Perks) | Promotion, price and vehicle specifications are subject to change without prior notice.",,,,0.217897900112461,SGD,"brand_category_pricelist_page_summary; explicit_page_label; price_count=25; price_range=166388.0-266888.0; finance_rate_pct=nan; finance=FINANCE REBATE | Interest Rates | Price is after finance, insurance, and trade-in rebates, applicable only to successful applicants (e.q. $100,000 / 7-year loan).; trade_in=TRADE-IN REBATE | Price is after finance, insurance, and trade-in rebates, applicable only to successful applicants (e.q. $100,000 / 7-year loan).; sha256=818611970fdc2693c39a52423465a6e85d7da6f2607eb4c15f2da1a92f6f4705; retrospective archive reconstruction; date-only available_at is conservatively set to end-of-day."
sgcm-81-2026-02-24-p2-a,2026-02-24T00:00:00+08:00,2026-02-24T23:59:59+08:00,2026-08-24T12:06:46.635661+00:00,https://media.i-sgcm.com/public/new-cars/pricelist/81/2026-02-24.pdf#page=2,SGCarMart archived authorised-dealer price list,Category A,BYD,Price-list page summary,PDF page 2,187888.0,186388.0,87000.0,True,6.0,mixed guaranteed and non-guaranteed packages,6000.0,FINANCE REBATE,6000.0,"TRADE-IN REBATE | Price is alter tinance, insurance, and trade-in rebates, applicable only to successtul applicants (e.g. 5100,000 / 7-year loan).",2000.0,,2026-03-04,"PROMOTION | (Package prices are inclusive of all applicable Current Promotions & Year- | Promotion, price and vehicle specifications are subject to change without prior notice.",,,,0.217897900112461,SGD,"brand_category_pricelist_page_summary; explicit_page_label; price_count=25; price_range=168388.0-266888.0; finance_rate_pct=nan; finance=FINANCE REBATE; trade_in=TRADE-IN REBATE | Price is alter tinance, insurance, and trade-in rebates, applicable only to successtul applicants (e.g. 5100,000 / 7-year loan).; sha256=1420815fcbb3e28a0d3955f8e55f76200a73d6b37ccbae957df6661a8df45902; retrospective archive reconstruction; date-only available_at is conservatively set to end-of-day."
sgcm-81-2026-03-06-p1-a,2026-03-06T00:00:00+08:00,2026-03-06T23:59:59+08:00,2026-08-24T12:07:13.493603+00:00,https://media.i-sgcm.com/public/new-cars/pricelist/81/2026-03-06.pdf#page=1,SGCarMart archived authorised-dealer price list,Category A,BYD,Price-list page summary,PDF page 1,168388.0,187888.0,98000.0,True,6.0,mixed guaranteed and non-guaranteed packages,6000.0,"FINANCE REBATE | Price is after finance, insurance, and trade-in rebates, applicable only to successful applicants (e.g. $100,000 / 7-year loan).",6000.0,"TRADE-IN REBATE | Price is after finance, insurance, and trade-in rebates, applicable only to successful applicants (e.g. $100,000 / 7-year loan).",2000.0,,2026-03-18,"PROMOTION | Promotions & Yeal-Round Perks) | Promotion, price and vehicle specifications are subject to change without prior notice.",,,,0.2189810557292624,SGD,"brand_category_pricelist_page_summary; explicit_page_label; price_count=25; price_range=152388.0-240888.0; finance_rate_pct=nan; finance=FINANCE REBATE | Price is after finance, insurance, and trade-in rebates, applicable only to successful applicants (e.g. $100,000 / 7-year loan).; trade_in=TRADE-IN REBATE | Price is after finance, insurance, and trade-in rebates, applicable only to successful applicants (e.g. $100,000 / 7-year loan).; sha256=c2de530112191343da5331276b410cdb0db01dbeb39641262ce38d2a869db687; retrospective archive reconstruction; date-only available_at is conservatively set to end-of-day."
sgcm-81-2026-03-06-p2-a,2026-03-06T00:00:00+08:00,2026-03-06T23:59:59+08:00,2026-08-24T12:07:13.493603+00:00,https://media.i-sgcm.com/public/new-cars/pricelist/81/2026-03-06.pdf#page=2,SGCarMart archived authorised-dealer price list,Category A,BYD,Price-list page summary,PDF page 2,188388.0,168388.0,98000.0,True,6.0,mixed guaranteed and non-guaranteed packages,6000.0,"FINANCE REBATE | Price is after finance, insurance, and trade-in rebates, applicable only to successful applicants (e.q. $100,000 / 7-year loan).",6000.0,"TRADE-IN REBATE | Price is after finance, insurance, and trade-in rebates, applicable only to successful applicants (e.q. $100,000 / 7-year loan).",2000.0,,2026-03-18,"PROMOTION | Promotions & Yeal-Round Perks) | Promotion, price and vehicle specifications are subject to change without prior notice.",,,,0.2189810557292624,SGD,"brand_category_pricelist_page_summary; explicit_page_label; price_count=25; price_range=169888.0-266888.0; finance_rate_pct=nan; finance=FINANCE REBATE | Price is after finance, insurance, and trade-in rebates, applicable only to successful applicants (e.q. $100,000 / 7-year loan).; trade_in=TRADE-IN REBATE | Price is after finance, insurance, and trade-in rebates, applicable only to successful applicants (e.q. $100,000 / 7-year loan).; sha256=c2de530112191343da5331276b410cdb0db01dbeb39641262ce38d2a869db687; retrospective archive reconstruction; date-only available_at is conservatively set to end-of-day."
sgcm-81-2026-03-20-p1-a,2026-03-20T00:00:00+08:00,2026-03-20T23:59:59+08:00,2026-08-24T12:08:02.041471+00:00,https://media.i-sgcm.com/public/new-cars/pricelist/81/2026-03-20.pdf#page=1,SGCarMart archived authorised-dealer price list,Category A,BYD,Price-list page summary,PDF page 1,171888.0,188388.0,100500.0,True,6.0,mixed guaranteed and non-guaranteed packages,6000.0,"FINANCE REBATE | Price is after finance, insurance, and trade-in rebates, applicable only to successful applicants (e.g. $100,000 / 7-year loan).",6000.0,"TRADE-IN REBATE | Price is after finance, insurance, and trade-in rebates, applicable only to successful applicants (e.g. $100,000 / 7-year loan).",2000.0,,,"PROMOTION | (Package prices are inclusive of all applicable Current Promotions & Year-Round Perks) | Promotion, price and vehicle specifications are subject to change without prior notice.",,,,0.2189810557292624,SGD,"brand_category_pricelist_page_summary; explicit_page_label; price_count=25; price_range=155888.0-244388.0; finance_rate_pct=2.28; finance=FINANCE REBATE | Price is after finance, insurance, and trade-in rebates, applicable only to successful applicants (e.g. $100,000 / 7-year loan).; trade_in=TRADE-IN REBATE | Price is after finance, insurance, and trade-in rebates, applicable only to successful applicants (e.g. $100,000 / 7-year loan).; sha256=da8a35339f9dbacd65573d97652b2e155e8f3a49d6f3aa0a2928bf8a1d9aa65a; retrospective archive reconstruction; date-only available_at is conservatively set to end-of-day."
sgcm-81-2026-03-20-p2-a,2026-03-20T00:00:00+08:00,2026-03-20T23:59:59+08:00,2026-08-24T12:08:02.041471+00:00,https://media.i-sgcm.com/public/new-cars/pricelist/81/2026-03-20.pdf#page=2,SGCarMart archived authorised-dealer price list,Category A,BYD,Price-list page summary,PDF page 2,191888.0,171888.0,100500.0,True,6.0,mixed guaranteed and non-guaranteed packages,6000.0,"FINANCE REBATE | Price is after finance, insurance, and trade-in rebates, applicable only to successful applicants (e.g. $100,000 / 7-year loan).",6000.0,"TRADE-IN REBATE | Price is after finance, insurance, and trade-in rebates, applicable only to successful applicants (e.g. $100,000 / 7-year loan).",2000.0,,,"PROMOTION | (Package prices are inclusive of all applicable Current Promotions & Year-Round Perks) | Promotion, price and vehicle specifications are subject to change without prior notice.",,,,0.2189810557292624,SGD,"brand_category_pricelist_page_summary; explicit_page_label; price_count=25; price_range=173888.0-270388.0; finance_rate_pct=nan; finance=FINANCE REBATE | Price is after finance, insurance, and trade-in rebates, applicable only to successful applicants (e.g. $100,000 / 7-year loan).; trade_in=TRADE-IN REBATE | Price is after finance, insurance, and trade-in rebates, applicable only to successful applicants (e.g. $100,000 / 7-year loan).; sha256=da8a35339f9dbacd65573d97652b2e155e8f3a49d6f3aa0a2928bf8a1d9aa65a; retrospective archive reconstruction; date-only available_at is conservatively set to end-of-day."
sgcm-81-2026-03-21-p1-a,2026-03-21T00:00:00+08:00,2026-03-21T23:59:59+08:00,2026-08-24T12:08:07.628660+00:00,https://media.i-sgcm.com/public/new-cars/pricelist/81/2026-03-21.pdf#page=1,SGCarMart archived authorised-dealer price list,Category A,BYD,Price-list page summary,PDF page 1,170388.0,191888.0,100500.0,True,6.0,mixed guaranteed and non-guaranteed packages,6000.0,"FINANCE REBATE | Price is after finance, insurance, and trade-in rebates, applicable only to successful applicants (e.g. $100,000 / 7-year loan).",6000.0,"TRADE-IN REBATE | Price is after finance, insurance, and trade-in rebates, applicable only to successful applicants (e.g. $100,000 / 7-year loan).",2000.0,,,"PROMOTION | (Package prices are inclusive of all applicable Current Promotions & Year-Round Perks) | Promotion, price and vehicle specifications are subject to change without prior notice.",,,,0.2189810557292624,SGD,"brand_category_pricelist_page_summary; explicit_page_label; price_count=25; price_range=155888.0-241888.0; finance_rate_pct=2.28; finance=FINANCE REBATE | Price is after finance, insurance, and trade-in rebates, applicable only to successful applicants (e.g. $100,000 / 7-year loan).; trade_in=TRADE-IN REBATE | Price is after finance, insurance, and trade-in rebates, applicable only to successful applicants (e.g. $100,000 / 7-year loan).; sha256=6b696c8b4111fdf70a4c2be3c042121aa5d74c9d5b25dfe8cece3c944106f16c; retrospective archive reconstruction; date-only available_at is conservatively set to end-of-day."
sgcm-81-2026-03-21-p2-a,2026-03-21T00:00:00+08:00,2026-03-21T23:59:59+08:00,2026-08-24T12:08:07.628660+00:00,https://media.i-sgcm.com/public/new-cars/pricelist/81/2026-03-21.pdf#page=2,SGCarMart archived authorised-dealer price list,Category A,BYD,Price-list page summary,PDF page 2,191888.0,170388.0,100500.0,True,6.0,mixed guaranteed and non-guaranteed packages,6000.0,"FINANCE REBATE | Price is after finance, insurance, and trade-in rebates, applicable only to successful applicants (e.g. $100,000 / 7-year loan).",6000.0,"TRADE-IN REBATE | Price is after finance, insurance, and trade-in rebates, applicable only to successful applicants (e.g. $100,000 / 7-year loan).",2000.0,,,"PROMOTION | (Package prices are inclusive of all applicable Current Promotions & Year-Round Perks) | Promotion, price and vehicle specifications are subject to change without prior notice.",,,,0.2189810557292624,SGD,"brand_category_pricelist_page_summary; explicit_page_label; price_count=25; price_range=173888.0-269388.0; finance_rate_pct=nan; finance=FINANCE REBATE | Price is after finance, insurance, and trade-in rebates, applicable only to successful applicants (e.g. $100,000 / 7-year loan).; trade_in=TRADE-IN REBATE | Price is after finance, insurance, and trade-in rebates, applicable only to successful applicants (e.g. $100,000 / 7-year loan).; sha256=6b696c8b4111fdf70a4c2be3c042121aa5d74c9d5b25dfe8cece3c944106f16c; retrospective archive reconstruction; date-only available_at is conservatively set to end-of-day."
sgcm-81-2026-03-25-p1-a,2026-03-25T00:00:00+08:00,2026-03-25T23:59:59+08:00,2026-08-24T12:08:18.369611+00:00,https://media.i-sgcm.com/public/new-cars/pricelist/81/2026-03-25.pdf#page=1,SGCarMart archived authorised-dealer price list,Category A,BYD,Price-list page summary,PDF page 1,170388.0,191888.0,100500.0,True,6.0,mixed guaranteed and non-guaranteed packages,6000.0,"FINANCE REBATE | Price is after finance, insurance, and trade-in rebates, applicable only to successful applicants (e.g. $100,000 / 7-year loan).",6000.0,"TRADE-IN REBATE | Price is after finance, insurance, and trade-in rebates, applicable only to successful applicants (e.g. $100,000 / 7-year loan).",2000.0,,2026-04-08,"PROMOTION | (Package prices are inclusive of all applicable Current Promotions & Year-Round Perks) | Promotion, price and vehicle specifications are subject to change without prior notice.",,,,0.2189810557292624,SGD,"brand_category_pricelist_page_summary; explicit_page_label; price_count=25; price_range=155888.0-241888.0; finance_rate_pct=2.28; finance=FINANCE REBATE | Price is after finance, insurance, and trade-in rebates, applicable only to successful applicants (e.g. $100,000 / 7-year loan).; trade_in=TRADE-IN REBATE | Price is after finance, insurance, and trade-in rebates, applicable only to successful applicants (e.g. $100,000 / 7-year loan).; sha256=0d1fa18e19e1ae56d84417261a37ff5c3921f79c561f9ac689ef2494b6496dce; retrospective archive reconstruction; date-only available_at is conservatively set to end-of-day."
sgcm-81-2026-03-25-p2-a,2026-03-25T00:00:00+08:00,2026-03-25T23:59:59+08:00,2026-08-24T12:08:18.369611+00:00,https://media.i-sgcm.com/public/new-cars/pricelist/81/2026-03-25.pdf#page=2,SGCarMart archived authorised-dealer price list,Category A,BYD,Price-list page summary,PDF page 2,191888.0,170388.0,100500.0,True,6.0,mixed guaranteed and non-guaranteed packages,6000.0,"FINANCE REBATE | Price is after finance, insurance, and trade-in rebates, applicable only to successful applicants (e.g. $100,000 / 7-year loan).",6000.0,"TRADE-IN REBATE | Price is after finance, insurance, and trade-in rebates, applicable only to successful applicants (e.g. $100,000 / 7-year loan).",2000.0,,2026-04-08,"PROMOTION | (Package prices are inclusive of all applicable Current Promotions & Year-Round Perks) | Promotion, price and vehicle specifications are subject to change without prior notice.",,,,0.2189810557292624,SGD,"brand_category_pricelist_page_summary; explicit_page_label; price_count=25; price_range=173888.0-269388.0; finance_rate_pct=2.28; finance=FINANCE REBATE | Price is after finance, insurance, and trade-in rebates, applicable only to successful applicants (e.g. $100,000 / 7-year loan).; trade_in=TRADE-IN REBATE | Price is after finance, insurance, and trade-in rebates, applicable only to successful applicants (e.g. $100,000 / 7-year loan).; sha256=0d1fa18e19e1ae56d84417261a37ff5c3921f79c561f9ac689ef2494b6496dce; retrospective archive reconstruction; date-only available_at is conservatively set to end-of-day."
sgcm-81-2026-04-09-p1-a,2026-04-09T00:00:00+08:00,2026-04-09T23:59:59+08:00,2026-08-24T12:08:40.039052+00:00,https://media.i-sgcm.com/public/new-cars/pricelist/81/2026-04-09.pdf#page=1,SGCarMart archived authorised-dealer price list,Category A,BYD,Price-list page summary,PDF page 1,179888.0,191888.0,104500.0,True,6.0,mixed guaranteed and non-guaranteed packages,6000.0,"FINANCE REBATE | Price is after finance, insurance, and trade-in rebates, applicable only to successful applicants (e.g. $100,000 / 7-year loan).",6000.0,"TRADE-IN REBATE | Price is after finance, insurance, and trade-in rebates, applicable only to successful applicants (e.g. $100,000 / 7-year loan).",2000.0,,,"PROMOTION | (Package prices are inclusive of all applicable Current Promotions & Year-Round Perks) | Promotion, price and vehicle specifications are subject to change without prior notice.",,,,0.2221980176451367,SGD,"brand_category_pricelist_page_summary; explicit_page_label; price_count=25; price_range=161888.0-250888.0; finance_rate_pct=2.28; finance=FINANCE REBATE | Price is after finance, insurance, and trade-in rebates, applicable only to successful applicants (e.g. $100,000 / 7-year loan).; trade_in=TRADE-IN REBATE | Price is after finance, insurance, and trade-in rebates, applicable only to successful applicants (e.g. $100,000 / 7-year loan).; sha256=be885cd8ac8d7b7f6fcf0eb3ccbe99561caa7433160495db8227e94fd022d7dc; retrospective archive reconstruction; date-only available_at is conservatively set to end-of-day."
sgcm-81-2026-04-09-p2-a,2026-04-09T00:00:00+08:00,2026-04-09T23:59:59+08:00,2026-08-24T12:08:40.039052+00:00,https://media.i-sgcm.com/public/new-cars/pricelist/81/2026-04-09.pdf#page=2,SGCarMart archived authorised-dealer price list,Category A,BYD,Price-list page summary,PDF page 2,197888.0,179888.0,104500.0,True,6.0,mixed guaranteed and non-guaranteed packages,6000.0,"FINANCE REBATE | Price is after finance, insurance, and trade-in rebates, applicable only to successful applicants (e.g. $100,000 / 7-year loan).",6000.0,"TRADE-IN REBATE | Price is after finance, insurance, and trade-in rebates, applicable only to successful applicants (e.g. $100,000 / 7-year loan).",2000.0,,,"PROMOTION | (Package prices are inclusive of all applicable Current Promotions & Year-Round Perks) | Promotion, price and vehicle specifications are subject to change without prior notice.",,,,0.2221980176451367,SGD,"brand_category_pricelist_page_summary; explicit_page_label; price_count=25; price_range=179888.0-276888.0; finance_rate_pct=2.28; finance=FINANCE REBATE | Price is after finance, insurance, and trade-in rebates, applicable only to successful applicants (e.g. $100,000 / 7-year loan).; trade_in=TRADE-IN REBATE | Price is after finance, insurance, and trade-in rebates, applicable only to successful applicants (e.g. $100,000 / 7-year loan).; sha256=be885cd8ac8d7b7f6fcf0eb3ccbe99561caa7433160495db8227e94fd022d7dc; retrospective archive reconstruction; date-only available_at is conservatively set to end-of-day."
sgcm-81-2026-04-17-p2-a,2026-04-17T00:00:00+08:00,2026-04-17T23:59:59+08:00,2026-08-24T12:08:56.393568+00:00,https://media.i-sgcm.com/public/new-cars/pricelist/81/2026-04-17.pdf#page=2,SGCarMart archived authorised-dealer price list,Category A,BYD,Price-list page summary,PDF page 2,197888.0,197888.0,108000.0,True,6.0,mixed guaranteed and non-guaranteed packages,6000.0,"FINANCE REBATE | Price is after finance, insurance, and trade-in rebates, applicable only to successful applicants (e.g. $100,000 / 7-year loan).|",6000.0,"TRADE-IN REBATE | Price is after finance, insurance, and trade-in rebates, applicable only to successful applicants (e.g. $100,000 / 7-year loan).|",2000.0,,,"PROMOTION | (Package prices are inclusive of all applicable Current Promotions & Year-Round Perks) | Promotion, price and vehicle specifications are subject to change without prior notice.",,,,0.2221980176451367,SGD,"brand_category_pricelist_page_summary; explicit_page_label; price_count=25; price_range=179888.0-276888.0; finance_rate_pct=2.28; finance=FINANCE REBATE | Price is after finance, insurance, and trade-in rebates, applicable only to successful applicants (e.g. $100,000 / 7-year loan).|; trade_in=TRADE-IN REBATE | Price is after finance, insurance, and trade-in rebates, applicable only to successful applicants (e.g. $100,000 / 7-year loan).|; sha256=c7459ede0db5e703722cd4d87b70c5ece51bab418814b98498e329fce07ad7a4; retrospective archive reconstruction; date-only available_at is conservatively set to end-of-day."
sgcm-81-2026-04-24-p2-a,2026-04-24T00:00:00+08:00,2026-04-24T23:59:59+08:00,2026-08-24T12:09:23.504620+00:00,https://media.i-sgcm.com/public/new-cars/pricelist/81/2026-04-24.pdf#page=2,SGCarMart archived authorised-dealer price list,Category A,BYD,Price-list page summary,PDF page 2,202888.0,197888.0,113000.0,True,6.0,mixed guaranteed and non-guaranteed packages,6000.0,"FINANCE REBATE | Price is after finance, insurance, and trade-in rebates, applicable only to successful applicants (e.g. $100,000 / 7-year loan).",6000.0,"TRADE-IN REBATE | Price is after finance, insurance, and trade-in rebates, applicable only to successful applicants (e.g. $100,000 / 7-year loan).",2000.0,,2026-05-06,"PROMOTION | (Package prices are inclusive of all applicable Current Promotions & Year-Round Perks) | Promotion, price and vehicle specifications are subject to change without prior notice.",,,,0.2221980176451367,SGD,"brand_category_pricelist_page_summary; explicit_page_label; price_count=25; price_range=184888.0-281888.0; finance_rate_pct=2.28; finance=FINANCE REBATE | Price is after finance, insurance, and trade-in rebates, applicable only to successful applicants (e.g. $100,000 / 7-year loan).; trade_in=TRADE-IN REBATE | Price is after finance, insurance, and trade-in rebates, applicable only to successful applicants (e.g. $100,000 / 7-year loan).; sha256=90eb77fc353d05529ccc7ec5178df7ff6cbbe7ccd27ebed9ea7595f924097c24; retrospective archive reconstruction; date-only available_at is conservatively set to end-of-day."
sgcm-81-2026-04-27-p1-a,2026-04-27T00:00:00+08:00,2026-04-27T23:59:59+08:00,2026-08-24T12:09:39.881584+00:00,https://media.i-sgcm.com/public/new-cars/pricelist/81/2026-04-27.pdf#page=1,SGCarMart archived authorised-dealer price list,Category A,BYD,Price-list page summary,PDF page 1,182888.0,202888.0,106000.0,True,6.0,mixed guaranteed and non-guaranteed packages,6000.0,"FINANCE REBATE | Price is after finance, insurance, and trade-in rebates, applicable only to successful applicants (e.g. $100,000 / 7-year loan)",6000.0,"TRADE-IN REBATE | Price is after finance, insurance, and trade-in rebates, applicable only to successful applicants (e.g. $100,000 / 7-year loan)",2000.0,,2026-05-06,"PROMOTION | (Package prices are inclusive of all applicable Current Promotions & Year-Round Perks) | Promotion, price and vehicle specifications are subject to change without prior notice.",,,,0.2221980176451367,SGD,"brand_category_pricelist_page_summary; explicit_page_label; price_count=25; price_range=166888.0-255888.0; finance_rate_pct=2.28; finance=FINANCE REBATE | Price is after finance, insurance, and trade-in rebates, applicable only to successful applicants (e.g. $100,000 / 7-year loan); trade_in=TRADE-IN REBATE | Price is after finance, insurance, and trade-in rebates, applicable only to successful applicants (e.g. $100,000 / 7-year loan); sha256=0d528227f19ef84050d798e975d7eaf39aa896ceca08a79e19a8bc0c834577e2; retrospective archive reconstruction; date-only available_at is conservatively set to end-of-day."
sgcm-81-2026-04-27-p2-a,2026-04-27T00:00:00+08:00,2026-04-27T23:59:59+08:00,2026-08-24T12:09:39.881584+00:00,https://media.i-sgcm.com/public/new-cars/pricelist/81/2026-04-27.pdf#page=2,SGCarMart archived authorised-dealer price list,Category A,BYD,Price-list page summary,PDF page 2,200888.0,182888.0,106000.0,True,6.0,mixed guaranteed and non-guaranteed packages,6000.0,"FINANCE REBATE | Price is after finance, insurance, and trade-in rebates, applicable only to successful applicants (e.g. $100,000 / 7-year loan).",6000.0,"TRADE-IN REBATE | Price is after finance, insurance, and trade-in rebates, applicable only to successful applicants (e.g. $100,000 / 7-year loan).",2000.0,,2026-05-06,"PROMOTION | (Package prices are inclusive of all applicable Current Promotions & Year-Round Perks) | Promotion, price and vehicle specifications are subject to change without prior notice.",,,,0.2221980176451367,SGD,"brand_category_pricelist_page_summary; explicit_page_label; price_count=25; price_range=184888.0-278888.0; finance_rate_pct=2.28; finance=FINANCE REBATE | Price is after finance, insurance, and trade-in rebates, applicable only to successful applicants (e.g. $100,000 / 7-year loan).; trade_in=TRADE-IN REBATE | Price is after finance, insurance, and trade-in rebates, applicable only to successful applicants (e.g. $100,000 / 7-year loan).; sha256=0d528227f19ef84050d798e975d7eaf39aa896ceca08a79e19a8bc0c834577e2; retrospective archive reconstruction; date-only available_at is conservatively set to end-of-day."
sgcm-81-2026-05-08-p2-a,2026-05-08T00:00:00+08:00,2026-05-08T23:59:59+08:00,2026-08-24T12:10:07.019880+00:00,https://media.i-sgcm.com/public/new-cars/pricelist/81/2026-05-08.pdf#page=2,SGCarMart archived authorised-dealer price list,Category A,BYD,Price-list page summary,PDF page 2,199888.0,200888.0,107000.0,True,,mixed guaranteed and non-guaranteed packages,6000.0,"FINANCE REBATE | Price is after finance, insurance, and trade-in rebates, applicable only to successful applicants (e.g. $100,000 / 7-year loan).",6000.0,"TRADE-IN REBATE | Price is after finance, insurance, and trade-in rebates, applicable only to successful applicants (e.g. $100,000 / 7-year loan).",2000.0,,,PROMOTION | Promotions 8 Year-Round Perks)l | Promotion. price and venice spectications are subiect to change without prior notice.,,,,0.2302208655054767,SGD,"brand_category_pricelist_page_summary; explicit_page_label; price_count=25; price_range=184888.0-277888.0; finance_rate_pct=nan; finance=FINANCE REBATE | Price is after finance, insurance, and trade-in rebates, applicable only to successful applicants (e.g. $100,000 / 7-year loan).; trade_in=TRADE-IN REBATE | Price is after finance, insurance, and trade-in rebates, applicable only to successful applicants (e.g. $100,000 / 7-year loan).; sha256=567751fe8036218e0290aa58b54fe8c9438b34abb69861915ef31acd3320e64c; retrospective archive reconstruction; date-only available_at is conservatively set to end-of-day."
sgcm-81-2026-05-11-p2-a,2026-05-11T00:00:00+08:00,2026-05-11T23:59:59+08:00,2026-08-24T12:10:17.968792+00:00,https://media.i-sgcm.com/public/new-cars/pricelist/81/2026-05-11.pdf#page=2,SGCarMart archived authorised-dealer price list,Category A,BYD,Price-list page summary,PDF page 2,199888.0,199888.0,107000.0,True,6.0,mixed guaranteed and non-guaranteed packages,6000.0,"FINANCE REBATE | Price is after finance, insurance, and trade-in rebates, applicable only to successful applicants (e.g- $100,000 / 7-year loan).|",6000.0,"TRADE-IN REBATE | Price is after finance, insurance, and trade-in rebates, applicable only to successful applicants (e.g- $100,000 / 7-year loan).|",2000.0,,2026-05-20,PROMOTION | Promotions & Year-Round Perks) | Promotion. price and vehide spectications are subied to chance without prior notice.,,,,0.2302208655054767,SGD,"brand_category_pricelist_page_summary; explicit_page_label; price_count=25; price_range=184888.0-277888.0; finance_rate_pct=nan; finance=FINANCE REBATE | Price is after finance, insurance, and trade-in rebates, applicable only to successful applicants (e.g- $100,000 / 7-year loan).|; trade_in=TRADE-IN REBATE | Price is after finance, insurance, and trade-in rebates, applicable only to successful applicants (e.g- $100,000 / 7-year loan).|; sha256=af2353e8b2cae5248426f6cffd8fc73cf316b0bede098169fbf0e98e365ed92a; retrospective archive reconstruction; date-only available_at is conservatively set to end-of-day."
sgcm-81-2026-05-21-p1-a,2026-05-21T00:00:00+08:00,2026-05-21T23:59:59+08:00,2026-08-24T12:10:50.104833+00:00,https://media.i-sgcm.com/public/new-cars/pricelist/81/2026-05-21.pdf#page=1,SGCarMart archived authorised-dealer price list,Category A,BYD,Price-list page summary,PDF page 1,183388.0,199888.0,107000.0,True,6.0,mixed guaranteed and non-guaranteed packages,6000.0,"FINANCE REBATE | Price is after finance, insurance, and trade-in rebates, applicable only to successful applicants (e.g. $100,000 / 7-year loan).",6000.0,"TRADE-IN REBATE | Price is after finance, insurance, and trade-in rebates, applicable only to successful applicants (e.g. $100,000 / 7-year loan).",2000.0,,2026-06-04,"PROMOTION | Promotions & Year-Round Perks) | Promotion, price and vehicle specifications are subject to change without prior notice.",,,,0.2302208655054767,SGD,"brand_category_pricelist_page_summary; explicit_page_label; price_count=25; price_range=167388.0-255888.0; finance_rate_pct=2.28; finance=FINANCE REBATE | Price is after finance, insurance, and trade-in rebates, applicable only to successful applicants (e.g. $100,000 / 7-year loan).; trade_in=TRADE-IN REBATE | Price is after finance, insurance, and trade-in rebates, applicable only to successful applicants (e.g. $100,000 / 7-year loan).; sha256=a60a10797970b2ea5ad84a71e2b6b828b641ed4e790913d5229324322d033f77; retrospective archive reconstruction; date-only available_at is conservatively set to end-of-day."
sgcm-81-2026-05-21-p2-a,2026-05-21T00:00:00+08:00,2026-05-21T23:59:59+08:00,2026-08-24T12:10:50.104833+00:00,https://media.i-sgcm.com/public/new-cars/pricelist/81/2026-05-21.pdf#page=2,SGCarMart archived authorised-dealer price list,Category A,BYD,Price-list page summary,PDF page 2,201388.0,183388.0,110500.0,True,,mixed guaranteed and non-guaranteed packages,6000.0,"FINANCE REBATE | Price is after finance, insurance, and trade-in rebates, applicable only to successful applicants (e.g. $100,000 / 7-year loan).",6000.0,"TRADE-IN REBATE | Price is after finance, insurance, and trade-in rebates, applicable only to successful applicants (e.g. $100,000 / 7-year loan).",2000.0,,2026-06-04,"PROMOTION | Promotions & Year-Round Perks) | Promotion, price and vehicle specitications are subject to change without prior notice.",,,,0.2302208655054767,SGD,"brand_category_pricelist_page_summary; explicit_page_label; price_count=25; price_range=185888.0-279388.0; finance_rate_pct=2.28; finance=FINANCE REBATE | Price is after finance, insurance, and trade-in rebates, applicable only to successful applicants (e.g. $100,000 / 7-year loan).; trade_in=TRADE-IN REBATE | Price is after finance, insurance, and trade-in rebates, applicable only to successful applicants (e.g. $100,000 / 7-year loan).; sha256=a60a10797970b2ea5ad84a71e2b6b828b641ed4e790913d5229324322d033f77; retrospective archive reconstruction; date-only available_at is conservatively set to end-of-day."
sgcm-81-2026-06-05-p1-a,2026-06-05T00:00:00+08:00,2026-06-05T23:59:59+08:00,2026-08-24T12:11:28.093446+00:00,https://media.i-sgcm.com/public/new-cars/pricelist/81/2026-06-05.pdf#page=1,SGCarMart archived authorised-dealer price list,Category A,BYD,Price-list page summary,PDF page 1,184888.0,201388.0,112500.0,True,6.0,mixed guaranteed and non-guaranteed packages,6000.0,"FINANCE REBATE | Price is after finance, insurance, and trade-in rebates, applicable only to successful applicants (e.g. $100,000 / 7-year loan)",6000.0,"TRADE-IN REBATE | Price is after finance, insurance, and trade-in rebates, applicable only to successful applicants (e.g. $100,000 / 7-year loan)",2000.0,,,"PROMOTION | Promotions & Year-Round Perks) | Promotion, price and vehicle specifications are subject to change without prior notice.",,,,0.2362823757471326,SGD,"brand_category_pricelist_page_summary; explicit_page_label; price_count=25; price_range=168888.0-257888.0; finance_rate_pct=2.28; finance=FINANCE REBATE | Price is after finance, insurance, and trade-in rebates, applicable only to successful applicants (e.g. $100,000 / 7-year loan); trade_in=TRADE-IN REBATE | Price is after finance, insurance, and trade-in rebates, applicable only to successful applicants (e.g. $100,000 / 7-year loan); sha256=84346f8a5a5c65a8d56a832f87dd5a59ef26da0b1c533d5de73cad4e6a3d2e65; retrospective archive reconstruction; date-only available_at is conservatively set to end-of-day."
sgcm-81-2026-06-05-p2-a,2026-06-05T00:00:00+08:00,2026-06-05T23:59:59+08:00,2026-08-24T12:11:28.093446+00:00,https://media.i-sgcm.com/public/new-cars/pricelist/81/2026-06-05.pdf#page=2,SGCarMart archived authorised-dealer price list,Category A,BYD,Price-list page summary,PDF page 2,201388.0,184888.0,109000.0,True,6.0,mixed guaranteed and non-guaranteed packages,6000.0,"FINANCE REBATE | Price is after finance, insurance, and trade-in rebates, applicable only to successful applicants (e.g. $100,000 / 7-year loan).",6000.0,"TRADE-IN REBATE | Price is after finance, insurance, and trade-in rebates, applicable only to successful applicants (e.g. $100,000 / 7-year loan).",2000.0,,,"PROMOTION | Promotions & Year-Round Perks)| | Promotion, price and vehicle specifications are subject to change without prior notice.",,,,0.2362823757471326,SGD,"brand_category_pricelist_page_summary; explicit_page_label; price_count=25; price_range=185888.0-280388.0; finance_rate_pct=2.28; finance=FINANCE REBATE | Price is after finance, insurance, and trade-in rebates, applicable only to successful applicants (e.g. $100,000 / 7-year loan).; trade_in=TRADE-IN REBATE | Price is after finance, insurance, and trade-in rebates, applicable only to successful applicants (e.g. $100,000 / 7-year loan).; sha256=84346f8a5a5c65a8d56a832f87dd5a59ef26da0b1c533d5de73cad4e6a3d2e65; retrospective archive reconstruction; date-only available_at is conservatively set to end-of-day."
sgcm-81-2026-06-19-p2-a,2026-06-19T00:00:00+08:00,2026-06-19T23:59:59+08:00,2026-08-24T12:12:06.710410+00:00,https://media.i-sgcm.com/public/new-cars/pricelist/81/2026-06-19.pdf#page=2,SGCarMart archived authorised-dealer price list,Category A,BYD,Price-list page summary,PDF page 2,197888.0,201388.0,112000.0,True,6.0,mixed guaranteed and non-guaranteed packages,6000.0,"FINANCE REBATE | Price is after finance, insurance, and trade-in rebates, applicable only to successful apolicants (e.e. $100.000 / 7-vear loan)I",6000.0,"TRADE-IN REBATE | Price is after finance, insurance, and trade-in rebates, applicable only to successful apolicants (e.e. $100.000 / 7-vear loan)I",2000.0,,2026-07-08,"PROMOTION | Promotion, price and vehicle specifications are subject to change without prior notice.",,,,0.2362823757471326,SGD,"brand_category_pricelist_page_summary; explicit_page_label; price_count=25; price_range=184888.0-272888.0; finance_rate_pct=2.28; finance=FINANCE REBATE | Price is after finance, insurance, and trade-in rebates, applicable only to successful apolicants (e.e. $100.000 / 7-vear loan)I; trade_in=TRADE-IN REBATE | Price is after finance, insurance, and trade-in rebates, applicable only to successful apolicants (e.e. $100.000 / 7-vear loan)I; sha256=3def08d168d77bac024a6de7785d6cc30b5d62f182a45df6b23cf82b4bab42d3; retrospective archive reconstruction; date-only available_at is conservatively set to end-of-day."
sgcm-81-2026-07-09-p1-a,2026-07-09T00:00:00+08:00,2026-07-09T23:59:59+08:00,2026-08-24T12:12:44.638618+00:00,https://media.i-sgcm.com/public/new-cars/pricelist/81/2026-07-09.pdf#page=1,SGCarMart archived authorised-dealer price list,Category A,BYD,Price-list page summary,PDF page 1,197138.0,197888.0,115500.0,True,6.0,mixed guaranteed and non-guaranteed packages,6000.0,"FINANCE REBATE | 2. Price is after finance, insurance, and trade-in rebates, applicable only to successful applicants",6000.0,"TRADE-IN REBATE | 2. Price is after finance, insurance, and trade-in rebates, applicable only to successful applicants",2000.0,,,"PROMOTION | lage orices are inclusive of all acol cable Current Promotions A Year-Round P. | 5. Promotion, price and vehicle specifications are subject to change without prior notice.",,,,0.2388794415107849,SGD,"brand_category_pricelist_page_summary; explicit_page_label; price_count=50; price_range=172388.0-278388.0; finance_rate_pct=2.28; finance=FINANCE REBATE | 2. Price is after finance, insurance, and trade-in rebates, applicable only to successful applicants; trade_in=TRADE-IN REBATE | 2. Price is after finance, insurance, and trade-in rebates, applicable only to successful applicants; sha256=c47ea991cb70b23a353070a0dd3f423fad7655de8858e62a0a1e51c8dcfb4a9f; retrospective archive reconstruction; date-only available_at is conservatively set to end-of-day."
sgcm-81-2026-07-24-p1-a,2026-07-24T00:00:00+08:00,2026-07-24T23:59:59+08:00,2026-08-24T12:13:22.489128+00:00,https://media.i-sgcm.com/public/new-cars/pricelist/81/2026-07-24.pdf#page=1,SGCarMart archived authorised-dealer price list,Category A,BYD,Price-list page summary,PDF page 1,192388.0,197138.0,112500.0,True,6.0,mixed guaranteed and non-guaranteed packages,6000.0,"FINANCE REBATE | 2. Price is after finance, insurance, and trade-in rebates, applicable only to successful applicants",6000.0,"TRADE-IN REBATE | 2. Price is after finance, insurance, and trade-in rebates, applicable only to successful applicants",2000.0,,2026-08-05,"PROMOTION | clage oices are inclusive of all acol cable Current Promotions A Year Round Pe. | 5. Promotion, price and vehicle specifications are subject to change without prior notice.",,,,0.2388794415107849,SGD,"brand_category_pricelist_page_summary; explicit_page_label; price_count=35; price_range=169388.0-275388.0; finance_rate_pct=2.28; finance=FINANCE REBATE | 2. Price is after finance, insurance, and trade-in rebates, applicable only to successful applicants; trade_in=TRADE-IN REBATE | 2. Price is after finance, insurance, and trade-in rebates, applicable only to successful applicants; sha256=2c6067f416cee731524d682194718c54dffceead6729f9f3d765d00f01005f0b; retrospective archive reconstruction; date-only available_at is conservatively set to end-of-day."
sgcm-81-2026-08-07-p1-a,2026-08-07T00:00:00+08:00,2026-08-07T23:59:59+08:00,2026-08-24T12:14:00.489096+00:00,https://media.i-sgcm.com/public/new-cars/pricelist/81/2026-08-07.pdf#page=1,SGCarMart archived authorised-dealer price list,Category A,BYD,Price-list page summary,PDF page 1,188388.0,192388.0,109500.0,True,6.0,mixed guaranteed and non-guaranteed packages,6000.0,"FINANCE REBATE | 2. Price is after finance, insurance, and trade-in rebates, applicable only to successful applicants",6000.0,"TRADE-IN REBATE | 2. Price is after finance, insurance, and trade-in rebates, applicable only to successful applicants",2000.0,,,"PROMOTION | lage orices are inclusive of all apol cable Current Promotions A Year-Round P. | 5. Promotion, price and vehicle specifications are subject to change without prior notice.",,,,0.2414044703872437,SGD,"brand_category_pricelist_page_summary; explicit_page_label; price_count=35; price_range=167388.0-270888.0; finance_rate_pct=2.28; finance=FINANCE REBATE | 2. Price is after finance, insurance, and trade-in rebates, applicable only to successful applicants; trade_in=TRADE-IN REBATE | 2. Price is after finance, insurance, and trade-in rebates, applicable only to successful applicants; sha256=ac8246e7e826ba037c4adb3409f01a2da4a129ba864f8f696ce8ae3a80acb616; retrospective archive reconstruction; date-only available_at is conservatively set to end-of-day."
sgcm-81-2026-08-20-p1-a,2026-08-20T00:00:00+08:00,2026-08-20T23:59:59+08:00,2026-08-24T12:14:16.623098+00:00,https://media.i-sgcm.com/public/new-cars/pricelist/81/2026-08-20.pdf#page=1,SGCarMart archived authorised-dealer price list,Category A,BYD,Price-list page summary,PDF page 1,188388.0,188388.0,114500.0,True,6.0,mixed guaranteed and non-guaranteed packages,6000.0,"FINANCE REBATE | 2. Price is after finance, insurance, and trade-in rebates, applicable only to successful applicants",6000.0,"TRADE-IN REBATE | 2. Price is after finance, insurance, and trade-in rebates, applicable only to successful applicants",2000.0,,2026-09-09,"PROMOTION | ickage prices are inclusive of all applicable Current Promotions & Year-Round Per | 5. Promotion, price and vehicle specifications are subject to change without prior notice.",,,,0.2414044703872437,SGD,"brand_category_pricelist_page_summary; explicit_page_label; price_count=35; price_range=167388.0-275388.0; finance_rate_pct=2.28; finance=FINANCE REBATE | 2. Price is after finance, insurance, and trade-in rebates, applicable only to successful applicants; trade_in=TRADE-IN REBATE | 2. Price is after finance, insurance, and trade-in rebates, applicable only to successful applicants; sha256=70df595a0be66cd5bebb5334f52065c47a96619fbefc1a167ce9a1140d87c106; retrospective archive reconstruction; date-only available_at is conservatively set to end-of-day."
sgcm-81-2026-08-21-p1-a,2026-08-21T00:00:00+08:00,2026-08-21T23:59:59+08:00,2026-08-24T12:14:38.394986+00:00,https://media.i-sgcm.com/public/new-cars/pricelist/81/2026-08-21.pdf#page=1,SGCarMart archived authorised-dealer price list,Category A,BYD,Price-list page summary,PDF page 1,188388.0,188388.0,114500.0,True,6.0,mixed guaranteed and non-guaranteed packages,6000.0,"FINANCE REBATE | 2. Price is after finance, insurance, and trade-in rebates, applicable only to successful applicants",6000.0,"TRADE-IN REBATE | 2. Price is after finance, insurance, and trade-in rebates, applicable only to successful applicants",2000.0,,2026-09-09,"PROMOTION | ickage prices are inclusive of all applicable Current Promotions & Year-Round Per | 5. Promotion, price and vehicle specifications are subject to change without prior notice.",,,,0.2414044703872437,SGD,"brand_category_pricelist_page_summary; explicit_page_label; price_count=35; price_range=167388.0-270888.0; finance_rate_pct=2.28; finance=FINANCE REBATE | 2. Price is after finance, insurance, and trade-in rebates, applicable only to successful applicants; trade_in=TRADE-IN REBATE | 2. Price is after finance, insurance, and trade-in rebates, applicable only to successful applicants; sha256=9a027fee2fdd3dc3bfe4d3460ab6ffed7fbbec0baaf7a062daaab966ce29de57; retrospective archive reconstruction; date-only available_at is conservatively set to end-of-day."
sgcm-81-2024-01-19-p2-b,2024-01-19T00:00:00+08:00,2024-01-19T23:59:59+08:00,2026-08-24T11:36:19.608221+00:00,https://media.i-sgcm.com/public/new-cars/pricelist/81/2024-01-19.pdf#page=2,SGCarMart archived authorised-dealer price list,Category B,BYD,Price-list page summary,PDF page 2,211388.0,,78000.0,True,,mixed guaranteed and non-guaranteed packages,6000.0,"Finance Rebate | Finance rebates, insurance rebate, trade-in rebate and are only to successful applicants: $100.000/ 7-year loan",,"Trade-in Rebate | Finance rebates, insurance rebate, trade-in rebate and are only to successful applicants: $100.000/ 7-year loan",,,2024-02-07,"Promotion | The above promotion, price and vehicle specifications are subject to change without prior notice.",,,,0.046848635235732,SGD,"brand_category_pricelist_page_summary; explicit_page_label; price_count=20; price_range=178888.0-311888.0; finance_rate_pct=nan; finance=Finance Rebate | Finance rebates, insurance rebate, trade-in rebate and are only to successful applicants: $100.000/ 7-year loan; trade_in=Trade-in Rebate | Finance rebates, insurance rebate, trade-in rebate and are only to successful applicants: $100.000/ 7-year loan; sha256=969959914186f429623b8d858a82ebba4d06bc45991a8c6179770a0c072596a5; retrospective archive reconstruction; date-only available_at is conservatively set to end-of-day."
sgcm-81-2024-02-01-p2-b,2024-02-01T00:00:00+08:00,2024-02-01T23:59:59+08:00,2026-08-24T11:36:41.548600+00:00,https://media.i-sgcm.com/public/new-cars/pricelist/81/2024-02-01.pdf#page=2,SGCarMart archived authorised-dealer price list,Category B,BYD,Price-list page summary,PDF page 2,211388.0,211388.0,78000.0,True,,mixed guaranteed and non-guaranteed packages,6000.0,"Finance Rebate | Finance rebates, insurance rebate, trade-in rebate and are only to successful applicants: $100.000/ 7-year loan",,"Trade-in Rebate | Finance rebates, insurance rebate, trade-in rebate and are only to successful applicants: $100.000/ 7-year loan",,,2024-02-07,"Promotion | The above promotion, price and vehicle specifications are subject to change without prior notice.",,,,0.0532753376721064,SGD,"brand_category_pricelist_page_summary; explicit_page_label; price_count=20; price_range=178888.0-311888.0; finance_rate_pct=nan; finance=Finance Rebate | Finance rebates, insurance rebate, trade-in rebate and are only to successful applicants: $100.000/ 7-year loan; trade_in=Trade-in Rebate | Finance rebates, insurance rebate, trade-in rebate and are only to successful applicants: $100.000/ 7-year loan; sha256=b15283b0ff1f71c09638e828df1de92a7d34f4aa8aa716bd38df96d1e2e94d88; retrospective archive reconstruction; date-only available_at is conservatively set to end-of-day."
sgcm-81-2024-02-13-p2-b,2024-02-13T00:00:00+08:00,2024-02-13T23:59:59+08:00,2026-08-24T11:37:08.334502+00:00,https://media.i-sgcm.com/public/new-cars/pricelist/81/2024-02-13.pdf#page=2,SGCarMart archived authorised-dealer price list,Category B,BYD,Price-list page summary,PDF page 2,204888.0,211388.0,68000.0,True,,mixed guaranteed and non-guaranteed packages,6000.0,Finance Rebate,6000.0,Trade-in Rebate,7000.0,,2024-02-12,"Promotion | The above promotion, price and vehicle specifications are subject to change without prior notice.",,,,0.0532753376721064,SGD,brand_category_pricelist_page_summary; explicit_page_label; price_count=20; price_range=172888.0-304888.0; finance_rate_pct=nan; finance=Finance Rebate; trade_in=Trade-in Rebate; sha256=025bd85e6d859eaf638a329b249581c5a2b495157670c1a11a0a92402c0823fa; retrospective archive reconstruction; date-only available_at is conservatively set to end-of-day.
sgcm-81-2024-02-23-p2-b,2024-02-23T00:00:00+08:00,2024-02-23T23:59:59+08:00,2026-08-24T11:37:35.173736+00:00,https://media.i-sgcm.com/public/new-cars/pricelist/81/2024-02-23.pdf#page=2,SGCarMart archived authorised-dealer price list,Category B,BYD,Price-list page summary,PDF page 2,200888.0,204888.0,75000.0,True,6.0,mixed guaranteed and non-guaranteed packages,6000.0,"Finance Rebate | 2. Finance rebates, insurance rebate, trade-in rebate and are only to successful applicants: $100,000 / 7-year loan",6000.0,"Trade-in Rebate | 2. Finance rebates, insurance rebate, trade-in rebate and are only to successful applicants: $100,000 / 7-year loan",7000.0,,2024-03-03,"Promotion | Thomson Plaza Roadshow Specials | $7,000 Roadshow Discount for Excite Package | $3,000 Roadshow Discount for Base Package* | $3,000 Roadshow Discount for Savers Package* | 6. The above promotion, price and vehicle specifications are subject to change without prior notice.","Promotion | Thomson Plaza Roadshow Specials | $7,000 Roadshow Discount for Excite Package | $3,000 Roadshow Discount for Base Package* | $3,000 Roadshow Discount for Savers Package* | 6. The above promotion, price and vehicle specifications are subject to change without prior notice.",2024-02-22,2024-03-03,0.0532753376721064,SGD,"brand_category_pricelist_page_summary; explicit_page_label; price_count=20; price_range=166888.0-298888.0; finance_rate_pct=nan; finance=Finance Rebate | 2. Finance rebates, insurance rebate, trade-in rebate and are only to successful applicants: $100,000 / 7-year loan; trade_in=Trade-in Rebate | 2. Finance rebates, insurance rebate, trade-in rebate and are only to successful applicants: $100,000 / 7-year loan; sha256=edf648f4f7e746eb315499c0aa13ff191a530ac9aecf354e7f6d488a243633b5; retrospective archive reconstruction; date-only available_at is conservatively set to end-of-day."
sgcm-81-2024-03-08-p2-b,2024-03-08T00:00:00+08:00,2024-03-08T23:59:59+08:00,2026-08-24T11:38:13.222705+00:00,https://media.i-sgcm.com/public/new-cars/pricelist/81/2024-03-08.pdf#page=2,SGCarMart archived authorised-dealer price list,Category B,BYD,Price-list page summary,PDF page 2,200388.0,200888.0,75000.0,True,6.0,mixed guaranteed and non-guaranteed packages,6000.0,"Finance Rebate | 2. Finance rebates, insurance rebate, trade-in rebate and are only to successful applicants: $100,000 / 7-year loan",6000.0,"Trade-in Rebate | 2. Finance rebates, insurance rebate, trade-in rebate and are only to successful applicants: $100,000 / 7-year loan",7000.0,,2024-03-17,"Promotion | $3,000 Roadshow Discount for Base Package* | $3,000 Roadshow Discount for Savers Package* | 6. The above promotion, price and vehicle specifications are subject to change without prior notice.","Promotion | $3,000 Roadshow Discount for Base Package* | $3,000 Roadshow Discount for Savers Package* | 6. The above promotion, price and vehicle specifications are subject to change without prior notice.",2024-03-07,2024-03-17,0.0653378706854642,SGD,"brand_category_pricelist_page_summary; explicit_page_label; price_count=20; price_range=166888.0-298888.0; finance_rate_pct=nan; finance=Finance Rebate | 2. Finance rebates, insurance rebate, trade-in rebate and are only to successful applicants: $100,000 / 7-year loan; trade_in=Trade-in Rebate | 2. Finance rebates, insurance rebate, trade-in rebate and are only to successful applicants: $100,000 / 7-year loan; sha256=fb46e99779923a113c283626a8aa4d164e3b5e4938be6e0f25e5c11acf13847e; retrospective archive reconstruction; date-only available_at is conservatively set to end-of-day."
sgcm-81-2024-03-21-p2-b,2024-03-21T00:00:00+08:00,2024-03-21T23:59:59+08:00,2026-08-24T11:38:34.585482+00:00,https://media.i-sgcm.com/public/new-cars/pricelist/81/2024-03-21.pdf#page=2,SGCarMart archived authorised-dealer price list,Category B,BYD,Price-list page summary,PDF page 2,200388.0,200388.0,75000.0,True,6.0,mixed guaranteed and non-guaranteed packages,6000.0,"Finance Rebate | 2. Finance rebates, insurance rebate, trade-in rebate and are only to successful applicants: $100,000 / 7-year loan",6000.0,"Trade-in Rebate | 2. Finance rebates, insurance rebate, trade-in rebate and are only to successful applicants: $100,000 / 7-year loan",10000.0,,2024-03-26,"Promotion | Bedok Mall Roadshow Specials | $10,000 Roadshow Discount for Excite Package* 8 Years Battery Warranty | The above promotion, price and vehicle specifications are subject to change without prior notice.","Promotion | Bedok Mall Roadshow Specials | $10,000 Roadshow Discount for Excite Package* 8 Years Battery Warranty | The above promotion, price and vehicle specifications are subject to change without prior notice.",2024-03-20,2024-03-26,0.0653378706854642,SGD,"brand_category_pricelist_page_summary; explicit_page_label; price_count=20; price_range=166888.0-301888.0; finance_rate_pct=20.0; finance=Finance Rebate | 2. Finance rebates, insurance rebate, trade-in rebate and are only to successful applicants: $100,000 / 7-year loan; trade_in=Trade-in Rebate | 2. Finance rebates, insurance rebate, trade-in rebate and are only to successful applicants: $100,000 / 7-year loan; sha256=f030410e827db6d227a85a57144157d9e8e8798f50c6a519498fe95e092be82e; retrospective archive reconstruction; date-only available_at is conservatively set to end-of-day."
sgcm-81-2024-04-04-p2-b,2024-04-04T00:00:00+08:00,2024-04-04T23:59:59+08:00,2026-08-24T11:39:01.660282+00:00,https://media.i-sgcm.com/public/new-cars/pricelist/81/2024-04-04.pdf#page=2,SGCarMart archived authorised-dealer price list,Category B,BYD,Price-list page summary,PDF page 2,205388.0,200388.0,80000.0,True,6.0,mixed guaranteed and non-guaranteed packages,6000.0,"Finance Rebate | 2. Finance rebates, insurance rebate, trade-in rebate and are only to successful applicants: $100,000 / 7-year loan",6000.0,"Trade-in Rebate | 2. Finance rebates, insurance rebate, trade-in rebate and are only to successful applicants: $100,000 / 7-year loan",10000.0,,2024-04-14,"Promotion | The above promotion, price and vehicle specifications are subject to change without prior notice.",,,,0.0780084028343889,SGD,"brand_category_pricelist_page_summary; explicit_page_label; price_count=20; price_range=171888.0-306888.0; finance_rate_pct=20.0; finance=Finance Rebate | 2. Finance rebates, insurance rebate, trade-in rebate and are only to successful applicants: $100,000 / 7-year loan; trade_in=Trade-in Rebate | 2. Finance rebates, insurance rebate, trade-in rebate and are only to successful applicants: $100,000 / 7-year loan; sha256=0981af31bff5b56ca5115a729cdaa9437891cc47f50efbd982dd7383fbf0df8a; retrospective archive reconstruction; date-only available_at is conservatively set to end-of-day."
sgcm-81-2024-04-22-p2-b,2024-04-22T00:00:00+08:00,2024-04-22T23:59:59+08:00,2026-08-24T11:40:01.601644+00:00,https://media.i-sgcm.com/public/new-cars/pricelist/81/2024-04-22.pdf#page=2,SGCarMart archived authorised-dealer price list,Category B,BYD,Price-list page summary,PDF page 2,205388.0,205388.0,80000.0,True,6.0,mixed guaranteed and non-guaranteed packages,6000.0,"Finance Rebate | 2. Finance rebates, insurance rebate, trade-in rebate and are only to successful applicants: $100,000 / 7-year loan",6000.0,"Trade-in Rebate | 2. Finance rebates, insurance rebate, trade-in rebate and are only to successful applicants: $100,000 / 7-year loan",10000.0,,2024-05-08,"Promotion | The above promotion, price and vehicle specifications are subject to change without prior notice.",,,,0.0780084028343889,SGD,"brand_category_pricelist_page_summary; explicit_page_label; price_count=20; price_range=171888.0-306888.0; finance_rate_pct=20.0; finance=Finance Rebate | 2. Finance rebates, insurance rebate, trade-in rebate and are only to successful applicants: $100,000 / 7-year loan; trade_in=Trade-in Rebate | 2. Finance rebates, insurance rebate, trade-in rebate and are only to successful applicants: $100,000 / 7-year loan; sha256=763c568cf531adb131bd2fb6d7bc5a7931c1621f570fd73faf3f557a5985035b; retrospective archive reconstruction; date-only available_at is conservatively set to end-of-day."
sgcm-81-2024-04-26-p2-b,2024-04-26T00:00:00+08:00,2024-04-26T23:59:59+08:00,2026-08-24T11:40:12.487049+00:00,https://media.i-sgcm.com/public/new-cars/pricelist/81/2024-04-26.pdf#page=2,SGCarMart archived authorised-dealer price list,Category B,BYD,Price-list page summary,PDF page 2,204888.0,205388.0,80000.0,True,6.0,mixed guaranteed and non-guaranteed packages,6000.0,"Finance Rebate | 2. Finance rebates, insurance rebate, trade-in rebate and are only to successful applicants: $100,000 / 7-year loan",6000.0,"Trade-in Rebate | 2. Finance rebates, insurance rebate, trade-in rebate and are only to successful applicants: $100,000 / 7-year loan",10000.0,,2024-05-08,"Promotion | The above promotion, price and vehicle specifications are subject to change without prior notice.",,,,0.0780084028343889,SGD,"brand_category_pricelist_page_summary; explicit_page_label; price_count=19; price_range=171888.0-306888.0; finance_rate_pct=20.0; finance=Finance Rebate | 2. Finance rebates, insurance rebate, trade-in rebate and are only to successful applicants: $100,000 / 7-year loan; trade_in=Trade-in Rebate | 2. Finance rebates, insurance rebate, trade-in rebate and are only to successful applicants: $100,000 / 7-year loan; sha256=fd585da5fb3c58b65d16393df0865929514c797b107bbe9f1a7d850e2a945d48; retrospective archive reconstruction; date-only available_at is conservatively set to end-of-day."
sgcm-81-2024-05-13-p2-b,2024-05-13T00:00:00+08:00,2024-05-13T23:59:59+08:00,2026-08-24T11:41:00.269706+00:00,https://media.i-sgcm.com/public/new-cars/pricelist/81/2024-05-13.pdf#page=2,SGCarMart archived authorised-dealer price list,Category B,BYD,Price-list page summary,PDF page 2,208888.0,204888.0,85000.0,True,6.0,mixed guaranteed and non-guaranteed packages,6000.0,"Finance Rebate | 2. Finance rebates, insurance rebate, trade-in rebate and are only to successful applicants: $100,000 / 7-year loan",6000.0,"Trade-in Rebate | 2. Finance rebates, insurance rebate, trade-in rebate and are only to successful applicants: $100,000 / 7-year loan",10000.0,,2024-05-19,"Promotion | The above promotion, price and vehicle specifications are subject to change without prior notice.",,,,0.0897138204517354,SGD,"brand_category_pricelist_page_summary; explicit_page_label; price_count=20; price_range=174888.0-309888.0; finance_rate_pct=20.0; finance=Finance Rebate | 2. Finance rebates, insurance rebate, trade-in rebate and are only to successful applicants: $100,000 / 7-year loan; trade_in=Trade-in Rebate | 2. Finance rebates, insurance rebate, trade-in rebate and are only to successful applicants: $100,000 / 7-year loan; sha256=c528cfe74acee9d53cde0ed0ce626fcd97c2e150d153ca428ecf68dce9b5881c; retrospective archive reconstruction; date-only available_at is conservatively set to end-of-day."
sgcm-81-2024-05-27-p2-b,2024-05-27T00:00:00+08:00,2024-05-27T23:59:59+08:00,2026-08-24T11:41:27.290060+00:00,https://media.i-sgcm.com/public/new-cars/pricelist/81/2024-05-27.pdf#page=2,SGCarMart archived authorised-dealer price list,Category B,BYD,Price-list page summary,PDF page 2,209888.0,208888.0,86000.0,True,6.0,mixed guaranteed and non-guaranteed packages,6000.0,"Finance Rebate | 2. Finance rebates, insurance rebate, trade-in rebate and are only to successful applicants: $100,000 / 7-year loan",6000.0,"Trade-in Rebate | 2. Finance rebates, insurance rebate, trade-in rebate and are only to successful applicants: $100,000 / 7-year loan",10000.0,,2024-06-05,"Promotion | $10,000 Roadshow Discount for Excite Package* | The above promotion, price and vehicle specifications are subject to change without prior notice.","Promotion | $10,000 Roadshow Discount for Excite Package* | The above promotion, price and vehicle specifications are subject to change without prior notice.",2024-05-24,2024-06-05,0.0897138204517354,SGD,"brand_category_pricelist_page_summary; explicit_page_label; price_count=20; price_range=175888.0-310888.0; finance_rate_pct=20.0; finance=Finance Rebate | 2. Finance rebates, insurance rebate, trade-in rebate and are only to successful applicants: $100,000 / 7-year loan; trade_in=Trade-in Rebate | 2. Finance rebates, insurance rebate, trade-in rebate and are only to successful applicants: $100,000 / 7-year loan; sha256=7aa000e04559552f6bdd2445ddb2d7bbf2504d1a5704a6b97b5f1ccb5ac5c5cb; retrospective archive reconstruction; date-only available_at is conservatively set to end-of-day."
sgcm-81-2024-06-07-p2-b,2024-06-07T00:00:00+08:00,2024-06-07T23:59:59+08:00,2026-08-24T11:41:54.487925+00:00,https://media.i-sgcm.com/public/new-cars/pricelist/81/2024-06-07.pdf#page=2,SGCarMart archived authorised-dealer price list,Category B,BYD,Price-list page summary,PDF page 2,205888.0,209888.0,82000.0,True,6.0,mixed guaranteed and non-guaranteed packages,6000.0,"Finance Rebate | 2. Finance rebates, insurance rebate, trade-in rebate and are only to successful applicants: $100,000 / 7-year loan",6000.0,"Trade-in Rebate | 2. Finance rebates, insurance rebate, trade-in rebate and are only to successful applicants: $100,000 / 7-year loan",10000.0,,2024-06-09,"Promotion | $10,000 Roadshow Discount for Excite Package* | The above promotion, price and vehicle specifications are subject to change without prior notice.","Promotion | $10,000 Roadshow Discount for Excite Package* | The above promotion, price and vehicle specifications are subject to change without prior notice.",2024-06-06,2024-06-09,0.0965870807089497,SGD,"brand_category_pricelist_page_summary; explicit_page_label; price_count=20; price_range=171888.0-306888.0; finance_rate_pct=20.0; finance=Finance Rebate | 2. Finance rebates, insurance rebate, trade-in rebate and are only to successful applicants: $100,000 / 7-year loan; trade_in=Trade-in Rebate | 2. Finance rebates, insurance rebate, trade-in rebate and are only to successful applicants: $100,000 / 7-year loan; sha256=be154d82c3a365a572f6be0d464d7bed9b3a1bb897bb13735b7e70714ab76b1e; retrospective archive reconstruction; date-only available_at is conservatively set to end-of-day."
sgcm-81-2025-08-08-p3-b,2025-08-08T00:00:00+08:00,2025-08-08T23:59:59+08:00,2026-08-24T11:58:27.021839+00:00,https://media.i-sgcm.com/public/new-cars/pricelist/81/2025-08-08.pdf#page=3,SGCarMart archived authorised-dealer price list,Category B,BYD,Price-list page summary,PDF page 3,225888.0,205888.0,,True,,mixed guaranteed and non-guaranteed packages,6000.0,FINANCE REBATE,6000.0,TRADE-IN REBATE,7000.0,,2025-08-20,CURRENT PROMOTIONS | PROMOTION,,,,0.1757818863007004,SGD,brand_category_pricelist_page_summary; explicit_page_label; price_count=15; price_range=205888.0-305888.0; finance_rate_pct=nan; finance=FINANCE REBATE; trade_in=TRADE-IN REBATE; sha256=b11aa5dd27d46e17827f78a6c1d7ea099cb8cb6b44760aacf50be5278bdcda44; retrospective archive reconstruction; date-only available_at is conservatively set to end-of-day.
sgcm-81-2025-08-08-p4-b,2025-08-08T00:00:00+08:00,2025-08-08T23:59:59+08:00,2026-08-24T11:58:27.021839+00:00,https://media.i-sgcm.com/public/new-cars/pricelist/81/2025-08-08.pdf#page=4,SGCarMart archived authorised-dealer price list,Category B,BYD,Price-list page summary,PDF page 4,257388.0,225888.0,100000.0,True,6.0,mixed guaranteed and non-guaranteed packages,6000.0,"FINANCE REBATE | Finance rebates, insurance rebate and trade-in rebate are applicable only to successful applicants: $100,000 / 7-year loan",6000.0,"TRADE-IN REBATE | Finance rebates, insurance rebate and trade-in rebate are applicable only to successful applicants: $100,000 / 7-year loan",7000.0,,,"CURRENT PROMOTIONS | PROMOTION | Promotion, price and vehicle specifications are subject to change without prior notice.",,,,0.1757818863007004,SGD,"brand_category_pricelist_page_summary; explicit_page_label; price_count=10; price_range=203888.0-329888.0; finance_rate_pct=nan; finance=FINANCE REBATE | Finance rebates, insurance rebate and trade-in rebate are applicable only to successful applicants: $100,000 / 7-year loan; trade_in=TRADE-IN REBATE | Finance rebates, insurance rebate and trade-in rebate are applicable only to successful applicants: $100,000 / 7-year loan; sha256=b11aa5dd27d46e17827f78a6c1d7ea099cb8cb6b44760aacf50be5278bdcda44; retrospective archive reconstruction; date-only available_at is conservatively set to end-of-day."
sgcm-81-2025-08-22-p3-b,2025-08-22T00:00:00+08:00,2025-08-22T23:59:59+08:00,2026-08-24T11:58:59.513576+00:00,https://media.i-sgcm.com/public/new-cars/pricelist/81/2025-08-22.pdf#page=3,SGCarMart archived authorised-dealer price list,Category B,BYD,Price-list page summary,PDF page 3,226888.0,257388.0,103500.0,True,6.0,mixed guaranteed and non-guaranteed packages,6000.0,"FINANCE REBATE | Price is after finance, insurance, and trade-in rebates, applicable only to successful applicants (e.g. $100,000 / 7-year loan).",6000.0,"TRADE-IN REBATE | Price is after finance, insurance, and trade-in rebates, applicable only to successful applicants (e.g. $100,000 / 7-year loan).",7000.0,,2025-08-29,"DOWNTOWN EAST ROADSHOW SPECIALS | Current Promotions & Year-Round Perks) | PROMOTION | • $7,000 Roadshow discount for Excite Package | Promotion, price and vehicle specifications are subject to change without prior notice.","DOWNTOWN EAST ROADSHOW SPECIALS | Current Promotions & Year-Round Perks) | PROMOTION | • $7,000 Roadshow discount for Excite Package | Promotion, price and vehicle specifications are subject to change without prior notice.",2025-08-21,2025-08-29,0.1757818863007004,SGD,"brand_category_pricelist_page_summary; explicit_page_label; price_count=15; price_range=206888.0-306888.0; finance_rate_pct=nan; finance=FINANCE REBATE | Price is after finance, insurance, and trade-in rebates, applicable only to successful applicants (e.g. $100,000 / 7-year loan).; trade_in=TRADE-IN REBATE | Price is after finance, insurance, and trade-in rebates, applicable only to successful applicants (e.g. $100,000 / 7-year loan).; sha256=4ea84856cebc111e98257e1b64032e05e23f411263edca809909fc7ee21d4e77; retrospective archive reconstruction; date-only available_at is conservatively set to end-of-day."
sgcm-81-2025-08-22-p4-b,2025-08-22T00:00:00+08:00,2025-08-22T23:59:59+08:00,2026-08-24T11:58:59.513576+00:00,https://media.i-sgcm.com/public/new-cars/pricelist/81/2025-08-22.pdf#page=4,SGCarMart archived authorised-dealer price list,Category B,BYD,Price-list page summary,PDF page 4,258388.0,226888.0,103500.0,True,6.0,mixed guaranteed and non-guaranteed packages,6000.0,"FINANCE REBATE | 2. Price is after finance, insurance, and trade-in rebates, applicable only to successful applicants (e.g. $100,000 / 7-year loan).",6000.0,"TRADE-IN REBATE | 2. Price is after finance, insurance, and trade-in rebates, applicable only to successful applicants (e.g. $100,000 / 7-year loan).",7000.0,,2025-08-29,"DOWNTOWN EAST ROADSHOW SPECIALS | Current Promotions & Year-Round Perks) | PROMOTION | • $7,000 Roadshow discount for Excite Package | Promotion, price and vehicle specifications are subject to change without prior notice.","DOWNTOWN EAST ROADSHOW SPECIALS | Current Promotions & Year-Round Perks) | PROMOTION | • $7,000 Roadshow discount for Excite Package | Promotion, price and vehicle specifications are subject to change without prior notice.",2025-08-21,2025-08-29,0.1757818863007004,SGD,"brand_category_pricelist_page_summary; explicit_page_label; price_count=10; price_range=204888.0-330888.0; finance_rate_pct=nan; finance=FINANCE REBATE | 2. Price is after finance, insurance, and trade-in rebates, applicable only to successful applicants (e.g. $100,000 / 7-year loan).; trade_in=TRADE-IN REBATE | 2. Price is after finance, insurance, and trade-in rebates, applicable only to successful applicants (e.g. $100,000 / 7-year loan).; sha256=4ea84856cebc111e98257e1b64032e05e23f411263edca809909fc7ee21d4e77; retrospective archive reconstruction; date-only available_at is conservatively set to end-of-day."
sgcm-81-2025-08-29-p3-b,2025-08-29T00:00:00+08:00,2025-08-29T23:59:59+08:00,2026-08-24T11:59:04.953550+00:00,https://media.i-sgcm.com/public/new-cars/pricelist/81/2025-08-29.pdf#page=3,SGCarMart archived authorised-dealer price list,Category B,BYD,Price-list page summary,PDF page 3,226888.0,258388.0,103500.0,True,6.0,mixed guaranteed and non-guaranteed packages,6000.0,"FINANCE REBATE | Price is after finance, insurance, and trade-in rebates, applicable only to successful applicants (e.g. $100,000 / 7-year loan).",6000.0,"TRADE-IN REBATE | Price is after finance, insurance, and trade-in rebates, applicable only to successful applicants (e.g. $100,000 / 7-year loan).",7000.0,,2025-09-03,"EXTENDED ROADSHOW SPECIALS | Current Promotions & Year-Round Perks) | PROMOTION | Promotion, price and vehicle specifications are subject to change without prior notice.","EXTENDED ROADSHOW SPECIALS | Current Promotions & Year-Round Perks) | PROMOTION | Promotion, price and vehicle specifications are subject to change without prior notice.",2025-08-29,2025-09-03,0.1757818863007004,SGD,"brand_category_pricelist_page_summary; explicit_page_label; price_count=15; price_range=206888.0-306888.0; finance_rate_pct=nan; finance=FINANCE REBATE | Price is after finance, insurance, and trade-in rebates, applicable only to successful applicants (e.g. $100,000 / 7-year loan).; trade_in=TRADE-IN REBATE | Price is after finance, insurance, and trade-in rebates, applicable only to successful applicants (e.g. $100,000 / 7-year loan).; sha256=54c729b4bc0389770d538346300a60b7fcb0b9fd61909ba09520f43b99b66f14; retrospective archive reconstruction; date-only available_at is conservatively set to end-of-day."
sgcm-81-2025-08-29-p4-b,2025-08-29T00:00:00+08:00,2025-08-29T23:59:59+08:00,2026-08-24T11:59:04.953550+00:00,https://media.i-sgcm.com/public/new-cars/pricelist/81/2025-08-29.pdf#page=4,SGCarMart archived authorised-dealer price list,Category B,BYD,Price-list page summary,PDF page 4,258388.0,226888.0,103500.0,True,6.0,mixed guaranteed and non-guaranteed packages,6000.0,"FINANCE REBATE | 2. Price is after finance, insurance, and trade-in rebates, applicable only to successful applicants (e.g. $100,000 / 7-year loan).",6000.0,"TRADE-IN REBATE | 2. Price is after finance, insurance, and trade-in rebates, applicable only to successful applicants (e.g. $100,000 / 7-year loan).",7000.0,,2025-09-03,"EXTENDED ROADSHOW SPECIALS | Current Promotions & Year-Round Perks) | PROMOTION | 5. Promotion, price and vehicle specifications are subject to change without prior notice.","EXTENDED ROADSHOW SPECIALS | Current Promotions & Year-Round Perks) | PROMOTION | 5. Promotion, price and vehicle specifications are subject to change without prior notice.",2025-08-29,2025-09-03,0.1757818863007004,SGD,"brand_category_pricelist_page_summary; explicit_page_label; price_count=10; price_range=204888.0-330888.0; finance_rate_pct=nan; finance=FINANCE REBATE | 2. Price is after finance, insurance, and trade-in rebates, applicable only to successful applicants (e.g. $100,000 / 7-year loan).; trade_in=TRADE-IN REBATE | 2. Price is after finance, insurance, and trade-in rebates, applicable only to successful applicants (e.g. $100,000 / 7-year loan).; sha256=54c729b4bc0389770d538346300a60b7fcb0b9fd61909ba09520f43b99b66f14; retrospective archive reconstruction; date-only available_at is conservatively set to end-of-day."
sgcm-81-2025-09-04-p3-b,2025-09-04T00:00:00+08:00,2025-09-04T23:59:59+08:00,2026-08-24T11:59:26.554073+00:00,https://media.i-sgcm.com/public/new-cars/pricelist/81/2025-09-04.pdf#page=3,SGCarMart archived authorised-dealer price list,Category B,BYD,Price-list page summary,PDF page 3,230888.0,258388.0,111000.0,True,6.0,mixed guaranteed and non-guaranteed packages,6000.0,"FINANCE REBATE | Price is after finance, insurance, and trade-in rebates, applicable only to successful applicants (e.g. $100,000 / 7-year loan).",6000.0,"TRADE-IN REBATE | Price is after finance, insurance, and trade-in rebates, applicable only to successful applicants (e.g. $100,000 / 7-year loan).",7000.0,,2025-09-08,"100 HOUR SALE PROMOTIONS | Current Promotions & Year-Round Perks) | PROMOTION | Promotion, price and vehicle specifications are subject to change without prior notice.",,,,0.1816594061791098,SGD,"brand_category_pricelist_page_summary; explicit_page_label; price_count=15; price_range=210888.0-310888.0; finance_rate_pct=nan; finance=FINANCE REBATE | Price is after finance, insurance, and trade-in rebates, applicable only to successful applicants (e.g. $100,000 / 7-year loan).; trade_in=TRADE-IN REBATE | Price is after finance, insurance, and trade-in rebates, applicable only to successful applicants (e.g. $100,000 / 7-year loan).; sha256=32a9411ae04aadd1e9fc43f3b994c9856333aa63f0f9abb1650aefadce0dc8f5; retrospective archive reconstruction; date-only available_at is conservatively set to end-of-day."
sgcm-81-2025-09-04-p4-b,2025-09-04T00:00:00+08:00,2025-09-04T23:59:59+08:00,2026-08-24T11:59:26.554073+00:00,https://media.i-sgcm.com/public/new-cars/pricelist/81/2025-09-04.pdf#page=4,SGCarMart archived authorised-dealer price list,Category B,BYD,Price-list page summary,PDF page 4,262388.0,230888.0,107500.0,True,6.0,mixed guaranteed and non-guaranteed packages,6000.0,"FINANCE REBATE | 2. Price is after finance, insurance, and trade-in rebates, applicable only to successful applicants (e.g. $100,000 / 7-year loan).",6000.0,"TRADE-IN REBATE | 2. Price is after finance, insurance, and trade-in rebates, applicable only to successful applicants (e.g. $100,000 / 7-year loan).",7000.0,,2025-09-08,"100 HOUR SALE PROMOTIONS | Current Promotions & Year-Round Perks) | PROMOTION | 5. Promotion, price and vehicle specifications are subject to change without prior notice.",,,,0.1816594061791098,SGD,"brand_category_pricelist_page_summary; explicit_page_label; price_count=10; price_range=208888.0-334888.0; finance_rate_pct=nan; finance=FINANCE REBATE | 2. Price is after finance, insurance, and trade-in rebates, applicable only to successful applicants (e.g. $100,000 / 7-year loan).; trade_in=TRADE-IN REBATE | 2. Price is after finance, insurance, and trade-in rebates, applicable only to successful applicants (e.g. $100,000 / 7-year loan).; sha256=32a9411ae04aadd1e9fc43f3b994c9856333aa63f0f9abb1650aefadce0dc8f5; retrospective archive reconstruction; date-only available_at is conservatively set to end-of-day."
sgcm-81-2025-09-23-p3-b,2025-09-23T00:00:00+08:00,2025-09-23T23:59:59+08:00,2026-08-24T12:00:09.861284+00:00,https://media.i-sgcm.com/public/new-cars/pricelist/81/2025-09-23.pdf#page=3,SGCarMart archived authorised-dealer price list,Category B,BYD,Price-list page summary,PDF page 3,245888.0,262388.0,119000.0,True,6.0,mixed guaranteed and non-guaranteed packages,6000.0,"FINANCE REBATE | Price is after finance, insurance, and trade-in rebates, applicable only to successful applicants (e.g. $100,000 / 7-year loan).",6000.0,"TRADE-IN REBATE | Price is after finance, insurance, and trade-in rebates, applicable only to successful applicants (e.g. $100,000 / 7-year loan).",,,2025-09-26,"Current Promotions & Year-Round Perks) | PROMOTIONI | Promotion, price and vehicle specifications are subject to change without prior notice.",,,,0.1816594061791098,SGD,"brand_category_pricelist_page_summary; explicit_page_label; price_count=15; price_range=225888.0-325888.0; finance_rate_pct=nan; finance=FINANCE REBATE | Price is after finance, insurance, and trade-in rebates, applicable only to successful applicants (e.g. $100,000 / 7-year loan).; trade_in=TRADE-IN REBATE | Price is after finance, insurance, and trade-in rebates, applicable only to successful applicants (e.g. $100,000 / 7-year loan).; sha256=101e079c240d105814dacf675bf410c75fcd8aa56a926fc46d6ac1c17d68f9e1; retrospective archive reconstruction; date-only available_at is conservatively set to end-of-day."
sgcm-81-2025-09-23-p4-b,2025-09-23T00:00:00+08:00,2025-09-23T23:59:59+08:00,2026-08-24T12:00:09.861284+00:00,https://media.i-sgcm.com/public/new-cars/pricelist/81/2025-09-23.pdf#page=4,SGCarMart archived authorised-dealer price list,Category B,BYD,Price-list page summary,PDF page 4,277388.0,245888.0,119000.0,True,6.0,mixed guaranteed and non-guaranteed packages,6000.0,"FINANCE REBATE | 2. Price isafter finance, insurance, and trade-in re bates, applicable only to successful applicants (e.g $100,000 / 7-year loan).",6000.0,"TRADE-IN REBATE | 2. Price isafter finance, insurance, and trade-in re bates, applicable only to successful applicants (e.g $100,000 / 7-year loan).",,,2025-09-26,"Current Promotions & Year-Round Perks) | | PROMOTIONI | 5. Promotion, price and vehicle specifications are subject to change without prior notice.",,,,0.1816594061791098,SGD,"brand_category_pricelist_page_summary; explicit_page_label; price_count=10; price_range=223888.0-349888.0; finance_rate_pct=nan; finance=FINANCE REBATE | 2. Price isafter finance, insurance, and trade-in re bates, applicable only to successful applicants (e.g $100,000 / 7-year loan).; trade_in=TRADE-IN REBATE | 2. Price isafter finance, insurance, and trade-in re bates, applicable only to successful applicants (e.g $100,000 / 7-year loan).; sha256=101e079c240d105814dacf675bf410c75fcd8aa56a926fc46d6ac1c17d68f9e1; retrospective archive reconstruction; date-only available_at is conservatively set to end-of-day."
sgcm-81-2025-09-29-p3-b,2025-09-29T00:00:00+08:00,2025-09-29T23:59:59+08:00,2026-08-24T12:00:15.264077+00:00,https://media.i-sgcm.com/public/new-cars/pricelist/81/2025-09-29.pdf#page=3,SGCarMart archived authorised-dealer price list,Category B,BYD,Price-list page summary,PDF page 3,245888.0,277388.0,119000.0,True,6.0,mixed guaranteed and non-guaranteed packages,6000.0,"FINANCE REBATE | Price is after finance, insurance, and trade-in rebates, applicable only to successful applicants (e.g. $100,000 / 7-year loan).",6000.0,"TRADE-IN REBATE | Price is after finance, insurance, and trade-in rebates, applicable only to successful applicants (e.g. $100,000 / 7-year loan).",,,2025-10-01,"Current Promotions & Year-Round Perks) | PROMOTIONI | Promotion, price and vehicle specifications are subject to change without prior notice.",,,,0.1816594061791098,SGD,"brand_category_pricelist_page_summary; explicit_page_label; price_count=15; price_range=225888.0-325888.0; finance_rate_pct=nan; finance=FINANCE REBATE | Price is after finance, insurance, and trade-in rebates, applicable only to successful applicants (e.g. $100,000 / 7-year loan).; trade_in=TRADE-IN REBATE | Price is after finance, insurance, and trade-in rebates, applicable only to successful applicants (e.g. $100,000 / 7-year loan).; sha256=44084fe866658a8b356234f4c42711b37f3bbfdeafe4afc54972683f9504724a; retrospective archive reconstruction; date-only available_at is conservatively set to end-of-day."
sgcm-81-2025-09-29-p4-b,2025-09-29T00:00:00+08:00,2025-09-29T23:59:59+08:00,2026-08-24T12:00:15.264077+00:00,https://media.i-sgcm.com/public/new-cars/pricelist/81/2025-09-29.pdf#page=4,SGCarMart archived authorised-dealer price list,Category B,BYD,Price-list page summary,PDF page 4,277388.0,245888.0,119000.0,True,6.0,mixed guaranteed and non-guaranteed packages,6000.0,"FINANCE REBATE | 2. Price isafter finance, insurance, and trade-in re bates, applicable only to successful applicants (e.g $100,000 / 7-year loan).",6000.0,"TRADE-IN REBATE | 2. Price isafter finance, insurance, and trade-in re bates, applicable only to successful applicants (e.g $100,000 / 7-year loan).",,,2025-10-01,"Current Promotions & Year-Round Perks) | | PROMOTIONI | 5. Promotion, price and vehicle specifications are subject to change without prior notice.",,,,0.1816594061791098,SGD,"brand_category_pricelist_page_summary; explicit_page_label; price_count=10; price_range=223888.0-349888.0; finance_rate_pct=nan; finance=FINANCE REBATE | 2. Price isafter finance, insurance, and trade-in re bates, applicable only to successful applicants (e.g $100,000 / 7-year loan).; trade_in=TRADE-IN REBATE | 2. Price isafter finance, insurance, and trade-in re bates, applicable only to successful applicants (e.g $100,000 / 7-year loan).; sha256=44084fe866658a8b356234f4c42711b37f3bbfdeafe4afc54972683f9504724a; retrospective archive reconstruction; date-only available_at is conservatively set to end-of-day."
sgcm-81-2025-10-02-p3-b,2025-10-02T00:00:00+08:00,2025-10-02T23:59:59+08:00,2026-08-24T12:00:26.411348+00:00,https://media.i-sgcm.com/public/new-cars/pricelist/81/2025-10-02.pdf#page=3,SGCarMart archived authorised-dealer price list,Category B,BYD,Price-list page summary,PDF page 3,245888.0,277388.0,119000.0,True,6.0,mixed guaranteed and non-guaranteed packages,6000.0,"FINANCE REBATE | Price is after finance, insurance, and trade-in rebates, applicable only to successful applicants (e.g. $100,000 / 7-year loan).",6000.0,"TRADE-IN REBATE | Price is after finance, insurance, and trade-in rebates, applicable only to successful applicants (e.g. $100,000 / 7-year loan).",,,2025-10-08,"Current Promotions & Year-Round Perks) | PROMOTIONI | Promotion, price and vehicle specifications are subject to change without prior notice.",,,,0.1908239403079853,SGD,"brand_category_pricelist_page_summary; explicit_page_label; price_count=15; price_range=225888.0-325888.0; finance_rate_pct=nan; finance=FINANCE REBATE | Price is after finance, insurance, and trade-in rebates, applicable only to successful applicants (e.g. $100,000 / 7-year loan).; trade_in=TRADE-IN REBATE | Price is after finance, insurance, and trade-in rebates, applicable only to successful applicants (e.g. $100,000 / 7-year loan).; sha256=9685782aa5f530e6cf49ade8d145e55146fe5b38ac030bb40a3ed7c4471ac5c0; retrospective archive reconstruction; date-only available_at is conservatively set to end-of-day."
sgcm-81-2025-10-02-p4-b,2025-10-02T00:00:00+08:00,2025-10-02T23:59:59+08:00,2026-08-24T12:00:26.411348+00:00,https://media.i-sgcm.com/public/new-cars/pricelist/81/2025-10-02.pdf#page=4,SGCarMart archived authorised-dealer price list,Category B,BYD,Price-list page summary,PDF page 4,277388.0,245888.0,119000.0,True,6.0,mixed guaranteed and non-guaranteed packages,6000.0,"FINANCE REBATE | 2. Price isafter finance, insurance, and trade-in re bates, applicable only to successful applicants (e.g $100,000 / 7-year loan).",6000.0,"TRADE-IN REBATE | 2. Price isafter finance, insurance, and trade-in re bates, applicable only to successful applicants (e.g $100,000 / 7-year loan).",,,2025-10-08,"Current Promotions & Year-Round Perks) | | PROMOTIONI | 5. Promotion, price and vehicle specifications are subject to change without prior notice.",,,,0.1908239403079853,SGD,"brand_category_pricelist_page_summary; explicit_page_label; price_count=10; price_range=223888.0-349888.0; finance_rate_pct=nan; finance=FINANCE REBATE | 2. Price isafter finance, insurance, and trade-in re bates, applicable only to successful applicants (e.g $100,000 / 7-year loan).; trade_in=TRADE-IN REBATE | 2. Price isafter finance, insurance, and trade-in re bates, applicable only to successful applicants (e.g $100,000 / 7-year loan).; sha256=9685782aa5f530e6cf49ade8d145e55146fe5b38ac030bb40a3ed7c4471ac5c0; retrospective archive reconstruction; date-only available_at is conservatively set to end-of-day."
sgcm-81-2025-10-09-p3-b,2025-10-09T00:00:00+08:00,2025-10-09T23:59:59+08:00,2026-08-24T12:00:48.258604+00:00,https://media.i-sgcm.com/public/new-cars/pricelist/81/2025-10-09.pdf#page=3,SGCarMart archived authorised-dealer price list,Category B,BYD,Price-list page summary,PDF page 3,243388.0,277388.0,119000.0,True,6.0,mixed guaranteed and non-guaranteed packages,6000.0,"FINANCE REBATE | • 2.28% Exclusive interest rate | Price is after finance, insurance, and trade-in rebates, applicable only to successful applicants (e.g. $100,000 / 7-year",6000.0,"TRADE-IN REBATE | Price is after finance, insurance, and trade-in rebates, applicable only to successful applicants (e.g. $100,000 / 7-year",7000.0,,2025-10-23,"CURRENT PROMOTIONS | Current Promotions & Year-Round Perks) | PROMOTION | Promotion, price and vehicle specifications are subject to change without prior notice.",,,,0.1908239403079853,SGD,"brand_category_pricelist_page_summary; explicit_page_label; price_count=15; price_range=223388.0-323388.0; finance_rate_pct=2.28; finance=FINANCE REBATE | • 2.28% Exclusive interest rate | Price is after finance, insurance, and trade-in rebates, applicable only to successful applicants (e.g. $100,000 / 7-year; trade_in=TRADE-IN REBATE | Price is after finance, insurance, and trade-in rebates, applicable only to successful applicants (e.g. $100,000 / 7-year; sha256=39753a641bb76a0a473e14964029eb81927aba4188d605931f9abd93d7c154f3; retrospective archive reconstruction; date-only available_at is conservatively set to end-of-day."
sgcm-81-2025-10-09-p4-b,2025-10-09T00:00:00+08:00,2025-10-09T23:59:59+08:00,2026-08-24T12:00:48.258604+00:00,https://media.i-sgcm.com/public/new-cars/pricelist/81/2025-10-09.pdf#page=4,SGCarMart archived authorised-dealer price list,Category B,BYD,Price-list page summary,PDF page 4,274888.0,243388.0,119000.0,True,6.0,mixed guaranteed and non-guaranteed packages,6000.0,"FINANCE REBATE | • 2.28% Exclusive interest rate | 2. Price is after finance, insurance, and trade-in rebates, applicable only to successful applicants (e.g. $100,000 / 7-year loan).",6000.0,"TRADE-IN REBATE | 2. Price is after finance, insurance, and trade-in rebates, applicable only to successful applicants (e.g. $100,000 / 7-year loan).",7000.0,,2025-10-23,"CURRENT PROMOTIONS | Current Promotions & Year-Round Perks) | PROMOTION | Promotion, price and vehicle specifications are subject to change without prior notice.",,,,0.1908239403079853,SGD,"brand_category_pricelist_page_summary; explicit_page_label; price_count=10; price_range=221388.0-347388.0; finance_rate_pct=2.28; finance=FINANCE REBATE | • 2.28% Exclusive interest rate | 2. Price is after finance, insurance, and trade-in rebates, applicable only to successful applicants (e.g. $100,000 / 7-year loan).; trade_in=TRADE-IN REBATE | 2. Price is after finance, insurance, and trade-in rebates, applicable only to successful applicants (e.g. $100,000 / 7-year loan).; sha256=39753a641bb76a0a473e14964029eb81927aba4188d605931f9abd93d7c154f3; retrospective archive reconstruction; date-only available_at is conservatively set to end-of-day."
sgcm-81-2025-10-24-p3-b,2025-10-24T00:00:00+08:00,2025-10-24T23:59:59+08:00,2026-08-24T12:01:15.299443+00:00,https://media.i-sgcm.com/public/new-cars/pricelist/81/2025-10-24.pdf#page=3,SGCarMart archived authorised-dealer price list,Category B,BYD,Price-list page summary,PDF page 3,234388.0,274888.0,110000.0,True,6.0,mixed guaranteed and non-guaranteed packages,6000.0,"FINANCE REBATE | • 2.28% Special interest rate | 2. Price is after finance, insurance, and trade-in rebates, applicable only to successful applicants (e.g. $100,000 / 7-year|",6000.0,"TRADE-IN REBATE | 2. Price is after finance, insurance, and trade-in rebates, applicable only to successful applicants (e.g. $100,000 / 7-year|",7000.0,,2025-11-05,"EXCLUSIVE ROADSHOW DEALS | Current Promotions & Year-Round Perks) | PROMOTION | Promotion, price and vehicle specifications are subject to change without prior notice.","EXCLUSIVE ROADSHOW DEALS | Current Promotions & Year-Round Perks) | PROMOTION | Promotion, price and vehicle specifications are subject to change without prior notice.",2025-10-24,2025-11-05,0.1908239403079853,SGD,"brand_category_pricelist_page_summary; explicit_page_label; price_count=15; price_range=214388.0-314388.0; finance_rate_pct=2.28; finance=FINANCE REBATE | • 2.28% Special interest rate | 2. Price is after finance, insurance, and trade-in rebates, applicable only to successful applicants (e.g. $100,000 / 7-year|; trade_in=TRADE-IN REBATE | 2. Price is after finance, insurance, and trade-in rebates, applicable only to successful applicants (e.g. $100,000 / 7-year|; sha256=63da7edcac4b68674639ccaf0e4c94afa6062675b1ff514d504345a86e56b391; retrospective archive reconstruction; date-only available_at is conservatively set to end-of-day."
sgcm-81-2025-10-24-p4-b,2025-10-24T00:00:00+08:00,2025-10-24T23:59:59+08:00,2026-08-24T12:01:15.299443+00:00,https://media.i-sgcm.com/public/new-cars/pricelist/81/2025-10-24.pdf#page=4,SGCarMart archived authorised-dealer price list,Category B,BYD,Price-list page summary,PDF page 4,266388.0,234388.0,110000.0,True,6.0,mixed guaranteed and non-guaranteed packages,6000.0,"FINANCE REBATE | • 2.28% Special interest rate | 2. Price is after finance, insurance, and trade-in rebates, applicable only to successful applicants (e.g. $100,000 / 7-year loan).",6000.0,"TRADE-IN REBATE | 2. Price is after finance, insurance, and trade-in rebates, applicable only to successful applicants (e.g. $100,000 / 7-year loan).",7000.0,,2025-11-05,"EXCLUSIVE ROADSHOW DEALS | Current Promotions & Year-Round Perks) | PROMOTION | 5. Promotion, price and vehicle specifications are subject to change without prior notice.","EXCLUSIVE ROADSHOW DEALS | Current Promotions & Year-Round Perks) | PROMOTION | 5. Promotion, price and vehicle specifications are subject to change without prior notice.",2025-10-24,2025-11-05,0.1908239403079853,SGD,"brand_category_pricelist_page_summary; explicit_page_label; price_count=10; price_range=212388.0-338888.0; finance_rate_pct=2.28; finance=FINANCE REBATE | • 2.28% Special interest rate | 2. Price is after finance, insurance, and trade-in rebates, applicable only to successful applicants (e.g. $100,000 / 7-year loan).; trade_in=TRADE-IN REBATE | 2. Price is after finance, insurance, and trade-in rebates, applicable only to successful applicants (e.g. $100,000 / 7-year loan).; sha256=63da7edcac4b68674639ccaf0e4c94afa6062675b1ff514d504345a86e56b391; retrospective archive reconstruction; date-only available_at is conservatively set to end-of-day."
sgcm-81-2025-11-07-p3-b,2025-11-07T00:00:00+08:00,2025-11-07T23:59:59+08:00,2026-08-24T12:01:58.660286+00:00,https://media.i-sgcm.com/public/new-cars/pricelist/81/2025-11-07.pdf#page=3,SGCarMart archived authorised-dealer price list,Category B,BYD,Price-list page summary,PDF page 3,217388.0,266388.0,100000.0,True,6.0,mixed guaranteed and non-guaranteed packages,6000.0,"FINANCE REBATE | • 2.28% Special interest rate | Price is after finance, insurance, and trade-in rebates, applicable only to successful applicants (e.g. $100,000 / 7-year loan).",6000.0,"TRADE-IN REBATE | Price is after finance, insurance, and trade-in rebates, applicable only to successful applicants (e.g. $100,000 / 7-year loan).",7000.0,,2025-11-09,"LIMITED-TIME ROADSHOW PROMOTIONS | Current Promotions & Year-Round Perks) | PROMOTION | Promotion, price and vehicle specifications are subject to change without prior notice.","LIMITED-TIME ROADSHOW PROMOTIONS | Current Promotions & Year-Round Perks) | PROMOTION | Promotion, price and vehicle specifications are subject to change without prior notice.",2025-11-06,2025-11-09,0.1993286350876504,SGD,"brand_category_pricelist_page_summary; explicit_page_label; price_count=15; price_range=197388.0-297388.0; finance_rate_pct=2.28; finance=FINANCE REBATE | • 2.28% Special interest rate | Price is after finance, insurance, and trade-in rebates, applicable only to successful applicants (e.g. $100,000 / 7-year loan).; trade_in=TRADE-IN REBATE | Price is after finance, insurance, and trade-in rebates, applicable only to successful applicants (e.g. $100,000 / 7-year loan).; sha256=1c291d15af5c27f320343c21f09ba265759a31711686349477c4ffdabfc13a3f; retrospective archive reconstruction; date-only available_at is conservatively set to end-of-day."
sgcm-81-2025-11-07-p4-b,2025-11-07T00:00:00+08:00,2025-11-07T23:59:59+08:00,2026-08-24T12:01:58.660286+00:00,https://media.i-sgcm.com/public/new-cars/pricelist/81/2025-11-07.pdf#page=4,SGCarMart archived authorised-dealer price list,Category B,BYD,Price-list page summary,PDF page 4,249388.0,217388.0,100000.0,True,6.0,mixed guaranteed and non-guaranteed packages,6000.0,"FINANCE REBATE | • 2.28% Special interest rate | Price is after finance, insurance, and trade-in rebates, applicable only to successful applicants (e.g. $100,000 / 7-year loan).",6000.0,"TRADE-IN REBATE | Price is after finance, insurance, and trade-in rebates, applicable only to successful applicants (e.g. $100,000 / 7-year loan).",7000.0,,2025-11-09,"LIMITED-TIME ROADSHOW PROMOTIONS | Current Promotions & Year-Round Perks) | PROMOTION | Promotion, price and vehicle specifications are subject to change without prior notice.","LIMITED-TIME ROADSHOW PROMOTIONS | Current Promotions & Year-Round Perks) | PROMOTION | Promotion, price and vehicle specifications are subject to change without prior notice.",2025-11-06,2025-11-09,0.1993286350876504,SGD,"brand_category_pricelist_page_summary; explicit_page_label; price_count=10; price_range=195388.0-321888.0; finance_rate_pct=2.28; finance=FINANCE REBATE | • 2.28% Special interest rate | Price is after finance, insurance, and trade-in rebates, applicable only to successful applicants (e.g. $100,000 / 7-year loan).; trade_in=TRADE-IN REBATE | Price is after finance, insurance, and trade-in rebates, applicable only to successful applicants (e.g. $100,000 / 7-year loan).; sha256=1c291d15af5c27f320343c21f09ba265759a31711686349477c4ffdabfc13a3f; retrospective archive reconstruction; date-only available_at is conservatively set to end-of-day."
sgcm-81-2025-11-21-p3-b,2025-11-21T00:00:00+08:00,2025-11-21T23:59:59+08:00,2026-08-24T12:02:36.554758+00:00,https://media.i-sgcm.com/public/new-cars/pricelist/81/2025-11-21.pdf#page=3,SGCarMart archived authorised-dealer price list,Category B,BYD,Price-list page summary,PDF page 3,232388.0,249388.0,113000.0,True,6.0,mixed guaranteed and non-guaranteed packages,6000.0,"FINANCE REBATE | • 2.28% Special interest rate | Price is after finance, insurance, and trade-in rebates, applicable only to successful applicants (e.g. $100,000 / 7-year loan).",6000.0,"TRADE-IN REBATE | Price is after finance, insurance, and trade-in rebates, applicable only to successful applicants (e.g. $100,000 / 7-year loan).",7000.0,,2025-12-03,YEAR END PROMOTIONS | (Package prices are inclusive of all applicable Current Promotions & Year-Round Perks) | | PROMOTION | Promotion. orice and venice soecitications are subiect to chande without orior notice.,,,,0.1993286350876504,SGD,"brand_category_pricelist_page_summary; explicit_page_label; price_count=15; price_range=212388.0-312388.0; finance_rate_pct=2.28; finance=FINANCE REBATE | • 2.28% Special interest rate | Price is after finance, insurance, and trade-in rebates, applicable only to successful applicants (e.g. $100,000 / 7-year loan).; trade_in=TRADE-IN REBATE | Price is after finance, insurance, and trade-in rebates, applicable only to successful applicants (e.g. $100,000 / 7-year loan).; sha256=f196ed9a1e7a317375bf19401c9ba2fe5b3fa69821d08649beddcce9aec7379d; retrospective archive reconstruction; date-only available_at is conservatively set to end-of-day."
sgcm-81-2025-11-21-p4-b,2025-11-21T00:00:00+08:00,2025-11-21T23:59:59+08:00,2026-08-24T12:02:36.554758+00:00,https://media.i-sgcm.com/public/new-cars/pricelist/81/2025-11-21.pdf#page=4,SGCarMart archived authorised-dealer price list,Category B,BYD,Price-list page summary,PDF page 4,264388.0,232388.0,113000.0,True,6.0,mixed guaranteed and non-guaranteed packages,6000.0,"FINANCE REBATE | 2.28% Special interest rate | Price is after finance, insurance, and trade-in rebates, applicable only to successful applicants (e.g. $100,000 / 7-year loan).",6000.0,"TRADE-IN REBATE | Price is after finance, insurance, and trade-in rebates, applicable only to successful applicants (e.g. $100,000 / 7-year loan).",7000.0,,2025-12-03,"YEAR END PROMOTIONS | (Package prices are inclusive of all applicable Current Promotions & Year-Round Perks) | PROMOTION | Promotion, price and vehicle specifications are subject to change without prior notice.",,,,0.1993286350876504,SGD,"brand_category_pricelist_page_summary; explicit_page_label; price_count=10; price_range=210388.0-336888.0; finance_rate_pct=2.28; finance=FINANCE REBATE | 2.28% Special interest rate | Price is after finance, insurance, and trade-in rebates, applicable only to successful applicants (e.g. $100,000 / 7-year loan).; trade_in=TRADE-IN REBATE | Price is after finance, insurance, and trade-in rebates, applicable only to successful applicants (e.g. $100,000 / 7-year loan).; sha256=f196ed9a1e7a317375bf19401c9ba2fe5b3fa69821d08649beddcce9aec7379d; retrospective archive reconstruction; date-only available_at is conservatively set to end-of-day."
sgcm-81-2025-12-05-p3-b,2025-12-05T00:00:00+08:00,2025-12-05T23:59:59+08:00,2026-08-24T12:03:15.040939+00:00,https://media.i-sgcm.com/public/new-cars/pricelist/81/2025-12-05.pdf#page=3,SGCarMart archived authorised-dealer price list,Category B,BYD,Price-list page summary,PDF page 3,220388.0,264388.0,107000.0,True,6.0,mixed guaranteed and non-guaranteed packages,6000.0,"FINANCE REBATE | • 2.28% Special interest rate | Price is after finance, insurance, and trade-in rebates, applicable only to successful applicants (e.g. $100,000 / 7-year loan).",6000.0,"TRADE-IN REBATE | Price is after finance, insurance, and trade-in rebates, applicable only to successful applicants (e.g. $100,000 / 7-year loan).",11000.0,,2025-12-17,"YEAR-END EXCLUSIVE X'MAS PROMOTIONS | (Package prices are inclusive of all applicable Current Promotions & Year-Round Perks) | PROMOTION | Promotion, price and vehicle specifications are subject to change without prior notice.",,,,0.207732456988208,SGD,"brand_category_pricelist_page_summary; explicit_page_label; price_count=20; price_range=204388.0-306388.0; finance_rate_pct=2.28; finance=FINANCE REBATE | • 2.28% Special interest rate | Price is after finance, insurance, and trade-in rebates, applicable only to successful applicants (e.g. $100,000 / 7-year loan).; trade_in=TRADE-IN REBATE | Price is after finance, insurance, and trade-in rebates, applicable only to successful applicants (e.g. $100,000 / 7-year loan).; sha256=940d08067dfa8794a4342e0424ce0a32765059348d53cd6ceda6dc8abdf331a6; retrospective archive reconstruction; date-only available_at is conservatively set to end-of-day."
sgcm-81-2025-12-08-p3-b,2025-12-08T00:00:00+08:00,2025-12-08T23:59:59+08:00,2026-08-24T12:03:25.930628+00:00,https://media.i-sgcm.com/public/new-cars/pricelist/81/2025-12-08.pdf#page=3,SGCarMart archived authorised-dealer price list,Category B,BYD,Price-list page summary,PDF page 3,225388.0,220388.0,107000.0,True,6.0,mixed guaranteed and non-guaranteed packages,6000.0,"FINANCE REBATE | • 2.28% Special interest rate | Price is after finance, insurance, and trade-in rebates, applicable only to successful applicants (e.g. $100,000 / 7-year loan).",6000.0,"TRADE-IN REBATE | Price is after finance, insurance, and trade-in rebates, applicable only to successful applicants (e.g. $100,000 / 7-year loan).",11000.0,,2025-12-17,"YEAR-END EXCLUSIVE X'MAS PROMOTIONS | (Package prices are inclusive of all applicable Current Promotions & Year-Round Perks) | PROMOTION | Promotion, price and vehicle specifications are subject to change without prior notice.",,,,0.207732456988208,SGD,"brand_category_pricelist_page_summary; explicit_page_label; price_count=20; price_range=204388.0-306388.0; finance_rate_pct=2.28; finance=FINANCE REBATE | • 2.28% Special interest rate | Price is after finance, insurance, and trade-in rebates, applicable only to successful applicants (e.g. $100,000 / 7-year loan).; trade_in=TRADE-IN REBATE | Price is after finance, insurance, and trade-in rebates, applicable only to successful applicants (e.g. $100,000 / 7-year loan).; sha256=076180eaeb259203cabdda17469a1e01f2cccca4cdc77d572ae92cccbce77f7b; retrospective archive reconstruction; date-only available_at is conservatively set to end-of-day."
sgcm-81-2025-12-19-p3-b,2025-12-19T00:00:00+08:00,2025-12-19T23:59:59+08:00,2026-08-24T12:04:03.711478+00:00,https://media.i-sgcm.com/public/new-cars/pricelist/81/2025-12-19.pdf#page=3,SGCarMart archived authorised-dealer price list,Category B,BYD,Price-list page summary,PDF page 3,220388.0,225388.0,100000.0,True,6.0,mixed guaranteed and non-guaranteed packages,6000.0,"FINANCE REBATE | • 2.28% Special interest rate | Price is after finance, insurance, and trade-in rebates, applicable only to successful applicants (e.g. $100,000 / 7-year loan).",6000.0,"TRADE-IN REBATE | Price is after finance, insurance, and trade-in rebates, applicable only to successful applicants (e.g. $100,000 / 7-year loan).",7000.0,,2026-01-07,"(Package prices are inclusive of all applicable Current Promotions & Year-Round Perks) | LIMITED-TIME PROMOTIONS | PROMOTION | Promotion, price and vehicle specifications are subject to change without prior notice.",,,,0.207732456988208,SGD,"brand_category_pricelist_page_summary; explicit_page_label; price_count=20; price_range=204888.0-307888.0; finance_rate_pct=2.28; finance=FINANCE REBATE | • 2.28% Special interest rate | Price is after finance, insurance, and trade-in rebates, applicable only to successful applicants (e.g. $100,000 / 7-year loan).; trade_in=TRADE-IN REBATE | Price is after finance, insurance, and trade-in rebates, applicable only to successful applicants (e.g. $100,000 / 7-year loan).; sha256=568f701c5b61df3f9daa1867cea5e77fce5684697d09edfb02cf27ac4b7d01d2; retrospective archive reconstruction; date-only available_at is conservatively set to end-of-day."
sgcm-81-2025-12-22-p3-b,2025-12-22T00:00:00+08:00,2025-12-22T23:59:59+08:00,2026-08-24T12:04:09.184823+00:00,https://media.i-sgcm.com/public/new-cars/pricelist/81/2025-12-22.pdf#page=3,SGCarMart archived authorised-dealer price list,Category B,BYD,Price-list page summary,PDF page 3,220388.0,220388.0,100000.0,True,6.0,mixed guaranteed and non-guaranteed packages,6000.0,"FINANCE REBATE | 2.28% Special interest rate | $70,000 Sure-Win Prize Pool | Price is after finance, insurance, and trade-in rebates, applicable only to successful applicants (e.g. $100,000 / 7-year loan).",6000.0,"TRADE-IN REBATE | Price is after finance, insurance, and trade-in rebates, applicable only to successful applicants (e.g. $100,000 / 7-year loan).",12000.0,,2026-01-07,"YEAR-END ROADSHOW PROMOTIONS | (Package prices are inclusive of all applicable Current Promotions & Year-Round Perks) | PROMOTION | Promotion, price and vehicle specifications are subject to change without prior notice.","YEAR-END ROADSHOW PROMOTIONS | (Package prices are inclusive of all applicable Current Promotions & Year-Round Perks) | PROMOTION | Promotion, price and vehicle specifications are subject to change without prior notice.",2025-12-20,2026-01-07,0.207732456988208,SGD,"brand_category_pricelist_page_summary; explicit_page_label; price_count=20; price_range=204888.0-307888.0; finance_rate_pct=2.28; finance=FINANCE REBATE | 2.28% Special interest rate | $70,000 Sure-Win Prize Pool | Price is after finance, insurance, and trade-in rebates, applicable only to successful applicants (e.g. $100,000 / 7-year loan).; trade_in=TRADE-IN REBATE | Price is after finance, insurance, and trade-in rebates, applicable only to successful applicants (e.g. $100,000 / 7-year loan).; sha256=47fd872029e71fced71cca178b96e2764a8060770fc714e793935a33bdcf0a03; retrospective archive reconstruction; date-only available_at is conservatively set to end-of-day."
sgcm-81-2026-01-09-p3-b,2026-01-09T00:00:00+08:00,2026-01-09T23:59:59+08:00,2026-08-24T12:04:47.014736+00:00,https://media.i-sgcm.com/public/new-cars/pricelist/81/2026-01-09.pdf#page=3,SGCarMart archived authorised-dealer price list,Category B,BYD,Price-list page summary,PDF page 3,220138.0,220388.0,100000.0,True,6.0,mixed guaranteed and non-guaranteed packages,6000.0,"From 2.08% Low Interest Rate | FINANCE REBATE | Price is after finance, insurance, and trade-in rebates, applicable only to successful applicants (e.g. $100,000 / 7-year loan).",6000.0,"TRADE-IN REBATE | Price is after finance, insurance, and trade-in rebates, applicable only to successful applicants (e.g. $100,000 / 7-year loan).",7000.0,,2026-01-11,"(Package prices are inclusive of all applicable Current Promotions & Year-Round Perks) | PROMOTION | Promotion, price and vehicle specifications are subject to change without prior notice.",,,,0.2123087436880671,SGD,"brand_category_pricelist_page_summary; explicit_page_label; price_count=20; price_range=202888.0-311888.0; finance_rate_pct=nan; finance=From 2.08% Low Interest Rate | FINANCE REBATE | Price is after finance, insurance, and trade-in rebates, applicable only to successful applicants (e.g. $100,000 / 7-year loan).; trade_in=TRADE-IN REBATE | Price is after finance, insurance, and trade-in rebates, applicable only to successful applicants (e.g. $100,000 / 7-year loan).; sha256=2d19f4df5b0e27e9d429ec8f452d1818364041f0dcf2cbfc9481a6e4d4266022; retrospective archive reconstruction; date-only available_at is conservatively set to end-of-day."
sgcm-81-2026-01-12-p3-b,2026-01-12T00:00:00+08:00,2026-01-12T23:59:59+08:00,2026-08-24T12:04:52.481538+00:00,https://media.i-sgcm.com/public/new-cars/pricelist/81/2026-01-12.pdf#page=3,SGCarMart archived authorised-dealer price list,Category B,BYD,Price-list page summary,PDF page 3,220138.0,220138.0,100000.0,True,6.0,mixed guaranteed and non-guaranteed packages,6000.0,"FINANCE REBATE | From 2.08% Low Interest Rate | Price is after finance, insurance, and trade-in rebates, applicable only to successful applicants (e.g. $100,000 / 7-year loan).",6000.0,"TRADE-IN REBATE | Price is after finance, insurance, and trade-in rebates, applicable only to successful applicants (e.g. $100,000 / 7-year loan).",7000.0,,,"EXTENDED MOTORSHOW PROMOTIONS | (Package prices are inclusive of all applicable Current Promotions & Year-Round Perks) | PROMOTION | Promotion, price and vehicle specifications are subject to change without prior notice.",,,,0.2123087436880671,SGD,"brand_category_pricelist_page_summary; explicit_page_label; price_count=20; price_range=202888.0-311888.0; finance_rate_pct=2.08; finance=FINANCE REBATE | From 2.08% Low Interest Rate | Price is after finance, insurance, and trade-in rebates, applicable only to successful applicants (e.g. $100,000 / 7-year loan).; trade_in=TRADE-IN REBATE | Price is after finance, insurance, and trade-in rebates, applicable only to successful applicants (e.g. $100,000 / 7-year loan).; sha256=d3e0b7a6f50f75d8019ee5650030b265a448b02c76f3cb254b0975dde071c076; retrospective archive reconstruction; date-only available_at is conservatively set to end-of-day."
sgcm-81-2026-01-23-p3-b,2026-01-23T00:00:00+08:00,2026-01-23T23:59:59+08:00,2026-08-24T12:05:25.841310+00:00,https://media.i-sgcm.com/public/new-cars/pricelist/81/2026-01-23.pdf#page=3,SGCarMart archived authorised-dealer price list,Category B,BYD,Price-list page summary,PDF page 3,222638.0,220138.0,104500.0,True,6.0,mixed guaranteed and non-guaranteed packages,6000.0,"FINANCE REBATE | 2.28% Attractive Interest Rate | Price is after finance, insurance, and trade-in rebates, applicable only to successful applicants (e.g. $100,000 / 7-year loan).",6000.0,"TRADE-IN REBATE | Price is after finance, insurance, and trade-in rebates, applicable only to successful applicants (e.g. $100,000 / 7-year loan).",7000.0,,2026-02-04,"(Package prices are inclusive of all applicable Current Promotions & Year-Round Perks) | PROMOTION | Promotion, price and vehicle specifications are subject to change without prior notice.",,,,0.2123087436880671,SGD,"brand_category_pricelist_page_summary; explicit_page_label; price_count=20; price_range=203888.0-314388.0; finance_rate_pct=2.28; finance=FINANCE REBATE | 2.28% Attractive Interest Rate | Price is after finance, insurance, and trade-in rebates, applicable only to successful applicants (e.g. $100,000 / 7-year loan).; trade_in=TRADE-IN REBATE | Price is after finance, insurance, and trade-in rebates, applicable only to successful applicants (e.g. $100,000 / 7-year loan).; sha256=91f15433ce6957a69dfccceb0a724ca45759dfdd1c2b5f8f7355c7eb0fef7cf3; retrospective archive reconstruction; date-only available_at is conservatively set to end-of-day."
sgcm-81-2026-01-28-p3-b,2026-01-28T00:00:00+08:00,2026-01-28T23:59:59+08:00,2026-08-24T12:05:36.568815+00:00,https://media.i-sgcm.com/public/new-cars/pricelist/81/2026-01-28.pdf#page=3,SGCarMart archived authorised-dealer price list,Category B,BYD,Price-list page summary,PDF page 3,222638.0,222638.0,104500.0,True,6.0,mixed guaranteed and non-guaranteed packages,6000.0,"FINANCE REBATE | 2.28% Attractive Interest Rate | Price is after finance, insurance, and trade-in rebates, applicable only to successful applicants (e.g. $100,000 / 7-year loan).",6000.0,"TRADE-IN REBATE | Price is after finance, insurance, and trade-in rebates, applicable only to successful applicants (e.g. $100,000 / 7-year loan).",7000.0,,2026-02-04,"(Package prices are inclusive of all applicable Current Promotions & Year-Round Perks) | PROMOTION | Promotion, price and vehicle specifications are subject to change without prior notice.",,,,0.2123087436880671,SGD,"brand_category_pricelist_page_summary; explicit_page_label; price_count=20; price_range=203888.0-314388.0; finance_rate_pct=2.28; finance=FINANCE REBATE | 2.28% Attractive Interest Rate | Price is after finance, insurance, and trade-in rebates, applicable only to successful applicants (e.g. $100,000 / 7-year loan).; trade_in=TRADE-IN REBATE | Price is after finance, insurance, and trade-in rebates, applicable only to successful applicants (e.g. $100,000 / 7-year loan).; sha256=8482300c7c56d1d1e2a539a3cba4b4ad52ee385541effc5934754e6b148ea812; retrospective archive reconstruction; date-only available_at is conservatively set to end-of-day."
sgcm-81-2026-02-06-p3-b,2026-02-06T00:00:00+08:00,2026-02-06T23:59:59+08:00,2026-08-24T12:06:08.840133+00:00,https://media.i-sgcm.com/public/new-cars/pricelist/81/2026-02-06.pdf#page=3,SGCarMart archived authorised-dealer price list,Category B,BYD,Price-list page summary,PDF page 3,216138.0,222638.0,100000.0,True,6.0,mixed guaranteed and non-guaranteed packages,6000.0,"FINANCE REBATE | Price is after finance, insurance, and trade-in rebates, applicable only to successful applicants (e.g. $100,000 / 7-year loan).",6000.0,"TRADE-IN REBATE | Price is after finance, insurance, and trade-in rebates, applicable only to successful applicants (e.g. $100,000 / 7-year loan).",7000.0,,2026-02-20,"PROMOTION | Promotions & Year-Round Perks) | Promotion, price and vehicle specifications are subject to change without prior notice.",,,,0.217897900112461,SGD,"brand_category_pricelist_page_summary; explicit_page_label; price_count=20; price_range=198888.0-303388.0; finance_rate_pct=nan; finance=FINANCE REBATE | Price is after finance, insurance, and trade-in rebates, applicable only to successful applicants (e.g. $100,000 / 7-year loan).; trade_in=TRADE-IN REBATE | Price is after finance, insurance, and trade-in rebates, applicable only to successful applicants (e.g. $100,000 / 7-year loan).; sha256=7a84bcb0df525c1343f806ad232ae280d7b9f54b57ac8bcf43ce4badb1b93398; retrospective archive reconstruction; date-only available_at is conservatively set to end-of-day."
sgcm-81-2026-02-09-p3-b,2026-02-09T00:00:00+08:00,2026-02-09T23:59:59+08:00,2026-08-24T12:06:14.340359+00:00,https://media.i-sgcm.com/public/new-cars/pricelist/81/2026-02-09.pdf#page=3,SGCarMart archived authorised-dealer price list,Category B,BYD,Price-list page summary,PDF page 3,216138.0,216138.0,100000.0,True,6.0,mixed guaranteed and non-guaranteed packages,6000.0,"FINANCE REBATE | Price is after finance, insurance, and trade-in rebates, applicable only to successful applicants (e.g. $100,000 / 7-year loan).",6000.0,"TRADE-IN REBATE | Price is after finance, insurance, and trade-in rebates, applicable only to successful applicants (e.g. $100,000 / 7-year loan).",7000.0,,2026-02-20,"PROMOTION | Promotions & Yeal-Round Perks) | Promotion, price and vehicle specifications are subject to change without prior notice.",,,,0.217897900112461,SGD,"brand_category_pricelist_page_summary; explicit_page_label; price_count=20; price_range=198888.0-303388.0; finance_rate_pct=nan; finance=FINANCE REBATE | Price is after finance, insurance, and trade-in rebates, applicable only to successful applicants (e.g. $100,000 / 7-year loan).; trade_in=TRADE-IN REBATE | Price is after finance, insurance, and trade-in rebates, applicable only to successful applicants (e.g. $100,000 / 7-year loan).; sha256=818611970fdc2693c39a52423465a6e85d7da6f2607eb4c15f2da1a92f6f4705; retrospective archive reconstruction; date-only available_at is conservatively set to end-of-day."
sgcm-81-2026-02-24-p3-b,2026-02-24T00:00:00+08:00,2026-02-24T23:59:59+08:00,2026-08-24T12:06:46.635661+00:00,https://media.i-sgcm.com/public/new-cars/pricelist/81/2026-02-24.pdf#page=3,SGCarMart archived authorised-dealer price list,Category B,BYD,Price-list page summary,PDF page 3,204888.0,216138.0,95000.0,True,6.0,mixed guaranteed and non-guaranteed packages,6000.0,"FINANCE REBATE | Price is after finance, insurance, and trade-in rebates, applicable only to successful applicants (e.g. $100,000 / 7-year loan). |",6000.0,"TRADE-IN REBATE | Price is after finance, insurance, and trade-in rebates, applicable only to successful applicants (e.g. $100,000 / 7-year loan). |",7000.0,,2026-03-04,"PROMOTION | (Package prices are inclusive of all applicable Current Promotions & Year- | Promotion, price and vehicle specifications are subject to change without prior notice.",,,,0.217897900112461,SGD,"brand_category_pricelist_page_summary; explicit_page_label; price_count=20; price_range=188888.0-297388.0; finance_rate_pct=nan; finance=FINANCE REBATE | Price is after finance, insurance, and trade-in rebates, applicable only to successful applicants (e.g. $100,000 / 7-year loan). |; trade_in=TRADE-IN REBATE | Price is after finance, insurance, and trade-in rebates, applicable only to successful applicants (e.g. $100,000 / 7-year loan). |; sha256=1420815fcbb3e28a0d3955f8e55f76200a73d6b37ccbae957df6661a8df45902; retrospective archive reconstruction; date-only available_at is conservatively set to end-of-day."
sgcm-81-2026-03-06-p3-b,2026-03-06T00:00:00+08:00,2026-03-06T23:59:59+08:00,2026-08-24T12:07:13.493603+00:00,https://media.i-sgcm.com/public/new-cars/pricelist/81/2026-03-06.pdf#page=3,SGCarMart archived authorised-dealer price list,Category B,BYD,Price-list page summary,PDF page 3,216388.0,204888.0,100000.0,True,6.0,mixed guaranteed and non-guaranteed packages,6000.0,"FINANCE REBATE | Price is after finance, insurance, and trade-in rebates, applicable only to successful applicants (e.g. $100,000 / 7-year loan).",6000.0,"TRADE-IN REBATE | Price is after finance, insurance, and trade-in rebates, applicable only to successful applicants (e.g. $100,000 / 7-year loan).",7000.0,,2026-03-18,"PROMOTION | Promotions & Yeal-Round Perks) | Promotion, price and vehicle specifications are subject to change without prior notice.",,,,0.2189810557292624,SGD,"brand_category_pricelist_page_summary; explicit_page_label; price_count=20; price_range=200388.0-306388.0; finance_rate_pct=nan; finance=FINANCE REBATE | Price is after finance, insurance, and trade-in rebates, applicable only to successful applicants (e.g. $100,000 / 7-year loan).; trade_in=TRADE-IN REBATE | Price is after finance, insurance, and trade-in rebates, applicable only to successful applicants (e.g. $100,000 / 7-year loan).; sha256=c2de530112191343da5331276b410cdb0db01dbeb39641262ce38d2a869db687; retrospective archive reconstruction; date-only available_at is conservatively set to end-of-day."
sgcm-81-2026-03-20-p3-b,2026-03-20T00:00:00+08:00,2026-03-20T23:59:59+08:00,2026-08-24T12:08:02.041471+00:00,https://media.i-sgcm.com/public/new-cars/pricelist/81/2026-03-20.pdf#page=3,SGCarMart archived authorised-dealer price list,Category B,BYD,Price-list page summary,PDF page 3,217888.0,216388.0,100000.0,True,6.0,mixed guaranteed and non-guaranteed packages,6000.0,"FINANCE REBATE | Price is after finance, insurance, and trade-in rebates, applicable only to successful applicants (e.g. $100,000 / 7-year loan).",6000.0,"TRADE-IN REBATE | Price is after finance, insurance, and trade-in rebates, applicable only to successful applicants (e.g. $100,000 / 7-year loan).",7000.0,,,"PROMOTION | (Package prices are inclusive of all applicable Current Promotions & Year-Round Perks) | Promotion, price and vehicle specifications are subject to change without prior notice.",,,,0.2189810557292624,SGD,"brand_category_pricelist_page_summary; explicit_page_label; price_count=20; price_range=201888.0-307888.0; finance_rate_pct=nan; finance=FINANCE REBATE | Price is after finance, insurance, and trade-in rebates, applicable only to successful applicants (e.g. $100,000 / 7-year loan).; trade_in=TRADE-IN REBATE | Price is after finance, insurance, and trade-in rebates, applicable only to successful applicants (e.g. $100,000 / 7-year loan).; sha256=da8a35339f9dbacd65573d97652b2e155e8f3a49d6f3aa0a2928bf8a1d9aa65a; retrospective archive reconstruction; date-only available_at is conservatively set to end-of-day."
sgcm-81-2026-03-21-p3-b,2026-03-21T00:00:00+08:00,2026-03-21T23:59:59+08:00,2026-08-24T12:08:07.628660+00:00,https://media.i-sgcm.com/public/new-cars/pricelist/81/2026-03-21.pdf#page=3,SGCarMart archived authorised-dealer price list,Category B,BYD,Price-list page summary,PDF page 3,216888.0,217888.0,100000.0,True,6.0,mixed guaranteed and non-guaranteed packages,6000.0,"FINANCE REBATE | Price is after finance, insurance, and trade-in rebates, applicable only to successful applicants (e.g. $100,000 / 7-year loan).",6000.0,"TRADE-IN REBATE | Price is after finance, insurance, and trade-in rebates, applicable only to successful applicants (e.g. $100,000 / 7-year loan).",7000.0,,,"PROMOTION | (Package prices are inclusive of all applicable Current Promotions & Year-Round Perks) | Promotion, price and vehicle specifications are subject to change without prior notice.",,,,0.2189810557292624,SGD,"brand_category_pricelist_page_summary; explicit_page_label; price_count=20; price_range=201888.0-307888.0; finance_rate_pct=nan; finance=FINANCE REBATE | Price is after finance, insurance, and trade-in rebates, applicable only to successful applicants (e.g. $100,000 / 7-year loan).; trade_in=TRADE-IN REBATE | Price is after finance, insurance, and trade-in rebates, applicable only to successful applicants (e.g. $100,000 / 7-year loan).; sha256=6b696c8b4111fdf70a4c2be3c042121aa5d74c9d5b25dfe8cece3c944106f16c; retrospective archive reconstruction; date-only available_at is conservatively set to end-of-day."
sgcm-81-2026-03-25-p3-b,2026-03-25T00:00:00+08:00,2026-03-25T23:59:59+08:00,2026-08-24T12:08:18.369611+00:00,https://media.i-sgcm.com/public/new-cars/pricelist/81/2026-03-25.pdf#page=3,SGCarMart archived authorised-dealer price list,Category B,BYD,Price-list page summary,PDF page 3,216888.0,216888.0,100000.0,True,6.0,mixed guaranteed and non-guaranteed packages,6000.0,"FINANCE REBATE | Price is after finance, insurance, and trade-in rebates, applicable only to successful applicants (e.g. $100,000 / 7-year loan).",6000.0,"TRADE-IN REBATE | Price is after finance, insurance, and trade-in rebates, applicable only to successful applicants (e.g. $100,000 / 7-year loan).",7000.0,,2026-04-08,"PROMOTION | (Package prices are inclusive of all applicable Current Promotions & Year-Round Perks) | Promotion, price and vehicle specifications are subject to change without prior notice.",,,,0.2189810557292624,SGD,"brand_category_pricelist_page_summary; explicit_page_label; price_count=20; price_range=201888.0-307888.0; finance_rate_pct=2.28; finance=FINANCE REBATE | Price is after finance, insurance, and trade-in rebates, applicable only to successful applicants (e.g. $100,000 / 7-year loan).; trade_in=TRADE-IN REBATE | Price is after finance, insurance, and trade-in rebates, applicable only to successful applicants (e.g. $100,000 / 7-year loan).; sha256=0d1fa18e19e1ae56d84417261a37ff5c3921f79c561f9ac689ef2494b6496dce; retrospective archive reconstruction; date-only available_at is conservatively set to end-of-day."
sgcm-81-2026-04-09-p3-b,2026-04-09T00:00:00+08:00,2026-04-09T23:59:59+08:00,2026-08-24T12:08:40.039052+00:00,https://media.i-sgcm.com/public/new-cars/pricelist/81/2026-04-09.pdf#page=3,SGCarMart archived authorised-dealer price list,Category B,BYD,Price-list page summary,PDF page 3,224388.0,216888.0,104000.0,True,6.0,mixed guaranteed and non-guaranteed packages,6000.0,"FINANCE REBATE | Price is after finance, insurance, and trade-in rebates, applicable only to successful applicants (e.g. $100,000 / 7-year loan).",6000.0,"TRADE-IN REBATE | Price is after finance, insurance, and trade-in rebates, applicable only to successful applicants (e.g. $100,000 / 7-year loan).",7000.0,,,"PROMOTION | (Package prices are inclusive of all applicable Current Promotions & Year-Round Perks) | | Promotion, price and vehicle specifications are subject to change without prior notice.",,,,0.2221980176451367,SGD,"brand_category_pricelist_page_summary; explicit_page_label; price_count=20; price_range=207388.0-313388.0; finance_rate_pct=2.28; finance=FINANCE REBATE | Price is after finance, insurance, and trade-in rebates, applicable only to successful applicants (e.g. $100,000 / 7-year loan).; trade_in=TRADE-IN REBATE | Price is after finance, insurance, and trade-in rebates, applicable only to successful applicants (e.g. $100,000 / 7-year loan).; sha256=be885cd8ac8d7b7f6fcf0eb3ccbe99561caa7433160495db8227e94fd022d7dc; retrospective archive reconstruction; date-only available_at is conservatively set to end-of-day."
sgcm-81-2026-04-17-p3-b,2026-04-17T00:00:00+08:00,2026-04-17T23:59:59+08:00,2026-08-24T12:08:56.393568+00:00,https://media.i-sgcm.com/public/new-cars/pricelist/81/2026-04-17.pdf#page=3,SGCarMart archived authorised-dealer price list,Category B,BYD,Price-list page summary,PDF page 3,224388.0,224388.0,107500.0,True,6.0,mixed guaranteed and non-guaranteed packages,6000.0,"FINANCE REBATE | Price is after finance, insurance, and trade-in rebates, applicable only to successful applicants (e.g. $100,000 / 7-year loan). |",6000.0,"TRADE-IN REBATE | Price is after finance, insurance, and trade-in rebates, applicable only to successful applicants (e.g. $100,000 / 7-year loan). |",7000.0,,,"PROMOTION | (Package prices are inclusive of all apolicable Current Promotions & Year-Round Perks) | Promotion, price and vehicle specifications are subject to change without prior notice.",,,,0.2221980176451367,SGD,"brand_category_pricelist_page_summary; explicit_page_label; price_count=20; price_range=207388.0-313388.0; finance_rate_pct=2.28; finance=FINANCE REBATE | Price is after finance, insurance, and trade-in rebates, applicable only to successful applicants (e.g. $100,000 / 7-year loan). |; trade_in=TRADE-IN REBATE | Price is after finance, insurance, and trade-in rebates, applicable only to successful applicants (e.g. $100,000 / 7-year loan). |; sha256=c7459ede0db5e703722cd4d87b70c5ece51bab418814b98498e329fce07ad7a4; retrospective archive reconstruction; date-only available_at is conservatively set to end-of-day."
sgcm-81-2026-04-24-p3-b,2026-04-24T00:00:00+08:00,2026-04-24T23:59:59+08:00,2026-08-24T12:09:23.504620+00:00,https://media.i-sgcm.com/public/new-cars/pricelist/81/2026-04-24.pdf#page=3,SGCarMart archived authorised-dealer price list,Category B,BYD,Price-list page summary,PDF page 3,226388.0,224388.0,107500.0,True,6.0,mixed guaranteed and non-guaranteed packages,6000.0,"FINANCE REBATE | Price is after finance, insurance, and trade-in rebates, applicable only to successful applicants (e.g. $100,000 / 7-year loan).",6000.0,"TRADE-IN REBATE | Price is after finance, insurance, and trade-in rebates, applicable only to successful applicants (e.g. $100,000 / 7-year loan).",7000.0,,2026-05-06,"PROMOTION | (Package prices are inclusive of all applicable Current Promotions & Year-Round Perks) | Promotion, price and vehicle specifications are subject to change without prior notice.",,,,0.2221980176451367,SGD,"brand_category_pricelist_page_summary; explicit_page_label; price_count=19; price_range=207388.0-313388.0; finance_rate_pct=2.28; finance=FINANCE REBATE | Price is after finance, insurance, and trade-in rebates, applicable only to successful applicants (e.g. $100,000 / 7-year loan).; trade_in=TRADE-IN REBATE | Price is after finance, insurance, and trade-in rebates, applicable only to successful applicants (e.g. $100,000 / 7-year loan).; sha256=90eb77fc353d05529ccc7ec5178df7ff6cbbe7ccd27ebed9ea7595f924097c24; retrospective archive reconstruction; date-only available_at is conservatively set to end-of-day."
sgcm-81-2026-04-27-p3-b,2026-04-27T00:00:00+08:00,2026-04-27T23:59:59+08:00,2026-08-24T12:09:39.881584+00:00,https://media.i-sgcm.com/public/new-cars/pricelist/81/2026-04-27.pdf#page=3,SGCarMart archived authorised-dealer price list,Category B,BYD,Price-list page summary,PDF page 3,220888.0,226388.0,104000.0,True,6.0,mixed guaranteed and non-guaranteed packages,6000.0,"FINANCE REBATE | Price is after finance, insurance, and trade-in rebates, applicable only to successful applicants (e.g. $100,000 / 7-year loan).",6000.0,"TRADE-IN REBATE | Price is after finance, insurance, and trade-in rebates, applicable only to successful applicants (e.g. $100,000 / 7-year loan).",7000.0,,2026-05-06,"PROMOTION | (Package prices are inclusive of all applicable Current Promotions & Year-Round Perks) | | Promotion, price and vehicle specifications are subject to change without prior notice.",,,,0.2221980176451367,SGD,"brand_category_pricelist_page_summary; explicit_page_label; price_count=20; price_range=204388.0-313388.0; finance_rate_pct=2.28; finance=FINANCE REBATE | Price is after finance, insurance, and trade-in rebates, applicable only to successful applicants (e.g. $100,000 / 7-year loan).; trade_in=TRADE-IN REBATE | Price is after finance, insurance, and trade-in rebates, applicable only to successful applicants (e.g. $100,000 / 7-year loan).; sha256=0d528227f19ef84050d798e975d7eaf39aa896ceca08a79e19a8bc0c834577e2; retrospective archive reconstruction; date-only available_at is conservatively set to end-of-day."
sgcm-81-2026-05-08-p3-b,2026-05-08T00:00:00+08:00,2026-05-08T23:59:59+08:00,2026-08-24T12:10:07.019880+00:00,https://media.i-sgcm.com/public/new-cars/pricelist/81/2026-05-08.pdf#page=3,SGCarMart archived authorised-dealer price list,Category B,BYD,Price-list page summary,PDF page 3,223638.0,220888.0,112500.0,True,6.0,mixed guaranteed and non-guaranteed packages,6000.0,"FINANCE REBATE | Price is after finance, insurance, and trade-in rebates, applicable only to successful applicants (e.g. $100,000 / 7-year loan).",6000.0,"TRADE-IN REBATE | Price is after finance, insurance, and trade-in rebates, applicable only to successful applicants (e.g. $100,000 / 7-year loan).",7000.0,,,"PROMOTION | Promotions & Year-Round Perks) | Promotion, price and vehicle specifications are subject to change without prior notice.",,,,0.2302208655054767,SGD,"brand_category_pricelist_page_summary; explicit_page_label; price_count=20; price_range=207388.0-316888.0; finance_rate_pct=nan; finance=FINANCE REBATE | Price is after finance, insurance, and trade-in rebates, applicable only to successful applicants (e.g. $100,000 / 7-year loan).; trade_in=TRADE-IN REBATE | Price is after finance, insurance, and trade-in rebates, applicable only to successful applicants (e.g. $100,000 / 7-year loan).; sha256=567751fe8036218e0290aa58b54fe8c9438b34abb69861915ef31acd3320e64c; retrospective archive reconstruction; date-only available_at is conservatively set to end-of-day."
sgcm-81-2026-05-08-p4-b,2026-05-08T00:00:00+08:00,2026-05-08T23:59:59+08:00,2026-08-24T12:10:07.019880+00:00,https://media.i-sgcm.com/public/new-cars/pricelist/81/2026-05-08.pdf#page=4,SGCarMart archived authorised-dealer price list,Category B,BYD,Price-list page summary,PDF page 4,196888.0,223638.0,116000.0,True,6.0,mixed guaranteed and non-guaranteed packages,6000.0,"FINANCE REBATE | Price is after finance, insurance, and trade in rebates annlicable only to succocsiul annlicants (e. o. S100.000 / 7-vear loan)I",6000.0,"TRADE-IN REBATE | Price is after finance, insurance, and trade in rebates annlicable only to succocsiul annlicants (e. o. S100.000 / 7-vear loan)I",7000.0,,,"PROMOTION | Promotions & Year-Round Perks) | Promotion, price and vehicle specifications are subject to change without prior notice.",,,,0.2302208655054767,SGD,"brand_category_pricelist_page_summary; explicit_page_label; price_count=15; price_range=183888.0-266888.0; finance_rate_pct=nan; finance=FINANCE REBATE | Price is after finance, insurance, and trade in rebates annlicable only to succocsiul annlicants (e. o. S100.000 / 7-vear loan)I; trade_in=TRADE-IN REBATE | Price is after finance, insurance, and trade in rebates annlicable only to succocsiul annlicants (e. o. S100.000 / 7-vear loan)I; sha256=567751fe8036218e0290aa58b54fe8c9438b34abb69861915ef31acd3320e64c; retrospective archive reconstruction; date-only available_at is conservatively set to end-of-day."
sgcm-81-2026-05-11-p3-b,2026-05-11T00:00:00+08:00,2026-05-11T23:59:59+08:00,2026-08-24T12:10:17.968792+00:00,https://media.i-sgcm.com/public/new-cars/pricelist/81/2026-05-11.pdf#page=3,SGCarMart archived authorised-dealer price list,Category B,BYD,Price-list page summary,PDF page 3,223638.0,196888.0,112500.0,True,6.0,mixed guaranteed and non-guaranteed packages,6000.0,"FINANCE REBATE | Price is after finance, insurance, and trade-in rebates, applicable only to successful applicants (e.g. $100,000 / 7-year loan).",6000.0,"TRADE-IN REBATE | Price is after finance, insurance, and trade-in rebates, applicable only to successful applicants (e.g. $100,000 / 7-year loan).",7000.0,,2026-05-20,"PROMOTION | Promotions & Year-Round Perks) | Promotion, price and vehicle specifications are subject to change without prior notice.",,,,0.2302208655054767,SGD,"brand_category_pricelist_page_summary; explicit_page_label; price_count=20; price_range=207388.0-316888.0; finance_rate_pct=nan; finance=FINANCE REBATE | Price is after finance, insurance, and trade-in rebates, applicable only to successful applicants (e.g. $100,000 / 7-year loan).; trade_in=TRADE-IN REBATE | Price is after finance, insurance, and trade-in rebates, applicable only to successful applicants (e.g. $100,000 / 7-year loan).; sha256=af2353e8b2cae5248426f6cffd8fc73cf316b0bede098169fbf0e98e365ed92a; retrospective archive reconstruction; date-only available_at is conservatively set to end-of-day."
sgcm-81-2026-05-11-p4-b,2026-05-11T00:00:00+08:00,2026-05-11T23:59:59+08:00,2026-08-24T12:10:17.968792+00:00,https://media.i-sgcm.com/public/new-cars/pricelist/81/2026-05-11.pdf#page=4,SGCarMart archived authorised-dealer price list,Category B,BYD,Price-list page summary,PDF page 4,196888.0,223638.0,112500.0,True,6.0,mixed guaranteed and non-guaranteed packages,6000.0,"FINANCE REBATE | Price is after finance, insurance, and trade-in rebates, applicable only to successful applicants (e.g. $100,000 / 7-year loan)|",6000.0,"TRADE-IN REBATE | Price is after finance, insurance, and trade-in rebates, applicable only to successful applicants (e.g. $100,000 / 7-year loan)|",7000.0,,2026-05-20,"PROMOTION | Promotions & Year-Round Perks) | Promotion, price and vehicle specifications are subject to change without prior notice.",,,,0.2302208655054767,SGD,"brand_category_pricelist_page_summary; explicit_page_label; price_count=15; price_range=183888.0-266888.0; finance_rate_pct=nan; finance=FINANCE REBATE | Price is after finance, insurance, and trade-in rebates, applicable only to successful applicants (e.g. $100,000 / 7-year loan)|; trade_in=TRADE-IN REBATE | Price is after finance, insurance, and trade-in rebates, applicable only to successful applicants (e.g. $100,000 / 7-year loan)|; sha256=af2353e8b2cae5248426f6cffd8fc73cf316b0bede098169fbf0e98e365ed92a; retrospective archive reconstruction; date-only available_at is conservatively set to end-of-day."
sgcm-81-2026-05-21-p3-b,2026-05-21T00:00:00+08:00,2026-05-21T23:59:59+08:00,2026-08-24T12:10:50.104833+00:00,https://media.i-sgcm.com/public/new-cars/pricelist/81/2026-05-21.pdf#page=3,SGCarMart archived authorised-dealer price list,Category B,BYD,Price-list page summary,PDF page 3,228638.0,196888.0,115500.0,True,6.0,mixed guaranteed and non-guaranteed packages,6000.0,"FINANCE REBATE | Price is after finance, insurance, and trade-in rebates, applicable only to successful applicants (e.g. $100,000 / 7-year loan).",6000.0,"TRADE-IN REBATE | Price is after finance, insurance, and trade-in rebates, applicable only to successful applicants (e.g. $100,000 / 7-year loan).",7000.0,,2026-06-04,"PROMOTION | Promotions & Year-Round Perks)| | Promotion, price and vehicle specifications are subject to change without prior notice.",,,,0.2302208655054767,SGD,"brand_category_pricelist_page_summary; explicit_page_label; price_count=20; price_range=212388.0-320888.0; finance_rate_pct=2.28; finance=FINANCE REBATE | Price is after finance, insurance, and trade-in rebates, applicable only to successful applicants (e.g. $100,000 / 7-year loan).; trade_in=TRADE-IN REBATE | Price is after finance, insurance, and trade-in rebates, applicable only to successful applicants (e.g. $100,000 / 7-year loan).; sha256=a60a10797970b2ea5ad84a71e2b6b828b641ed4e790913d5229324322d033f77; retrospective archive reconstruction; date-only available_at is conservatively set to end-of-day."
sgcm-81-2026-05-21-p4-b,2026-05-21T00:00:00+08:00,2026-05-21T23:59:59+08:00,2026-08-24T12:10:50.104833+00:00,https://media.i-sgcm.com/public/new-cars/pricelist/81/2026-05-21.pdf#page=4,SGCarMart archived authorised-dealer price list,Category B,BYD,Price-list page summary,PDF page 4,201388.0,228638.0,112000.0,True,6.0,mixed guaranteed and non-guaranteed packages,6000.0,"FINANCE REBATE | Price is after finance, insurance, and trade-in rebates, applicable only to successful applicants (e.g. $100,000 / 7-year loan)",6000.0,"TRADE-IN REBATE | Price is after finance, insurance, and trade-in rebates, applicable only to successful applicants (e.g. $100,000 / 7-year loan)",7000.0,,2026-06-04,"PROMOTION | Promotions & Year-Round Perks) | Promotion, price and vehicle specifications are subject to change without prior notice.",,,,0.2302208655054767,SGD,"brand_category_pricelist_page_summary; explicit_page_label; price_count=14; price_range=188888.0-271888.0; finance_rate_pct=2.28; finance=FINANCE REBATE | Price is after finance, insurance, and trade-in rebates, applicable only to successful applicants (e.g. $100,000 / 7-year loan); trade_in=TRADE-IN REBATE | Price is after finance, insurance, and trade-in rebates, applicable only to successful applicants (e.g. $100,000 / 7-year loan); sha256=a60a10797970b2ea5ad84a71e2b6b828b641ed4e790913d5229324322d033f77; retrospective archive reconstruction; date-only available_at is conservatively set to end-of-day."
sgcm-81-2026-06-05-p3-b,2026-06-05T00:00:00+08:00,2026-06-05T23:59:59+08:00,2026-08-24T12:11:28.093446+00:00,https://media.i-sgcm.com/public/new-cars/pricelist/81/2026-06-05.pdf#page=3,SGCarMart archived authorised-dealer price list,Category B,BYD,Price-list page summary,PDF page 3,223638.0,201388.0,112500.0,True,6.0,mixed guaranteed and non-guaranteed packages,6000.0,"FINANCE REBATE | Price is after finance, insurance, and trade-in rebates, applicable only to successful applicants (e.g. $100,000 / 7-year loan).",6000.0,"TRADE-IN REBATE | Price is after finance, insurance, and trade-in rebates, applicable only to successful applicants (e.g. $100,000 / 7-year loan).",7000.0,,,"PROMOTION | Promotions & Year-Round Perks) | Promotion, price and vehicle specitications are subiect to change without prior notice.",,,,0.2362823757471326,SGD,"brand_category_pricelist_page_summary; explicit_page_label; price_count=20; price_range=202388.0-318388.0; finance_rate_pct=2.28; finance=FINANCE REBATE | Price is after finance, insurance, and trade-in rebates, applicable only to successful applicants (e.g. $100,000 / 7-year loan).; trade_in=TRADE-IN REBATE | Price is after finance, insurance, and trade-in rebates, applicable only to successful applicants (e.g. $100,000 / 7-year loan).; sha256=84346f8a5a5c65a8d56a832f87dd5a59ef26da0b1c533d5de73cad4e6a3d2e65; retrospective archive reconstruction; date-only available_at is conservatively set to end-of-day."
sgcm-81-2026-06-05-p4-b,2026-06-05T00:00:00+08:00,2026-06-05T23:59:59+08:00,2026-08-24T12:11:28.093446+00:00,https://media.i-sgcm.com/public/new-cars/pricelist/81/2026-06-05.pdf#page=4,SGCarMart archived authorised-dealer price list,Category B,BYD,Price-list page summary,PDF page 4,199388.0,223638.0,112500.0,True,6.0,mixed guaranteed and non-guaranteed packages,6000.0,"FINANCE REBATE | Price is after finance, insurance, and trade-in rebates, applicable only to successful applicants (e.g. $100,000 / 7-year loan).",6000.0,"TRADE-IN REBATE | Price is after finance, insurance, and trade-in rebates, applicable only to successful applicants (e.g. $100,000 / 7-year loan).",7000.0,,,"PROMOTION | Promotions & Year-Round Perks) | Promotion, price and vehicle specitications are subiect to change without prior notice.",,,,0.2362823757471326,SGD,"brand_category_pricelist_page_summary; explicit_page_label; price_count=15; price_range=186388.0-269388.0; finance_rate_pct=2.28; finance=FINANCE REBATE | Price is after finance, insurance, and trade-in rebates, applicable only to successful applicants (e.g. $100,000 / 7-year loan).; trade_in=TRADE-IN REBATE | Price is after finance, insurance, and trade-in rebates, applicable only to successful applicants (e.g. $100,000 / 7-year loan).; sha256=84346f8a5a5c65a8d56a832f87dd5a59ef26da0b1c533d5de73cad4e6a3d2e65; retrospective archive reconstruction; date-only available_at is conservatively set to end-of-day."
sgcm-81-2026-06-19-p3-b,2026-06-19T00:00:00+08:00,2026-06-19T23:59:59+08:00,2026-08-24T12:12:06.710410+00:00,https://media.i-sgcm.com/public/new-cars/pricelist/81/2026-06-19.pdf#page=3,SGCarMart archived authorised-dealer price list,Category B,BYD,Price-list page summary,PDF page 3,220138.0,199388.0,109500.0,True,6.0,mixed guaranteed and non-guaranteed packages,6000.0,"FINANCE REBATE | Price is after finance, insurance, and trade-in rebates, applicable only to successful applicants (e.g. $100,000 / 7-year loan). |",6000.0,"TRADE-IN REBATE | Price is after finance, insurance, and trade-in rebates, applicable only to successful applicants (e.g. $100,000 / 7-year loan). |",7000.0,,2026-07-08,"PROMOTION | Promotions & Year-Round Perks) | Promotion, price and vehicle specifications are subiect to change without prior notice.",,,,0.2362823757471326,SGD,"brand_category_pricelist_page_summary; explicit_page_label; price_count=20; price_range=198888.0-314888.0; finance_rate_pct=2.28; finance=FINANCE REBATE | Price is after finance, insurance, and trade-in rebates, applicable only to successful applicants (e.g. $100,000 / 7-year loan). |; trade_in=TRADE-IN REBATE | Price is after finance, insurance, and trade-in rebates, applicable only to successful applicants (e.g. $100,000 / 7-year loan). |; sha256=3def08d168d77bac024a6de7785d6cc30b5d62f182a45df6b23cf82b4bab42d3; retrospective archive reconstruction; date-only available_at is conservatively set to end-of-day."
sgcm-81-2026-06-19-p4-b,2026-06-19T00:00:00+08:00,2026-06-19T23:59:59+08:00,2026-08-24T12:12:06.710410+00:00,https://media.i-sgcm.com/public/new-cars/pricelist/81/2026-06-19.pdf#page=4,SGCarMart archived authorised-dealer price list,Category B,BYD,Price-list page summary,PDF page 4,195888.0,220138.0,109500.0,True,6.0,mixed guaranteed and non-guaranteed packages,6000.0,"FINANCE REBATE | Price is after finance, insurance, and trade-in rebates, applicable only to successful applicants (e.g. $100,000 / 7-year loan).",6000.0,"TRADE-IN REBATE | Price is after finance, insurance, and trade-in rebates, applicable only to successful applicants (e.g. $100,000 / 7-year loan).",7000.0,,2026-07-08,"PROMOTION | Promotions & Year-Round Perks) | Promotion, price and vehicle specifications are subject to change without prior notice.",,,,0.2362823757471326,SGD,"brand_category_pricelist_page_summary; explicit_page_label; price_count=15; price_range=182888.0-265888.0; finance_rate_pct=2.28; finance=FINANCE REBATE | Price is after finance, insurance, and trade-in rebates, applicable only to successful applicants (e.g. $100,000 / 7-year loan).; trade_in=TRADE-IN REBATE | Price is after finance, insurance, and trade-in rebates, applicable only to successful applicants (e.g. $100,000 / 7-year loan).; sha256=3def08d168d77bac024a6de7785d6cc30b5d62f182a45df6b23cf82b4bab42d3; retrospective archive reconstruction; date-only available_at is conservatively set to end-of-day."
sgcm-81-2026-07-09-p2-b,2026-07-09T00:00:00+08:00,2026-07-09T23:59:59+08:00,2026-08-24T12:12:44.638618+00:00,https://media.i-sgcm.com/public/new-cars/pricelist/81/2026-07-09.pdf#page=2,SGCarMart archived authorised-dealer price list,Category B,BYD,Price-list page summary,PDF page 2,248688.0,195888.0,116500.0,True,6.0,mixed guaranteed and non-guaranteed packages,6000.0,"FINANCE REBATE | 2. Price is after finance, insurance, and trade-in rebates, applicable only to successful applicants",6000.0,"TRADE-IN REBATE | 2. Price is after finance, insurance, and trade-in rebates, applicable only to successful applicants",7000.0,,,"PROMOTION | lage orices are inclusive of all acol cable Current Promotions A Year-Round P. | 5. Promotion, price and vehicle specifications are subject to change without prior notice.",,,,0.2388794415107849,SGD,"brand_category_pricelist_page_summary; explicit_page_label; price_count=22; price_range=213388.0-324888.0; finance_rate_pct=2.28; finance=FINANCE REBATE | 2. Price is after finance, insurance, and trade-in rebates, applicable only to successful applicants; trade_in=TRADE-IN REBATE | 2. Price is after finance, insurance, and trade-in rebates, applicable only to successful applicants; sha256=c47ea991cb70b23a353070a0dd3f423fad7655de8858e62a0a1e51c8dcfb4a9f; retrospective archive reconstruction; date-only available_at is conservatively set to end-of-day."
sgcm-81-2026-07-09-p3-b,2026-07-09T00:00:00+08:00,2026-07-09T23:59:59+08:00,2026-08-24T12:12:44.638618+00:00,https://media.i-sgcm.com/public/new-cars/pricelist/81/2026-07-09.pdf#page=3,SGCarMart archived authorised-dealer price list,Category B,BYD,Price-list page summary,PDF page 3,210388.0,248688.0,116500.0,True,6.0,mixed guaranteed and non-guaranteed packages,6000.0,"INTEREST RATE | FINANCE REBATE | 2. Price is after finance, insurance, and trade-in rebates, applicable only to successful applicants",6000.0,"TRADE-IN REBATE | 2. Price is after finance, insurance, and trade-in rebates, applicable only to successful applicants",7000.0,,,"PROMOTION | [Package prices are inclusive of all applicable Current Promotions & Year-Round Perks) | 5. Promotion, price and vehicle specifications are subject to change without prior notice.",,,,0.2388794415107849,SGD,"brand_category_pricelist_page_summary; explicit_page_label; price_count=24; price_range=190388.0-305888.0; finance_rate_pct=nan; finance=INTEREST RATE | FINANCE REBATE | 2. Price is after finance, insurance, and trade-in rebates, applicable only to successful applicants; trade_in=TRADE-IN REBATE | 2. Price is after finance, insurance, and trade-in rebates, applicable only to successful applicants; sha256=c47ea991cb70b23a353070a0dd3f423fad7655de8858e62a0a1e51c8dcfb4a9f; retrospective archive reconstruction; date-only available_at is conservatively set to end-of-day."
sgcm-81-2026-07-24-p2-b,2026-07-24T00:00:00+08:00,2026-07-24T23:59:59+08:00,2026-08-24T12:13:22.489128+00:00,https://media.i-sgcm.com/public/new-cars/pricelist/81/2026-07-24.pdf#page=2,SGCarMart archived authorised-dealer price list,Category B,BYD,Price-list page summary,PDF page 2,251188.0,210388.0,116500.0,True,6.0,mixed guaranteed and non-guaranteed packages,6000.0,"FINANCE REBATE | 2. Price is after finance, insurance, and trade-in rebates, applicable only to successful applicants",6000.0,"TRADE-IN REBATE | 2. Price is after finance, insurance, and trade-in rebates, applicable only to successful applicants",7000.0,,2026-08-05,"PROMOTION | 5. Promotion, price and vehicle specifications are subject to change without prior notice.",,,,0.2388794415107849,SGD,"brand_category_pricelist_page_summary; explicit_page_label; price_count=20; price_range=215388.0-324888.0; finance_rate_pct=2.28; finance=FINANCE REBATE | 2. Price is after finance, insurance, and trade-in rebates, applicable only to successful applicants; trade_in=TRADE-IN REBATE | 2. Price is after finance, insurance, and trade-in rebates, applicable only to successful applicants; sha256=2c6067f416cee731524d682194718c54dffceead6729f9f3d765d00f01005f0b; retrospective archive reconstruction; date-only available_at is conservatively set to end-of-day."
sgcm-81-2026-07-24-p3-b,2026-07-24T00:00:00+08:00,2026-07-24T23:59:59+08:00,2026-08-24T12:13:22.489128+00:00,https://media.i-sgcm.com/public/new-cars/pricelist/81/2026-07-24.pdf#page=3,SGCarMart archived authorised-dealer price list,Category B,BYD,Price-list page summary,PDF page 3,210388.0,251188.0,116500.0,True,6.0,mixed guaranteed and non-guaranteed packages,6000.0,"INTEREST RATE | FINANCE REBATE | 2. Price is after finance, insurance, and trade-in rebates, applicable only to successful applicants",6000.0,"TRADE-IN REBATE | 2. Price is after finance, insurance, and trade-in rebates, applicable only to successful applicants",7000.0,,2026-08-05,"PROMOTION | [Package prices are inclusive of all applicable Current Promotions & Year-Round Perks) | 5. Promotion, price and vehicle specifications are subject to change without prior notice.",,,,0.2388794415107849,SGD,"brand_category_pricelist_page_summary; explicit_page_label; price_count=25; price_range=189388.0-306888.0; finance_rate_pct=nan; finance=INTEREST RATE | FINANCE REBATE | 2. Price is after finance, insurance, and trade-in rebates, applicable only to successful applicants; trade_in=TRADE-IN REBATE | 2. Price is after finance, insurance, and trade-in rebates, applicable only to successful applicants; sha256=2c6067f416cee731524d682194718c54dffceead6729f9f3d765d00f01005f0b; retrospective archive reconstruction; date-only available_at is conservatively set to end-of-day."
sgcm-81-2026-08-07-p2-b,2026-08-07T00:00:00+08:00,2026-08-07T23:59:59+08:00,2026-08-24T12:14:00.489096+00:00,https://media.i-sgcm.com/public/new-cars/pricelist/81/2026-08-07.pdf#page=2,SGCarMart archived authorised-dealer price list,Category B,BYD,Price-list page summary,PDF page 2,228388.0,210388.0,109500.0,True,6.0,mixed guaranteed and non-guaranteed packages,6000.0,"FINANCE REBATE | 2. Price is after finance, insurance, and trade-in rebates, applicable only to successful applicants",6000.0,"TRADE-IN REBATE | 2. Price is after finance, insurance, and trade-in rebates, applicable only to successful applicants",7000.0,,,"PROMOTION | (Package orices are inclusive of all soolicable Current Promotions A Yase Round Perkel | 5. Promotion, price and vehicle specifications are subject to change without prior notice.",,,,0.2414044703872437,SGD,"brand_category_pricelist_page_summary; explicit_page_label; price_count=20; price_range=211388.0-323888.0; finance_rate_pct=2.28; finance=FINANCE REBATE | 2. Price is after finance, insurance, and trade-in rebates, applicable only to successful applicants; trade_in=TRADE-IN REBATE | 2. Price is after finance, insurance, and trade-in rebates, applicable only to successful applicants; sha256=ac8246e7e826ba037c4adb3409f01a2da4a129ba864f8f696ce8ae3a80acb616; retrospective archive reconstruction; date-only available_at is conservatively set to end-of-day."
sgcm-81-2026-08-07-p3-b,2026-08-07T00:00:00+08:00,2026-08-07T23:59:59+08:00,2026-08-24T12:14:00.489096+00:00,https://media.i-sgcm.com/public/new-cars/pricelist/81/2026-08-07.pdf#page=3,SGCarMart archived authorised-dealer price list,Category B,BYD,Price-list page summary,PDF page 3,208388.0,228388.0,115500.0,True,6.0,mixed guaranteed and non-guaranteed packages,6000.0,"INTEREST RATE | FINANCE REBATE | 2. Price is after finance, insurance, and trade-in rebates, applicable only to successful applicants",6000.0,"TRADE-IN REBATE | 2. Price is after finance, insurance, and trade-in rebates, applicable only to successful applicants",7000.0,,,"PROMOTION | Package prices are inclusive of all applicable Current Promotions & Year-Round Perks) | 5. Promotion, price and vehicle specifications are subject to change without prior notice.",,,,0.2414044703872437,SGD,"brand_category_pricelist_page_summary; explicit_page_label; price_count=25; price_range=189388.0-306888.0; finance_rate_pct=nan; finance=INTEREST RATE | FINANCE REBATE | 2. Price is after finance, insurance, and trade-in rebates, applicable only to successful applicants; trade_in=TRADE-IN REBATE | 2. Price is after finance, insurance, and trade-in rebates, applicable only to successful applicants; sha256=ac8246e7e826ba037c4adb3409f01a2da4a129ba864f8f696ce8ae3a80acb616; retrospective archive reconstruction; date-only available_at is conservatively set to end-of-day."
sgcm-81-2026-08-20-p2-b,2026-08-20T00:00:00+08:00,2026-08-20T23:59:59+08:00,2026-08-24T12:14:16.623098+00:00,https://media.i-sgcm.com/public/new-cars/pricelist/81/2026-08-20.pdf#page=2,SGCarMart archived authorised-dealer price list,Category B,BYD,Price-list page summary,PDF page 2,228388.0,208388.0,117500.0,True,6.0,mixed guaranteed and non-guaranteed packages,6000.0,"FINANCE REBATE | 2. Price is after finance, insurance, and trade-in rebates, applicable only to successful applicants",6000.0,"TRADE-IN REBATE | 2. Price is after finance, insurance, and trade-in rebates, applicable only to successful applicants",7000.0,,2026-09-09,"PROMOTION | (Package prices are inclusive of all applicable Current Promotions & Year-Round Perks | 5. Promotion, price and vehicle specifications are subject to change without prior notice.",,,,0.2414044703872437,SGD,"brand_category_pricelist_page_summary; explicit_page_label; price_count=20; price_range=211388.0-323888.0; finance_rate_pct=2.28; finance=FINANCE REBATE | 2. Price is after finance, insurance, and trade-in rebates, applicable only to successful applicants; trade_in=TRADE-IN REBATE | 2. Price is after finance, insurance, and trade-in rebates, applicable only to successful applicants; sha256=70df595a0be66cd5bebb5334f52065c47a96619fbefc1a167ce9a1140d87c106; retrospective archive reconstruction; date-only available_at is conservatively set to end-of-day."
sgcm-81-2026-08-20-p3-b,2026-08-20T00:00:00+08:00,2026-08-20T23:59:59+08:00,2026-08-24T12:14:16.623098+00:00,https://media.i-sgcm.com/public/new-cars/pricelist/81/2026-08-20.pdf#page=3,SGCarMart archived authorised-dealer price list,Category B,BYD,Price-list page summary,PDF page 3,208388.0,228388.0,117500.0,True,6.0,mixed guaranteed and non-guaranteed packages,6000.0,"INTEREST RATE | FINANCE REBATE | 2. Price is after finance, insurance, and trade-in rebates, applicable only to successful applicants",6000.0,"TRADE-IN REBATE | 2. Price is after finance, insurance, and trade-in rebates, applicable only to successful applicants",7000.0,,2026-09-09,"PROMOTION | Package prices are inclusive of all applicable Current Promotions & Year-Round Perks) | 5. Promotion, price and vehicle specifications are subject to change without prior notice.",,,,0.2414044703872437,SGD,"brand_category_pricelist_page_summary; explicit_page_label; price_count=25; price_range=189388.0-306888.0; finance_rate_pct=nan; finance=INTEREST RATE | FINANCE REBATE | 2. Price is after finance, insurance, and trade-in rebates, applicable only to successful applicants; trade_in=TRADE-IN REBATE | 2. Price is after finance, insurance, and trade-in rebates, applicable only to successful applicants; sha256=70df595a0be66cd5bebb5334f52065c47a96619fbefc1a167ce9a1140d87c106; retrospective archive reconstruction; date-only available_at is conservatively set to end-of-day."
sgcm-81-2026-08-21-p2-b,2026-08-21T00:00:00+08:00,2026-08-21T23:59:59+08:00,2026-08-24T12:14:38.394986+00:00,https://media.i-sgcm.com/public/new-cars/pricelist/81/2026-08-21.pdf#page=2,SGCarMart archived authorised-dealer price list,Category B,BYD,Price-list page summary,PDF page 2,228388.0,208388.0,117500.0,True,6.0,mixed guaranteed and non-guaranteed packages,6000.0,"FINANCE REBATE | 2. Price is after finance, insurance, and trade-in rebates, applicable only to successful applicants",6000.0,"TRADE-IN REBATE | 2. Price is after finance, insurance, and trade-in rebates, applicable only to successful applicants",7000.0,,2026-09-09,"PROMOTION | (Package prices are inclusive of all applicable Current Promotions & Year-Round Perks | 5. Promotion, price and vehicle specifications are subject to change without prior notice.",,,,0.2414044703872437,SGD,"brand_category_pricelist_page_summary; explicit_page_label; price_count=20; price_range=211388.0-323888.0; finance_rate_pct=2.28; finance=FINANCE REBATE | 2. Price is after finance, insurance, and trade-in rebates, applicable only to successful applicants; trade_in=TRADE-IN REBATE | 2. Price is after finance, insurance, and trade-in rebates, applicable only to successful applicants; sha256=9a027fee2fdd3dc3bfe4d3460ab6ffed7fbbec0baaf7a062daaab966ce29de57; retrospective archive reconstruction; date-only available_at is conservatively set to end-of-day."
sgcm-81-2026-08-21-p3-b,2026-08-21T00:00:00+08:00,2026-08-21T23:59:59+08:00,2026-08-24T12:14:38.394986+00:00,https://media.i-sgcm.com/public/new-cars/pricelist/81/2026-08-21.pdf#page=3,SGCarMart archived authorised-dealer price list,Category B,BYD,Price-list page summary,PDF page 3,208388.0,228388.0,117500.0,True,6.0,mixed guaranteed and non-guaranteed packages,6000.0,"INTEREST RATE | FINANCE REBATE | 2. Price is after finance, insurance, and trade-in rebates, applicable only to successful applicants",6000.0,"TRADE-IN REBATE | 2. Price is after finance, insurance, and trade-in rebates, applicable only to successful applicants",7000.0,,2026-09-09,"PROMOTION | Package prices are inclusive of all applicable Current Promotions & Year-Round Perks) | 5. Promotion, price and vehicle specifications are subject to change without prior notice.",,,,0.2414044703872437,SGD,"brand_category_pricelist_page_summary; explicit_page_label; price_count=25; price_range=189388.0-306888.0; finance_rate_pct=nan; finance=INTEREST RATE | FINANCE REBATE | 2. Price is after finance, insurance, and trade-in rebates, applicable only to successful applicants; trade_in=TRADE-IN REBATE | 2. Price is after finance, insurance, and trade-in rebates, applicable only to successful applicants; sha256=9a027fee2fdd3dc3bfe4d3460ab6ffed7fbbec0baaf7a062daaab966ce29de57; retrospective archive reconstruction; date-only available_at is conservatively set to end-of-day."
sgcm-13-2024-01-06-p1-a,2024-01-06T00:00:00+08:00,2024-01-06T23:59:59+08:00,2026-08-24T11:35:24.779752+00:00,https://media.i-sgcm.com/public/new-cars/pricelist/13/2024-01-06.pdf#page=1,SGCarMart archived authorised-dealer price list,Category A,Honda,Price-list page summary,PDF page 1,155999.0,,,False,6.0,non-guaranteed,,- Low interest rates from 2.78%,,- Special trade-in discount,7500.0,,2024-01-17,HONDA MOTORSHOW PROMOTIONS:,,,,0.0870471464019851,SGD,brand_category_pricelist_page_summary; explicit_page_label; price_count=10; price_range=142999.0-171999.0; finance_rate_pct=2.78; finance=- Low interest rates from 2.78%; trade_in=- Special trade-in discount; sha256=e97f650bd6accb1a9430533e4aa49b8b2b44beca636856afa50c7c68929debb0; retrospective archive reconstruction; date-only available_at is conservatively set to end-of-day.
sgcm-13-2024-01-09-p1-a,2024-01-09T00:00:00+08:00,2024-01-09T23:59:59+08:00,2026-08-24T11:35:35.530459+00:00,https://media.i-sgcm.com/public/new-cars/pricelist/13/2024-01-09.pdf#page=1,SGCarMart archived authorised-dealer price list,Category A,Honda,Price-list page summary,PDF page 1,155999.0,155999.0,,False,6.0,non-guaranteed,,- Low interest rates from 2.78%,,- Special trade-in discount,7500.0,,2024-01-17,HONDA MOTORSHOW PROMOTIONS:,,,,0.0870471464019851,SGD,brand_category_pricelist_page_summary; explicit_page_label; price_count=10; price_range=142999.0-171999.0; finance_rate_pct=2.78; finance=- Low interest rates from 2.78%; trade_in=- Special trade-in discount; sha256=4e5e3b6e134a8aaf8de750b0e0cde4888d6f224e19d65f44297f93747b29c907; retrospective archive reconstruction; date-only available_at is conservatively set to end-of-day.
sgcm-13-2024-01-10-p1-a,2024-01-10T00:00:00+08:00,2024-01-10T23:59:59+08:00,2026-08-24T11:35:41.500369+00:00,https://media.i-sgcm.com/public/new-cars/pricelist/13/2024-01-10.pdf#page=1,SGCarMart archived authorised-dealer price list,Category A,Honda,Price-list page summary,PDF page 1,157499.0,155999.0,,False,6.0,non-guaranteed,,- Low interest rates from 2.78%,,- Special trade-in discount,7500.0,,2024-01-17,HONDA MOTORSHOW PROMOTIONS:,,,,0.0870471464019851,SGD,brand_category_pricelist_page_summary; explicit_page_label; price_count=10; price_range=142999.0-171999.0; finance_rate_pct=2.78; finance=- Low interest rates from 2.78%; trade_in=- Special trade-in discount; sha256=d4434b979eb1a19ce81487cc5f04592ab80e9869685a87ef64d8867b7f1352db; retrospective archive reconstruction; date-only available_at is conservatively set to end-of-day.
sgcm-13-2024-01-18-p1-a,2024-01-18T00:00:00+08:00,2024-01-18T23:59:59+08:00,2026-08-24T11:36:03.237594+00:00,https://media.i-sgcm.com/public/new-cars/pricelist/13/2024-01-18.pdf#page=1,SGCarMart archived authorised-dealer price list,Category A,Honda,Price-list page summary,PDF page 1,165999.0,157499.0,,False,6.0,non-guaranteed,,- Low interest rates from 2.78%,,- Special trade-in discount,7500.0,,2024-02-07,HONDA CHINESE NEW YEAR PROMOTIONS:,,,,0.0870471464019851,SGD,brand_category_pricelist_page_summary; explicit_page_label; price_count=9; price_range=152999.0-181999.0; finance_rate_pct=2.78; finance=- Low interest rates from 2.78%; trade_in=- Special trade-in discount; sha256=3eac36d902672975130f93dfa9c945ea9266bbe06e22f0d74dcd6a88a0de68e7; retrospective archive reconstruction; date-only available_at is conservatively set to end-of-day.
sgcm-13-2024-02-08-p1-a,2024-02-08T00:00:00+08:00,2024-02-08T23:59:59+08:00,2026-08-24T11:36:52.155551+00:00,https://media.i-sgcm.com/public/new-cars/pricelist/13/2024-02-08.pdf#page=1,SGCarMart archived authorised-dealer price list,Category A,Honda,Price-list page summary,PDF page 1,162999.0,165999.0,,False,6.0,non-guaranteed,,- Low interest rates from 2.68%,,- Special trade-in discount,7500.0,,2024-02-21,HONDA CHINESE NEW YEAR PROMOTIONS:,,,,0.0852274585472741,SGD,brand_category_pricelist_page_summary; explicit_page_label; price_count=9; price_range=149999.0-179999.0; finance_rate_pct=2.68; finance=- Low interest rates from 2.68%; trade_in=- Special trade-in discount; sha256=29a53e717625973e51a30a0c399517aca2f0f01904f5dcf5b82e40c7abd7a424; retrospective archive reconstruction; date-only available_at is conservatively set to end-of-day.
sgcm-13-2024-02-23-p1-a,2024-02-23T00:00:00+08:00,2024-02-23T23:59:59+08:00,2026-08-24T11:37:24.474397+00:00,https://media.i-sgcm.com/public/new-cars/pricelist/13/2024-02-23.pdf#page=1,SGCarMart archived authorised-dealer price list,Category A,Honda,Price-list page summary,PDF page 1,159999.0,162999.0,,False,6.0,non-guaranteed,,- Low interest rates from 2.68%,,- Special trade-in discount,6600.0,,2024-03-06,66th ANNIVERSARY PROMOTIONS,,,,0.0852274585472741,SGD,brand_category_pricelist_page_summary; explicit_page_label; price_count=9; price_range=146999.0-176999.0; finance_rate_pct=2.68; finance=- Low interest rates from 2.68%; trade_in=- Special trade-in discount; sha256=d644ed31287dbc82d8ff7805530705279bd157885f5d2bec7cbb56f9cc6f3875; retrospective archive reconstruction; date-only available_at is conservatively set to end-of-day.
sgcm-13-2024-03-08-p1-a,2024-03-08T00:00:00+08:00,2024-03-08T23:59:59+08:00,2026-08-24T11:38:07.889070+00:00,https://media.i-sgcm.com/public/new-cars/pricelist/13/2024-03-08.pdf#page=1,SGCarMart archived authorised-dealer price list,Category A,Honda,Price-list page summary,PDF page 1,163999.0,159999.0,,False,6.0,non-guaranteed,,- Low interest rates from 2.68%,,,6600.0,,2024-03-20,"NEW CAR PRICELIST AND PROMOTION with effect from 7 March 2024 to 20 March 2024, 12pm | PROMOTION PRICE | 66th ANNIVERSARY PROMOTIONS",,,,0.0837141468157511,SGD,brand_category_pricelist_page_summary; explicit_page_label; price_count=16; price_range=152399.0-181999.0; finance_rate_pct=2.68; finance=- Low interest rates from 2.68%; trade_in=nan; sha256=eff2b8094cb720e7b0a823f90c763572e4dab354c8d2cfea76e927657c6bfa39; retrospective archive reconstruction; date-only available_at is conservatively set to end-of-day.
sgcm-13-2024-04-05-p1-a,2024-04-05T00:00:00+08:00,2024-04-05T23:59:59+08:00,2026-08-24T11:39:07.017928+00:00,https://media.i-sgcm.com/public/new-cars/pricelist/13/2024-04-05.pdf#page=1,SGCarMart archived authorised-dealer price list,Category A,Honda,Price-list page summary,PDF page 1,167699.0,163999.0,,False,6.0,non-guaranteed,,- Low interest rates from 2.78%,,- Special trade-in discount,6600.0,,2024-04-17,"NEW CAR PRICELIST AND PROMOTION with effect from 4 April to 17 April 2024, 12pm | PROMOTION PRICE | THE CAR EXPO 2024 PROMOTIONS",,,,0.0795447419577349,SGD,brand_category_pricelist_page_summary; explicit_page_label; price_count=18; price_range=157399.0-186999.0; finance_rate_pct=2.78; finance=- Low interest rates from 2.78%; trade_in=- Special trade-in discount; sha256=c6b48312c9591bf068258d9bdb1d554cd1627db3378dabc335d040ab8ba2bbfe; retrospective archive reconstruction; date-only available_at is conservatively set to end-of-day.
sgcm-13-2024-04-08-p1-a,2024-04-08T00:00:00+08:00,2024-04-08T23:59:59+08:00,2026-08-24T11:39:12.359151+00:00,https://media.i-sgcm.com/public/new-cars/pricelist/13/2024-04-08.pdf#page=1,SGCarMart archived authorised-dealer price list,Category A,Honda,Price-list page summary,PDF page 1,167699.0,167699.0,,False,6.0,non-guaranteed,,- Low interest rates from 2.78%,,- Special trade-in discount,6600.0,,2024-04-17,"NEW CAR PRICELIST AND PROMOTION with effect from 6 April to 17 April 2024, 12pm | PROMOTION PRICE | THE CAR EXPO 2024 PROMOTIONS",,,,0.0795447419577349,SGD,brand_category_pricelist_page_summary; explicit_page_label; price_count=18; price_range=157399.0-186999.0; finance_rate_pct=2.78; finance=- Low interest rates from 2.78%; trade_in=- Special trade-in discount; sha256=98ca59e7c76ae9d3e8d639ebcd0397baddbcf972feb551621ed7d974cd39e0d9; retrospective archive reconstruction; date-only available_at is conservatively set to end-of-day.
sgcm-13-2024-04-19-p1-a,2024-04-19T00:00:00+08:00,2024-04-19T23:59:59+08:00,2026-08-24T11:39:44.524964+00:00,https://media.i-sgcm.com/public/new-cars/pricelist/13/2024-04-19.pdf#page=1,SGCarMart archived authorised-dealer price list,Category A,Honda,Price-list page summary,PDF page 1,171899.0,167699.0,,True,6.0,mixed guaranteed and non-guaranteed packages,,- Low interest rates from 2.78%,,- Special trade-in discount,6600.0,,2024-05-08,"NEW CAR PRICELIST AND PROMOTION with effect from 18 April to 8 May 2024, 12pm | PROMOTION PRICE | 66th ANNIVERSARY PROMOTIONS",,,,0.0795447419577349,SGD,brand_category_pricelist_page_summary; explicit_page_label; price_count=20; price_range=160399.0-190999.0; finance_rate_pct=2.78; finance=- Low interest rates from 2.78%; trade_in=- Special trade-in discount; sha256=023704080617905ada828b12543c53b4bdb4977bade37f179d833223e9bc5d6d; retrospective archive reconstruction; date-only available_at is conservatively set to end-of-day.
sgcm-13-2024-05-13-p1-a,2024-05-13T00:00:00+08:00,2024-05-13T23:59:59+08:00,2026-08-24T11:40:49.307139+00:00,https://media.i-sgcm.com/public/new-cars/pricelist/13/2024-05-13.pdf#page=1,SGCarMart archived authorised-dealer price list,Category A,Honda,Price-list page summary,PDF page 1,170899.0,171899.0,,True,6.0,mixed guaranteed and non-guaranteed packages,,- Low interest rates from 2.78%,,- Special trade-in discount,6600.0,,2024-05-23,"NEW CAR PRICELIST AND PROMOTION with effect from 9 May to 23 May 2024, 12pm | PROMOTION PRICE | HONDA MID-YEAR SALE PROMOTIONS",,,,0.0790386297156298,SGD,brand_category_pricelist_page_summary; explicit_page_label; price_count=20; price_range=159399.0-189999.0; finance_rate_pct=2.78; finance=- Low interest rates from 2.78%; trade_in=- Special trade-in discount; sha256=98ac687c0f81f2035b08fcada4b89a849f753e9e3a0685bd0795aa7f2454d643; retrospective archive reconstruction; date-only available_at is conservatively set to end-of-day.
sgcm-13-2024-05-27-p1-a,2024-05-27T00:00:00+08:00,2024-05-27T23:59:59+08:00,2026-08-24T11:41:21.960570+00:00,https://media.i-sgcm.com/public/new-cars/pricelist/13/2024-05-27.pdf#page=1,SGCarMart archived authorised-dealer price list,Category A,Honda,Price-list page summary,PDF page 1,169199.0,170899.0,,True,6.0,mixed guaranteed and non-guaranteed packages,,- Low interest rates from 2.78%,,- Special trade-in discount,6600.0,,2024-06-05,"NEW CAR PRICELIST AND PROMOTION with effect from 24 May to 5 June 2024, 12pm | PROMOTION PRICE | HONDA MID-YEAR SALE PROMOTIONS",,,,0.0790386297156298,SGD,brand_category_pricelist_page_summary; explicit_page_label; price_count=20; price_range=158399.0-188999.0; finance_rate_pct=2.78; finance=- Low interest rates from 2.78%; trade_in=- Special trade-in discount; sha256=73c4947bdc93131cba5d7b79f7471622ac7b53d48cf6d64f7ec76291a6ac6b1e; retrospective archive reconstruction; date-only available_at is conservatively set to end-of-day.
sgcm-13-2024-06-24-p1-a,2024-06-24T00:00:00+08:00,2024-06-24T23:59:59+08:00,2026-08-24T11:42:36.682523+00:00,https://media.i-sgcm.com/public/new-cars/pricelist/13/2024-06-24.pdf#page=1,SGCarMart archived authorised-dealer price list,Category A,Honda,Price-list page summary,PDF page 1,166399.0,169199.0,,True,6.0,mixed guaranteed and non-guaranteed packages,,- Low interest rates from 2.78%,,- Special trade-in discount,6600.0,,2024-07-03,"NEW CAR PRICELIST AND PROMOTION with effect from 21 June to 3 July 2024, 12pm | PROMOTION PRICE | HONDA 66th ANNIVERSARY PROMOTIONS",,,,0.0801523363117035,SGD,brand_category_pricelist_page_summary; explicit_page_label; price_count=20; price_range=154399.0-185999.0; finance_rate_pct=2.78; finance=- Low interest rates from 2.78%; trade_in=- Special trade-in discount; sha256=309373a09111ca337929b75933081f62c037471f71f7fe1fc63131d35f9632ba; retrospective archive reconstruction; date-only available_at is conservatively set to end-of-day.
sgcm-13-2024-07-08-p1-a,2024-07-08T00:00:00+08:00,2024-07-08T23:59:59+08:00,2026-08-24T11:43:30.517145+00:00,https://media.i-sgcm.com/public/new-cars/pricelist/13/2024-07-08.pdf#page=1,SGCarMart archived authorised-dealer price list,Category A,Honda,Price-list page summary,PDF page 1,166399.0,166399.0,,True,6.0,mixed guaranteed and non-guaranteed packages,,- Low interest rates from 2.78%,,,6600.0,,2024-07-17,"NEW CAR PRICELIST AND PROMOTION with effect from 04 July to 17 July 2024, 12pm | PROMOTION PRICE | HONDA 66th ANNIVERSARY PROMOTIONS",,,,0.0816819855524636,SGD,brand_category_pricelist_page_summary; explicit_page_label; price_count=20; price_range=154399.0-185999.0; finance_rate_pct=2.78; finance=- Low interest rates from 2.78%; trade_in=nan; sha256=887615cd234f12539422853580e32a9cf62bd398ac1fce9607e52cb91bd569e7; retrospective archive reconstruction; date-only available_at is conservatively set to end-of-day.
sgcm-13-2024-07-19-p1-a,2024-07-19T00:00:00+08:00,2024-07-19T23:59:59+08:00,2026-08-24T11:43:52.228960+00:00,https://media.i-sgcm.com/public/new-cars/pricelist/13/2024-07-19.pdf#page=1,SGCarMart archived authorised-dealer price list,Category A,Honda,Price-list page summary,PDF page 1,164549.0,166399.0,,True,6.0,mixed guaranteed and non-guaranteed packages,,- Low interest rates from 2.78%,,- Special trade-in discount,5900.0,,2024-08-07,"NEW CAR PRICELIST AND PROMOTION with effect from 18 July to 7 August 2024, 12pm | PROMOTION PRICE | NATIONAL DAY PROMOTIONS",,,,0.0816819855524636,SGD,brand_category_pricelist_page_summary; explicit_page_label; price_count=20; price_range=154099.0-184999.0; finance_rate_pct=2.78; finance=- Low interest rates from 2.78%; trade_in=- Special trade-in discount; sha256=1131f7b6ccc6aee1c7db686e6404fa0dc06e5dc91cdc99c142c6348c2a932362; retrospective archive reconstruction; date-only available_at is conservatively set to end-of-day.
sgcm-13-2024-07-25-p1-a,2024-07-25T00:00:00+08:00,2024-07-25T23:59:59+08:00,2026-08-24T11:44:13.784842+00:00,https://media.i-sgcm.com/public/new-cars/pricelist/13/2024-07-25.pdf#page=1,SGCarMart archived authorised-dealer price list,Category A,Honda,Price-list page summary,PDF page 1,164549.0,164549.0,,True,6.0,mixed guaranteed and non-guaranteed packages,,- Low interest rates from 2.78%,,- Special trade-in discount,5900.0,,2024-08-07,"NEW CAR PRICELIST AND PROMOTION with effect from 25 July to 7 August 2024, 12pm | PROMOTION PRICE | NATIONAL DAY PROMOTIONS",,,,0.0816819855524636,SGD,brand_category_pricelist_page_summary; explicit_page_label; price_count=20; price_range=154099.0-184999.0; finance_rate_pct=2.78; finance=- Low interest rates from 2.78%; trade_in=- Special trade-in discount; sha256=5e0ab39e951b975af38937484a80738f1938c075d237d4d717d49645c6bc14dc; retrospective archive reconstruction; date-only available_at is conservatively set to end-of-day.
sgcm-13-2024-08-12-p1-a,2024-08-12T00:00:00+08:00,2024-08-12T23:59:59+08:00,2026-08-24T11:44:40.686374+00:00,https://media.i-sgcm.com/public/new-cars/pricelist/13/2024-08-12.pdf#page=1,SGCarMart archived authorised-dealer price list,Category A,Honda,Price-list page summary,PDF page 1,166549.0,164549.0,,True,6.0,mixed guaranteed and non-guaranteed packages,,- Low interest rates from 2.78%,,- Special trade-in discount,5900.0,,2024-08-21,"NEW CAR PRICELIST AND PROMOTION with effect from 8 August to 21 August 2024, 12pm | PROMOTION PRICE | NATIONAL DAY PROMOTIONS",,,,0.0872494071998275,SGD,brand_category_pricelist_page_summary; explicit_page_label; price_count=20; price_range=156099.0-186999.0; finance_rate_pct=2.78; finance=- Low interest rates from 2.78%; trade_in=- Special trade-in discount; sha256=9d3686d3c68abb088a621fc887b7b5346aac83b707bcf54aea45368ffa596944; retrospective archive reconstruction; date-only available_at is conservatively set to end-of-day.
sgcm-13-2024-08-23-p1-a,2024-08-23T00:00:00+08:00,2024-08-23T23:59:59+08:00,2026-08-24T11:45:07.655704+00:00,https://media.i-sgcm.com/public/new-cars/pricelist/13/2024-08-23.pdf#page=1,SGCarMart archived authorised-dealer price list,Category A,Honda,Price-list page summary,PDF page 1,167999.0,166549.0,,True,6.0,mixed guaranteed and non-guaranteed packages,,- Low interest rates from 2.78%,,- Special trade-in discount,5900.0,,2024-09-04,"NEW CAR PRICELIST AND PROMOTION with effect from 23 August to 4 September 2024, 12pm | PROMOTION PRICE | ROADSHOW EXCLUSIVES","NEW CAR PRICELIST AND PROMOTION with effect from 23 August to 4 September 2024, 12pm | PROMOTION PRICE | ROADSHOW EXCLUSIVES",2024-08-23,2024-09-04,0.0872494071998275,SGD,brand_category_pricelist_page_summary; explicit_page_label; price_count=24; price_range=156099.0-186999.0; finance_rate_pct=2.78; finance=- Low interest rates from 2.78%; trade_in=- Special trade-in discount; sha256=bf23878a2a79547cc32cd80e112ec55167dddf3c944e01a04f8f944799c1fca3; retrospective archive reconstruction; date-only available_at is conservatively set to end-of-day.
sgcm-13-2024-09-05-p1-a,2024-09-05T00:00:00+08:00,2024-09-05T23:59:59+08:00,2026-08-24T11:45:29.257709+00:00,https://media.i-sgcm.com/public/new-cars/pricelist/13/2024-09-05.pdf#page=1,SGCarMart archived authorised-dealer price list,Category A,Honda,Price-list page summary,PDF page 1,169049.0,167999.0,,True,6.0,mixed guaranteed and non-guaranteed packages,,- Low interest rates from 2.78%,,- Special trade-in discount,5900.0,,2024-09-18,"NEW CAR PRICELIST AND PROMOTION with effect from 5 September to 18 September 2024, 12pm | PROMOTION PRICE",,,,0.0897975077881619,SGD,brand_category_pricelist_page_summary; explicit_page_label; price_count=24; price_range=158099.0-187999.0; finance_rate_pct=2.78; finance=- Low interest rates from 2.78%; trade_in=- Special trade-in discount; sha256=ff23118c09d825163c33e201d29e81ba71015f277ccb15746973590a2e6c8191; retrospective archive reconstruction; date-only available_at is conservatively set to end-of-day.
sgcm-13-2024-09-22-p1-a,2024-09-22T00:00:00+08:00,2024-09-22T23:59:59+08:00,2026-08-24T11:46:23.193074+00:00,https://media.i-sgcm.com/public/new-cars/pricelist/13/2024-09-22.pdf#page=1,SGCarMart archived authorised-dealer price list,Category A,Honda,Price-list page summary,PDF page 1,172049.0,169049.0,,True,6.0,mixed guaranteed and non-guaranteed packages,,- Low interest rates from 2.78%,,- Special trade-in discount,5900.0,,2024-10-09,"NEW CAR PRICELIST AND PROMOTION with effect from 19 September to 9 October 2024, 12pm | PROMOTION PRICE",,,,0.0897975077881619,SGD,brand_category_pricelist_page_summary; explicit_page_label; price_count=24; price_range=161099.0-190999.0; finance_rate_pct=2.78; finance=- Low interest rates from 2.78%; trade_in=- Special trade-in discount; sha256=8b85d4b88855644a51ecf45c85118c6d0b048bf61d85777953f418f5386db41d; retrospective archive reconstruction; date-only available_at is conservatively set to end-of-day.
sgcm-13-2024-10-11-p1-a,2024-10-11T00:00:00+08:00,2024-10-11T23:59:59+08:00,2026-08-24T11:46:50.076114+00:00,https://media.i-sgcm.com/public/new-cars/pricelist/13/2024-10-11.pdf#page=1,SGCarMart archived authorised-dealer price list,Category A,Honda,Price-list page summary,PDF page 1,173999.0,172049.0,,True,6.0,mixed guaranteed and non-guaranteed packages,,- Low interest rates from 2.68%,,Special trade-in discoun,5900.0,,2024-10-23,"NEW CAR PRICELIST AND PROMOTION with effect from 10 October to 23 October 2024, 12pm | PROMOTION PRICE",,,,0.0924839687826216,SGD,brand_category_pricelist_page_summary; explicit_page_label; price_count=24; price_range=161099.0-190999.0; finance_rate_pct=2.68; finance=- Low interest rates from 2.68%; trade_in=Special trade-in discoun; sha256=d5dd16b9e4f23d0e4f74dbfa6f6d2b1ca68cb86c3bbfbbefca8e5e6103e75a56; retrospective archive reconstruction; date-only available_at is conservatively set to end-of-day.
sgcm-13-2024-10-29-p1-a,2024-10-29T00:00:00+08:00,2024-10-29T23:59:59+08:00,2026-08-24T11:47:33.457603+00:00,https://media.i-sgcm.com/public/new-cars/pricelist/13/2024-10-29.pdf#page=1,SGCarMart archived authorised-dealer price list,Category A,Honda,Price-list page summary,PDF page 1,172049.0,173999.0,,True,6.0,mixed guaranteed and non-guaranteed packages,,- Low interest rates from 2.68%,,- Special trade-in discount,5900.0,,2024-11-06,"NEW CAR PRICELIST AND PROMOTION with effect from 29 October to 6 November 2024, 12pm | PROMOTION PRICE | ROADSHOW EXCLUSIVES - LAST CHANCE TO ENJOY VES REBATES FOR e:HEV MODELS","NEW CAR PRICELIST AND PROMOTION with effect from 29 October to 6 November 2024, 12pm | PROMOTION PRICE | ROADSHOW EXCLUSIVES - LAST CHANCE TO ENJOY VES REBATES FOR e:HEV MODELS",2024-10-29,2024-11-06,0.0924839687826216,SGD,brand_category_pricelist_page_summary; explicit_page_label; price_count=26; price_range=160099.0-194999.0; finance_rate_pct=2.68; finance=- Low interest rates from 2.68%; trade_in=- Special trade-in discount; sha256=d6be17505d9c3f628c89847779356b94cf4357fd251fa02fdbbfac5de9d87ef9; retrospective archive reconstruction; date-only available_at is conservatively set to end-of-day.
sgcm-13-2024-11-13-p1-a,2024-11-13T00:00:00+08:00,2024-11-13T23:59:59+08:00,2026-08-24T11:48:22.311593+00:00,https://media.i-sgcm.com/public/new-cars/pricelist/13/2024-11-13.pdf#page=1,SGCarMart archived authorised-dealer price list,Category A,Honda,Price-list page summary,PDF page 1,170049.0,172049.0,,True,6.0,mixed guaranteed and non-guaranteed packages,,- Low interest rates from 2.68%,,- Special trade-in discount,5900.0,,2024-11-20,"NEW CAR PRICELIST AND PROMOTION with effect from 7 November to 20 November 2024, 12pm | PROMOTION PRICE",,,,0.092009978444622,SGD,brand_category_pricelist_page_summary; explicit_page_label; price_count=24; price_range=158099.0-192999.0; finance_rate_pct=2.68; finance=- Low interest rates from 2.68%; trade_in=- Special trade-in discount; sha256=8286d97a4f026cc354bb9667dca41e5e90eb3ae325a0be25fcacce5a3ad41f75; retrospective archive reconstruction; date-only available_at is conservatively set to end-of-day.
sgcm-13-2024-12-05-p1-a,2024-12-05T00:00:00+08:00,2024-12-05T23:59:59+08:00,2026-08-24T11:49:05.304479+00:00,https://media.i-sgcm.com/public/new-cars/pricelist/13/2024-12-05.pdf#page=1,SGCarMart archived authorised-dealer price list,Category A,Honda,Price-list page summary,PDF page 1,164549.0,170049.0,,True,6.0,mixed guaranteed and non-guaranteed packages,,- Low interest rates from 2.68%,,- Special trade-in discount,5900.0,,2024-12-18,"NEW CAR PRICELIST AND PROMOTION with effect from 5 December to 18 December 2024, 12pm | PROMOTION PRICE",,,,0.0928365679746895,SGD,brand_category_pricelist_page_summary; explicit_page_label; price_count=24; price_range=152099.0-186999.0; finance_rate_pct=2.68; finance=- Low interest rates from 2.68%; trade_in=- Special trade-in discount; sha256=c395f4cc4c1b50de01ae0ad6df157fa0888a0bb3ae06f1ce9892ac6bdbf19098; retrospective archive reconstruction; date-only available_at is conservatively set to end-of-day.
sgcm-13-2024-12-24-p1-a,2024-12-24T00:00:00+08:00,2024-12-24T23:59:59+08:00,2026-08-24T11:49:54.055925+00:00,https://media.i-sgcm.com/public/new-cars/pricelist/13/2024-12-24.pdf#page=1,SGCarMart archived authorised-dealer price list,Category A,Honda,Price-list page summary,PDF page 1,164549.0,164549.0,,True,6.0,mixed guaranteed and non-guaranteed packages,,- Low interest rates from 2.68%,,- Special trade-in discount,5900.0,,2024-01-08,"NEW CAR PRICELIST AND PROMOTION with effect from 19 December to 8 January 2024, 12pm | PROMOTION PRICE",,,,0.0928365679746895,SGD,brand_category_pricelist_page_summary; explicit_page_label; price_count=24; price_range=152099.0-186999.0; finance_rate_pct=2.68; finance=- Low interest rates from 2.68%; trade_in=- Special trade-in discount; sha256=1d1d96f76c9b3a7e323d0327d619f8f362b65ee8bf535081c1193131a79aa1b9; retrospective archive reconstruction; date-only available_at is conservatively set to end-of-day.
sgcm-13-2024-12-26-p1-a,2024-12-26T00:00:00+08:00,2024-12-26T23:59:59+08:00,2026-08-24T11:49:59.373172+00:00,https://media.i-sgcm.com/public/new-cars/pricelist/13/2024-12-26.pdf#page=1,SGCarMart archived authorised-dealer price list,Category A,Honda,Price-list page summary,PDF page 1,165999.0,164549.0,,True,6.0,mixed guaranteed and non-guaranteed packages,,- Low interest rates from 2.68%,,- Special trade-in discount,5900.0,,2025-01-08,"NEW CAR PRICELIST AND PROMOTION with effect from 19 December to 8 January 2025, 12pm | PROMOTION PRICE",,,,0.0928365679746895,SGD,brand_category_pricelist_page_summary; explicit_page_label; price_count=22; price_range=154099.0-188999.0; finance_rate_pct=2.68; finance=- Low interest rates from 2.68%; trade_in=- Special trade-in discount; sha256=98aa40986d98ce9dad18f870fded07ae75a49b215378ff373f183ee607ad9d1d; retrospective archive reconstruction; date-only available_at is conservatively set to end-of-day.
sgcm-13-2025-01-10-p1-a,2025-01-10T00:00:00+08:00,2025-01-10T23:59:59+08:00,2026-08-24T11:50:26.434147+00:00,https://media.i-sgcm.com/public/new-cars/pricelist/13/2025-01-10.pdf#page=1,SGCarMart archived authorised-dealer price list,Category A,Honda,Price-list page summary,PDF page 1,164999.0,165999.0,,True,6.0,mixed guaranteed and non-guaranteed packages,,- Low interest rates from 2.68%,,- Special trade-in discount,6000.0,,2025-01-22,"NEW CAR PRICELIST AND PROMOTION with effect from 9 January to 22 January 2025, 12pm | PROMOTION PRICE | MOTORSHOW PROMOTIONS",,,,0.0904653433127237,SGD,brand_category_pricelist_page_summary; explicit_page_label; price_count=22; price_range=152999.0-187999.0; finance_rate_pct=2.68; finance=- Low interest rates from 2.68%; trade_in=- Special trade-in discount; sha256=caa778483178144d573ea636bc059717f5ef7e0ca34e22d063228bb142f38da9; retrospective archive reconstruction; date-only available_at is conservatively set to end-of-day.
sgcm-13-2025-02-07-p1-a,2025-02-07T00:00:00+08:00,2025-02-07T23:59:59+08:00,2026-08-24T11:51:14.780190+00:00,https://media.i-sgcm.com/public/new-cars/pricelist/13/2025-02-07.pdf#page=1,SGCarMart archived authorised-dealer price list,Category A,Honda,Price-list page summary,PDF page 1,158499.0,164999.0,,True,6.0,mixed guaranteed and non-guaranteed packages,,- Low interest rates from 2.68%,,,6000.0,,2025-02-19,"NEW CAR PRICELIST AND PROMOTION with effect from 6 February to 19 February 2025, 12pm | SG60 PROMOTIONS",,,,0.0903299988501782,SGD,brand_category_pricelist_page_summary; explicit_page_label; price_count=44; price_range=145999.0-182999.0; finance_rate_pct=2.68; finance=- Low interest rates from 2.68%; trade_in=nan; sha256=a47fabeb12a81f6f48c02ce90ffc9a7b42c77742074723656f7da7e981d7954a; retrospective archive reconstruction; date-only available_at is conservatively set to end-of-day.
sgcm-13-2025-02-24-p1-a,2025-02-24T00:00:00+08:00,2025-02-24T23:59:59+08:00,2026-08-24T11:51:52.363719+00:00,https://media.i-sgcm.com/public/new-cars/pricelist/13/2025-02-24.pdf#page=1,SGCarMart archived authorised-dealer price list,Category A,Honda,Price-list page summary,PDF page 1,163499.0,158499.0,,True,6.0,mixed guaranteed and non-guaranteed packages,,- Low interest rates from 2.68%,,- Special trade-in discount,6000.0,,2025-03-05,"NEW CAR PRICELIST AND PROMOTION with effect from 20 February to 5 March 2025, 12pm | ROADSHOW PROMOTIONS","NEW CAR PRICELIST AND PROMOTION with effect from 20 February to 5 March 2025, 12pm | ROADSHOW PROMOTIONS",2025-02-20,2025-03-05,0.0903299988501782,SGD,brand_category_pricelist_page_summary; explicit_page_label; price_count=36; price_range=148999.0-187999.0; finance_rate_pct=2.68; finance=- Low interest rates from 2.68%; trade_in=- Special trade-in discount; sha256=db3685e0d78127265f0f98d475c4a9bc0fa91465d6d1721a8db5ff9e423b2522; retrospective archive reconstruction; date-only available_at is conservatively set to end-of-day.
sgcm-13-2025-03-07-p1-a,2025-03-07T00:00:00+08:00,2025-03-07T23:59:59+08:00,2026-08-24T11:52:30.497800+00:00,https://media.i-sgcm.com/public/new-cars/pricelist/13/2025-03-07.pdf#page=1,SGCarMart archived authorised-dealer price list,Category A,Honda,Price-list page summary,PDF page 1,163499.0,163499.0,,True,6.0,mixed guaranteed and non-guaranteed packages,,- Low interest rates from 2.68%,,- Special trade-in discount,6000.0,,2025-03-19,"NEW CAR PRICELIST AND PROMOTION with effect from 6 March to 19 March 2025, 12pm | SG60 PROMOTIONS",,,,0.090569311886805,SGD,brand_category_pricelist_page_summary; explicit_page_label; price_count=36; price_range=148999.0-188999.0; finance_rate_pct=2.68; finance=- Low interest rates from 2.68%; trade_in=- Special trade-in discount; sha256=9a48a332ffb4f307f47e3f659c210e1cbfa753507cc182f41f9152f84640ac2f; retrospective archive reconstruction; date-only available_at is conservatively set to end-of-day.
sgcm-13-2025-03-23-p1-a,2025-03-23T00:00:00+08:00,2025-03-23T23:59:59+08:00,2026-08-24T11:53:08.524921+00:00,https://media.i-sgcm.com/public/new-cars/pricelist/13/2025-03-23.pdf#page=1,SGCarMart archived authorised-dealer price list,Category A,Honda,Price-list page summary,PDF page 1,166499.0,163499.0,,True,6.0,mixed guaranteed and non-guaranteed packages,,- Low interest rates from 2.68%,,- Special trade-in discount,6000.0,,2025-04-09,"NEW CAR PRICELIST AND PROMOTION with effect from 20 March to 9 April 2025, 12pm | ROADSHOW EXCLUSIVES","NEW CAR PRICELIST AND PROMOTION with effect from 20 March to 9 April 2025, 12pm | ROADSHOW EXCLUSIVES",2025-03-20,2025-04-09,0.090569311886805,SGD,brand_category_pricelist_page_summary; explicit_page_label; price_count=36; price_range=152999.0-190999.0; finance_rate_pct=2.68; finance=- Low interest rates from 2.68%; trade_in=- Special trade-in discount; sha256=7e709c06a48f7b16abd4171fedcda537c672b3eb999c6b44db306ac3a68f3cd5; retrospective archive reconstruction; date-only available_at is conservatively set to end-of-day.
sgcm-13-2025-04-04-p1-a,2025-04-04T00:00:00+08:00,2025-04-04T23:59:59+08:00,2026-08-24T11:53:19.234114+00:00,https://media.i-sgcm.com/public/new-cars/pricelist/13/2025-04-04.pdf#page=1,SGCarMart archived authorised-dealer price list,Category A,Honda,Price-list page summary,PDF page 1,166499.0,166499.0,,True,6.0,mixed guaranteed and non-guaranteed packages,,- Low interest rates from 2.68%,,- Special trade-in discount,6000.0,,2025-04-09,"NEW CAR PRICELIST AND PROMOTION with effect from 2 April to 9 April 2025, 12pm | SG60 PROMOTIONS",,,,0.095250578931271,SGD,brand_category_pricelist_page_summary; explicit_page_label; price_count=36; price_range=152999.0-191999.0; finance_rate_pct=2.68; finance=- Low interest rates from 2.68%; trade_in=- Special trade-in discount; sha256=6810017d8a7648d00f7de31cac89d14cdc75271b1b9183823560b2ec53d5e989; retrospective archive reconstruction; date-only available_at is conservatively set to end-of-day.
sgcm-13-2025-04-10-p1-a,2025-04-10T00:00:00+08:00,2025-04-10T23:59:59+08:00,2026-08-24T11:53:29.863509+00:00,https://media.i-sgcm.com/public/new-cars/pricelist/13/2025-04-10.pdf#page=1,SGCarMart archived authorised-dealer price list,Category A,Honda,Price-list page summary,PDF page 1,168999.0,166499.0,,True,6.0,mixed guaranteed and non-guaranteed packages,,- Low interest rates from 2.68%,,- Special trade-in discount,6000.0,,2025-04-23,"NEW CAR PRICELIST AND PROMOTION with effect from 10 April to 23 April 2025, 12pm | ROADSHOW EXCLUSIVES","NEW CAR PRICELIST AND PROMOTION with effect from 10 April to 23 April 2025, 12pm | ROADSHOW EXCLUSIVES",2025-04-10,2025-04-23,0.095250578931271,SGD,brand_category_pricelist_page_summary; explicit_page_label; price_count=36; price_range=153999.0-194999.0; finance_rate_pct=2.68; finance=- Low interest rates from 2.68%; trade_in=- Special trade-in discount; sha256=5f16a955477f4c6064f63517cc4f150bfe55c2daf7f8989cce757c1180c51f93; retrospective archive reconstruction; date-only available_at is conservatively set to end-of-day.
sgcm-13-2025-04-25-p1-a,2025-04-25T00:00:00+08:00,2025-04-25T23:59:59+08:00,2026-08-24T11:54:07.867805+00:00,https://media.i-sgcm.com/public/new-cars/pricelist/13/2025-04-25.pdf#page=1,SGCarMart archived authorised-dealer price list,Category A,Honda,Price-list page summary,PDF page 1,169999.0,168999.0,,True,6.0,mixed guaranteed and non-guaranteed packages,,- Low interest rates from 2.68%,,- Special trade-in discount,6000.0,,2025-05-07,"NEW CAR PRICELIST AND PROMOTION with effect from 24 April to 7 May 2025, 12pm",,,,0.095250578931271,SGD,brand_category_pricelist_page_summary; explicit_page_label; price_count=34; price_range=101000.0-196999.0; finance_rate_pct=2.68; finance=- Low interest rates from 2.68%; trade_in=- Special trade-in discount; sha256=7f016d666043b4e2b16bb156aae6262bcfb996d741c2ba03983f93a88632a3f6; retrospective archive reconstruction; date-only available_at is conservatively set to end-of-day.
sgcm-13-2025-05-09-p1-a,2025-05-09T00:00:00+08:00,2025-05-09T23:59:59+08:00,2026-08-24T11:54:39.963815+00:00,https://media.i-sgcm.com/public/new-cars/pricelist/13/2025-05-09.pdf#page=1,SGCarMart archived authorised-dealer price list,Category A,Honda,Price-list page summary,PDF page 1,173999.0,169999.0,,True,6.0,mixed guaranteed and non-guaranteed packages,,- Low interest rates from 2.68%,,- Special trade-in discount,6000.0,,2025-05-21,"NEW CAR PRICELIST AND PROMOTION with effect from 8 May to 21 May 2025, 12pm | SG60 PROMOTIONS",,,,0.0980527760368265,SGD,brand_category_pricelist_page_summary; explicit_page_label; price_count=33; price_range=160999.0-199999.0; finance_rate_pct=2.68; finance=- Low interest rates from 2.68%; trade_in=- Special trade-in discount; sha256=3aa2276da6c9ec241b9aed17616f8fb452be70fc3ff788a5c5cd417dd8734043; retrospective archive reconstruction; date-only available_at is conservatively set to end-of-day.
sgcm-13-2025-05-22-p1-a,2025-05-22T00:00:00+08:00,2025-05-22T23:59:59+08:00,2026-08-24T11:55:07.071846+00:00,https://media.i-sgcm.com/public/new-cars/pricelist/13/2025-05-22.pdf#page=1,SGCarMart archived authorised-dealer price list,Category A,Honda,Price-list page summary,PDF page 1,174999.0,173999.0,,True,6.0,mixed guaranteed and non-guaranteed packages,,- Low interest rates from 2.68%,,- Special trade-in discount,6000.0,,2025-06-04,"NEW CAR PRICELIST AND PROMOTION with effect from 22 May to 4 June 2025, 12pm | SG60 PROMOTIONS",,,,0.0980527760368265,SGD,brand_category_pricelist_page_summary; explicit_page_label; price_count=36; price_range=162999.0-198999.0; finance_rate_pct=2.68; finance=- Low interest rates from 2.68%; trade_in=- Special trade-in discount; sha256=ca423bbc8311f1d467a81cbe814a9a72b520dfae62101eb89ee9e653e7abbacf; retrospective archive reconstruction; date-only available_at is conservatively set to end-of-day.
sgcm-13-2025-06-06-p1-a,2025-06-06T00:00:00+08:00,2025-06-06T23:59:59+08:00,2026-08-24T11:55:50.180930+00:00,https://media.i-sgcm.com/public/new-cars/pricelist/13/2025-06-06.pdf#page=1,SGCarMart archived authorised-dealer price list,Category A,Honda,Price-list page summary,PDF page 1,171999.0,174999.0,,True,,mixed guaranteed and non-guaranteed packages,,- Low interest rates from 2.68%,,- Special trade-in discount,6000.0,,2025-06-18,"NEW CAR PRICELIST AND PROMOTION with effect from 5 June to 18 June 2025, 12pm | ROADSHOW EXCLUSIVES","NEW CAR PRICELIST AND PROMOTION with effect from 5 June to 18 June 2025, 12pm | ROADSHOW EXCLUSIVES",2025-06-05,2025-06-18,0.0976061256258151,SGD,brand_category_pricelist_page_summary; explicit_page_label; price_count=36; price_range=159999.0-195999.0; finance_rate_pct=2.68; finance=- Low interest rates from 2.68%; trade_in=- Special trade-in discount; sha256=085b48de1ba461975dbfb1dcff65495890ce93f2cb1967cf26c320cc95a1e810; retrospective archive reconstruction; date-only available_at is conservatively set to end-of-day.
sgcm-13-2025-06-23-p1-a,2025-06-23T00:00:00+08:00,2025-06-23T23:59:59+08:00,2026-08-24T11:56:22.433395+00:00,https://media.i-sgcm.com/public/new-cars/pricelist/13/2025-06-23.pdf#page=1,SGCarMart archived authorised-dealer price list,Category A,Honda,Price-list page summary,PDF page 1,172999.0,171999.0,,True,,mixed guaranteed and non-guaranteed packages,,- Low interest rates from 2.68%,,- Special trade-in discount,6000.0,,2025-07-09,"NEW CAR PRICELIST AND PROMOTION with effect from 19 June to 9 July 2025, 12pm | SG60 PROMOTIONS",,,,0.0976061256258151,SGD,brand_category_pricelist_page_summary; explicit_page_label; price_count=36; price_range=160999.0-196999.0; finance_rate_pct=2.68; finance=- Low interest rates from 2.68%; trade_in=- Special trade-in discount; sha256=13ebf33f969433bf6306846ac8a8c1ec691bf22296aca895dcdef626fe19d392; retrospective archive reconstruction; date-only available_at is conservatively set to end-of-day.
sgcm-13-2025-07-11-p1-a,2025-07-11T00:00:00+08:00,2025-07-11T23:59:59+08:00,2026-08-24T11:56:54.786087+00:00,https://media.i-sgcm.com/public/new-cars/pricelist/13/2025-07-11.pdf#page=1,SGCarMart archived authorised-dealer price list,Category A,Honda,Price-list page summary,PDF page 1,175999.0,172999.0,,True,,mixed guaranteed and non-guaranteed packages,,- Low interest rates from 2.68%,,- Special trade-in discount,6000.0,,2025-07-23,"NEW CAR PRICELIST AND PROMOTION with effect from 11 July to 23 July 2025, 12pm | ROADSHOW DEALS","NEW CAR PRICELIST AND PROMOTION with effect from 11 July to 23 July 2025, 12pm | ROADSHOW DEALS",2025-07-11,2025-07-23,0.0961304051401772,SGD,brand_category_pricelist_page_summary; explicit_page_label; price_count=36; price_range=163999.0-199999.0; finance_rate_pct=2.68; finance=- Low interest rates from 2.68%; trade_in=- Special trade-in discount; sha256=354a847b8cdd510ad8a30c9092de5a3420aec5d3219cc7796ef4f38ff3d59aac; retrospective archive reconstruction; date-only available_at is conservatively set to end-of-day.
sgcm-13-2025-07-15-p1-a,2025-07-15T00:00:00+08:00,2025-07-15T23:59:59+08:00,2026-08-24T11:57:16.219259+00:00,https://media.i-sgcm.com/public/new-cars/pricelist/13/2025-07-15.pdf#page=1,SGCarMart archived authorised-dealer price list,Category A,Honda,Price-list page summary,PDF page 1,175999.0,175999.0,,True,,mixed guaranteed and non-guaranteed packages,,- Low interest rates from 2.68%,,- Special trade-in discount,6000.0,,2025-07-23,"NEW CAR PRICELIST AND PROMOTION with effect from 15 July to 23 July 2025, 12pm | ROADSHOW DEALS","NEW CAR PRICELIST AND PROMOTION with effect from 15 July to 23 July 2025, 12pm | ROADSHOW DEALS",2025-07-15,2025-07-23,0.0961304051401772,SGD,brand_category_pricelist_page_summary; explicit_page_label; price_count=36; price_range=163999.0-199999.0; finance_rate_pct=2.68; finance=- Low interest rates from 2.68%; trade_in=- Special trade-in discount; sha256=6392b08ce44b82a5b55d2e9247db9250e2cd45e6bbf09a39f0ae25107e2a3e7a; retrospective archive reconstruction; date-only available_at is conservatively set to end-of-day.
sgcm-13-2025-07-25-p1-a,2025-07-25T00:00:00+08:00,2025-07-25T23:59:59+08:00,2026-08-24T11:57:37.916180+00:00,https://media.i-sgcm.com/public/new-cars/pricelist/13/2025-07-25.pdf#page=1,SGCarMart archived authorised-dealer price list,Category A,Honda,Price-list page summary,PDF page 1,173999.0,175999.0,,True,,mixed guaranteed and non-guaranteed packages,,- Low interest rates from 2.68%,,,6000.0,,2025-08-06,"NEW CAR PRICELIST AND PROMOTION with effect from 24 July to 6 August 2025, 12pm | SG60 PROMOTIONS",,,,0.0961304051401772,SGD,brand_category_pricelist_page_summary; explicit_page_label; price_count=36; price_range=161999.0-197999.0; finance_rate_pct=2.68; finance=- Low interest rates from 2.68%; trade_in=nan; sha256=f93c6ff3da5ccb460638a3208caa8ba98faf9f09227e63678022f9e15034553e; retrospective archive reconstruction; date-only available_at is conservatively set to end-of-day.
sgcm-13-2025-08-08-p1-a,2025-08-08T00:00:00+08:00,2025-08-08T23:59:59+08:00,2026-08-24T11:58:21.490677+00:00,https://media.i-sgcm.com/public/new-cars/pricelist/13/2025-08-08.pdf#page=1,SGCarMart archived authorised-dealer price list,Category A,Honda,Price-list page summary,PDF page 1,174999.0,173999.0,,True,,mixed guaranteed and non-guaranteed packages,,- Low interest rates from 2.68%,,- Special trade-in discount,6000.0,,2025-08-11,"NEW CAR PRICELIST AND PROMOTION with effect from 7 August to 11 August 2025, 7pm",,,,0.0939688874409512,SGD,brand_category_pricelist_page_summary; explicit_page_label; price_count=36; price_range=162999.0-197999.0; finance_rate_pct=2.68; finance=- Low interest rates from 2.68%; trade_in=- Special trade-in discount; sha256=a747ac2f5dc85487f97583733768d2affa717f6bc1a0de70b6329778e50747ca; retrospective archive reconstruction; date-only available_at is conservatively set to end-of-day.
sgcm-13-2025-08-22-p1-a,2025-08-22T00:00:00+08:00,2025-08-22T23:59:59+08:00,2026-08-24T11:58:54.086806+00:00,https://media.i-sgcm.com/public/new-cars/pricelist/13/2025-08-22.pdf#page=1,SGCarMart archived authorised-dealer price list,Category A,Honda,Price-list page summary,PDF page 1,176999.0,174999.0,,True,,mixed guaranteed and non-guaranteed packages,,- Low interest rates from 2.68%,,- Special trade-in discount,6000.0,,2025-09-03,"NEW CAR PRICELIST AND PROMOTION with effect from 21 August to 3 September 2025, 12pm | SG60 PROMOTIONS",,,,0.0939688874409512,SGD,brand_category_pricelist_page_summary; explicit_page_label; price_count=36; price_range=164999.0-199999.0; finance_rate_pct=2.68; finance=- Low interest rates from 2.68%; trade_in=- Special trade-in discount; sha256=8caf26b576ab8a772667f872433fb0e51cc50a4bed37969e8d6ba9a56f10091a; retrospective archive reconstruction; date-only available_at is conservatively set to end-of-day.
sgcm-13-2025-09-05-p1-a,2025-09-05T00:00:00+08:00,2025-09-05T23:59:59+08:00,2026-08-24T11:59:31.948419+00:00,https://media.i-sgcm.com/public/new-cars/pricelist/13/2025-09-05.pdf#page=1,SGCarMart archived authorised-dealer price list,Category A,Honda,Price-list page summary,PDF page 1,179999.0,176999.0,,True,,mixed guaranteed and non-guaranteed packages,,- Low interest rates from 2.68%,,,6000.0,,2025-09-17,"NEW CAR PRICELIST AND PROMOTION with effect from 4 September to 17 September 2025, 12pm",,,,0.0933692008110332,SGD,brand_category_pricelist_page_summary; explicit_page_label; price_count=36; price_range=167999.0-202999.0; finance_rate_pct=2.68; finance=- Low interest rates from 2.68%; trade_in=nan; sha256=f6ab1b8a26e0b24df9161aad974eb7c9e6d5740957000050cfa035191738a41a; retrospective archive reconstruction; date-only available_at is conservatively set to end-of-day.
sgcm-13-2025-09-19-p1-a,2025-09-19T00:00:00+08:00,2025-09-19T23:59:59+08:00,2026-08-24T12:00:04.401081+00:00,https://media.i-sgcm.com/public/new-cars/pricelist/13/2025-09-19.pdf#page=1,SGCarMart archived authorised-dealer price list,Category A,Honda,Price-list page summary,PDF page 1,191999.0,179999.0,,True,,mixed guaranteed and non-guaranteed packages,,- Low interest rates from 2.6%,,- Special trade-in discount,6000.0,,2025-10-08,"NEW CAR PRICELIST AND PROMOTION with effect from 18 September to 8 October 2025, 12pm",,,,0.0933692008110332,SGD,brand_category_pricelist_page_summary; explicit_page_label; price_count=36; price_range=179999.0-214999.0; finance_rate_pct=2.6; finance=- Low interest rates from 2.6%; trade_in=- Special trade-in discount; sha256=3763f75313305cf35648344e99829cd0c89a0d70938720abe84be262db54a62a; retrospective archive reconstruction; date-only available_at is conservatively set to end-of-day.
sgcm-13-2025-10-10-p1-a,2025-10-10T00:00:00+08:00,2025-10-10T23:59:59+08:00,2026-08-24T12:00:53.593290+00:00,https://media.i-sgcm.com/public/new-cars/pricelist/13/2025-10-10.pdf#page=1,SGCarMart archived authorised-dealer price list,Category A,Honda,Price-list page summary,PDF page 1,202499.0,191999.0,,True,,mixed guaranteed and non-guaranteed packages,,- Low interest rates from 2.6%,,- Special trade-in discount,6000.0,,2025-10-23,"NEW CAR PRICELIST AND PROMOTION with effect from 9 October to 23 October 2025, 12pm | PROMOTIONS",,,,0.0916216859819018,SGD,brand_category_pricelist_page_summary; explicit_page_label; price_count=36; price_range=190999.0-225999.0; finance_rate_pct=2.6; finance=- Low interest rates from 2.6%; trade_in=- Special trade-in discount; sha256=f9628a370727bca47d5cd5e3bc02ba88914ea76a77d249ecdb2946df6f19608f; retrospective archive reconstruction; date-only available_at is conservatively set to end-of-day.
sgcm-13-2025-10-27-p1-a,2025-10-27T00:00:00+08:00,2025-10-27T23:59:59+08:00,2026-08-24T12:01:20.665725+00:00,https://media.i-sgcm.com/public/new-cars/pricelist/13/2025-10-27.pdf#page=1,SGCarMart archived authorised-dealer price list,Category A,Honda,Price-list page summary,PDF page 1,197999.0,202499.0,,True,,mixed guaranteed and non-guaranteed packages,,- Low interest rates from 2.6%,,- Special trade-in discount,6000.0,,2025-11-05,"NEW CAR PRICELIST AND PROMOTION with effect from 24 October to 5 November 2025, 12pm | ROADSHOW PROMOTIONS","NEW CAR PRICELIST AND PROMOTION with effect from 24 October to 5 November 2025, 12pm | ROADSHOW PROMOTIONS",2025-10-24,2025-11-05,0.0916216859819018,SGD,brand_category_pricelist_page_summary; explicit_page_label; price_count=36; price_range=185999.0-220999.0; finance_rate_pct=2.6; finance=- Low interest rates from 2.6%; trade_in=- Special trade-in discount; sha256=26ebb51e9b1a5d956ad2521178149ad6589de0341d585588a61a9051c3f01cd7; retrospective archive reconstruction; date-only available_at is conservatively set to end-of-day.
sgcm-13-2025-10-31-p1-a,2025-10-31T00:00:00+08:00,2025-10-31T23:59:59+08:00,2026-08-24T12:01:31.561238+00:00,https://media.i-sgcm.com/public/new-cars/pricelist/13/2025-10-31.pdf#page=1,SGCarMart archived authorised-dealer price list,Category A,Honda,Price-list page summary,PDF page 1,199999.0,197999.0,,True,,mixed guaranteed and non-guaranteed packages,,- Low interest rates from 2.6%,,- Special trade-in discount,6000.0,,2025-11-05,"NEW CAR PRICELIST AND PROMOTION with effect from 31 October to 5 November 2025, 12pm | ROADSHOW PROMOTIONS","NEW CAR PRICELIST AND PROMOTION with effect from 31 October to 5 November 2025, 12pm | ROADSHOW PROMOTIONS",2025-10-31,2025-11-05,0.0916216859819018,SGD,brand_category_pricelist_page_summary; explicit_page_label; price_count=28; price_range=189999.0-220999.0; finance_rate_pct=2.6; finance=- Low interest rates from 2.6%; trade_in=- Special trade-in discount; sha256=5e5cac1e9da83f0206bfc7890cf4af0d4ab46d80ed023601bbaba4f99f497f47; retrospective archive reconstruction; date-only available_at is conservatively set to end-of-day.
sgcm-13-2025-11-10-p1-a,2025-11-10T00:00:00+08:00,2025-11-10T23:59:59+08:00,2026-08-24T12:02:04.073605+00:00,https://media.i-sgcm.com/public/new-cars/pricelist/13/2025-11-10.pdf#page=1,SGCarMart archived authorised-dealer price list,Category A,Honda,Price-list page summary,PDF page 1,191499.0,199999.0,,True,,mixed guaranteed and non-guaranteed packages,,- Low interest rates from 2.6%,,- Special trade-in discount,6000.0,,2025-11-19,"NEW CAR PRICELIST AND PROMOTION with effect from 6 November to 19 November 2025, 12pm | YEAR END SALE PROMOTIONS",,,,0.092361751830549,SGD,brand_category_pricelist_page_summary; explicit_page_label; price_count=28; price_range=179999.0-214999.0; finance_rate_pct=2.6; finance=- Low interest rates from 2.6%; trade_in=- Special trade-in discount; sha256=a56ad7ea37c557236395486a9fdc2cc241520e10a6a194c692b0950e60f4b8fa; retrospective archive reconstruction; date-only available_at is conservatively set to end-of-day.
sgcm-13-2025-12-01-p1-a,2025-12-01T00:00:00+08:00,2025-12-01T23:59:59+08:00,2026-08-24T12:02:47.452461+00:00,https://media.i-sgcm.com/public/new-cars/pricelist/13/2025-12-01.pdf#page=1,SGCarMart archived authorised-dealer price list,Category A,Honda,Price-list page summary,PDF page 1,190499.0,191499.0,,True,,mixed guaranteed and non-guaranteed packages,,- Low interest rates from 2.6%,,- Special trade-in discount,6000.0,,2025-12-03,"NEW CAR PRICELIST AND PROMOTION with effect from 20 November to 3 December 2025, 12pm | CHRISTMAS BUNDLE PROMOTIONS",,,,0.0918809201623816,SGD,brand_category_pricelist_page_summary; explicit_page_label; price_count=28; price_range=178999.0-213999.0; finance_rate_pct=2.6; finance=- Low interest rates from 2.6%; trade_in=- Special trade-in discount; sha256=288e07af63a420e86f9fa9603a3a118f7a5e48d55963c7ab73997af1cd6a1625; retrospective archive reconstruction; date-only available_at is conservatively set to end-of-day.
sgcm-13-2025-12-05-p1-a,2025-12-05T00:00:00+08:00,2025-12-05T23:59:59+08:00,2026-08-24T12:03:04.244086+00:00,https://media.i-sgcm.com/public/new-cars/pricelist/13/2025-12-05.pdf#page=1,SGCarMart archived authorised-dealer price list,Category A,Honda,Price-list page summary,PDF page 1,187499.0,190499.0,,True,,mixed guaranteed and non-guaranteed packages,,- Low interest rates from 2.6%,,- Special trade-in discount,6000.0,,2025-12-17,"NEW CAR PRICELIST AND PROMOTION with effect from 4 December to 17 December 2025, 12pm | CHRISTMAS PROMOTIONS & LAST CHANCE TO ENJOY VES REBATES!",,,,0.0918809201623816,SGD,brand_category_pricelist_page_summary; explicit_page_label; price_count=28; price_range=173999.0-210999.0; finance_rate_pct=2.6; finance=- Low interest rates from 2.6%; trade_in=- Special trade-in discount; sha256=284c3f122b6837f8a5a68a566e0de283b3ded91578bc4b849232bfd7078fbd87; retrospective archive reconstruction; date-only available_at is conservatively set to end-of-day.
sgcm-13-2025-12-19-p1-a,2025-12-19T00:00:00+08:00,2025-12-19T23:59:59+08:00,2026-08-24T12:03:52.923326+00:00,https://media.i-sgcm.com/public/new-cars/pricelist/13/2025-12-19.pdf#page=1,SGCarMart archived authorised-dealer price list,Category A,Honda,Price-list page summary,PDF page 1,192999.0,187499.0,,True,,mixed guaranteed and non-guaranteed packages,,- Low interest rates from 2.6%,,- Special trade-in discount,6000.0,,2026-01-07,"NEW CAR PRICELIST AND PROMOTION with effect from 18 December to 7 January 2026, 12pm | CHRISTMAS PROMOTIONS & LAST CHANCE TO ENJOY VES REBATES!",,,,0.0918809201623816,SGD,brand_category_pricelist_page_summary; explicit_page_label; price_count=28; price_range=180999.0-215999.0; finance_rate_pct=2.6; finance=- Low interest rates from 2.6%; trade_in=- Special trade-in discount; sha256=1aab469ab34ed2fc24fdc3069ed685e4a2424dd0c78c59c34f11a194983959ac; retrospective archive reconstruction; date-only available_at is conservatively set to end-of-day.
sgcm-13-2026-01-02-p1-a,2026-01-02T00:00:00+08:00,2026-01-02T23:59:59+08:00,2026-08-24T12:04:14.509577+00:00,https://media.i-sgcm.com/public/new-cars/pricelist/13/2026-01-02.pdf#page=1,SGCarMart archived authorised-dealer price list,Category A,Honda,Price-list page summary,PDF page 1,192999.0,192999.0,,True,,mixed guaranteed and non-guaranteed packages,,- Low interest rates from 2.6%,,- Special trade-in discount,6000.0,,2026-01-07,"NEW CAR PRICELIST AND PROMOTION with effect from 1 January to 7 January 2026, 12pm | NEW YEAR PROMOTIONS",,,,0.0919738790386878,SGD,brand_category_pricelist_page_summary; explicit_page_label; price_count=28; price_range=180999.0-215999.0; finance_rate_pct=2.6; finance=- Low interest rates from 2.6%; trade_in=- Special trade-in discount; sha256=43fa0267c9286a2fb1e7baa8074429e773e903aa7e423ea836ef28cea5e1705f; retrospective archive reconstruction; date-only available_at is conservatively set to end-of-day.
sgcm-13-2026-01-13-p1-a,2026-01-13T00:00:00+08:00,2026-01-13T23:59:59+08:00,2026-08-24T12:04:57.900716+00:00,https://media.i-sgcm.com/public/new-cars/pricelist/13/2026-01-13.pdf#page=1,SGCarMart archived authorised-dealer price list,Category A,Honda,Price-list page summary,PDF page 1,187999.0,192999.0,,True,,mixed guaranteed and non-guaranteed packages,,- Low interest rates from 2.58%,,- Special trade-in discount,10000.0,,2026-01-21,"NEW CAR PRICELIST AND PROMOTION with effect from 8 January to 21 January 2026, 12pm | MOTORSHOW PROMOTIONS - STAND A CHANCE TO WIN OUR GRAND PRIZE OF $5,000!",,,,0.0919738790386878,SGD,brand_category_pricelist_page_summary; explicit_page_label; price_count=28; price_range=175999.0-210999.0; finance_rate_pct=2.58; finance=- Low interest rates from 2.58%; trade_in=- Special trade-in discount; sha256=c117eb93d3b6ff0c667ecff4ac1e56185d9eb91f177714a66506fba3a31e4084; retrospective archive reconstruction; date-only available_at is conservatively set to end-of-day.
sgcm-13-2026-01-23-p1-a,2026-01-23T00:00:00+08:00,2026-01-23T23:59:59+08:00,2026-08-24T12:05:20.421452+00:00,https://media.i-sgcm.com/public/new-cars/pricelist/13/2026-01-23.pdf#page=1,SGCarMart archived authorised-dealer price list,Category A,Honda,Price-list page summary,PDF page 1,192999.0,187999.0,,True,,mixed guaranteed and non-guaranteed packages,,- Low interest rates from 2.58%,,- Special trade-in discount,10000.0,,2026-02-04,"NEW CAR PRICELIST AND PROMOTION with effect from 22 January to 4 February 2026, 12pm",,,,0.0919738790386878,SGD,brand_category_pricelist_page_summary; explicit_page_label; price_count=27; price_range=178999.0-215999.0; finance_rate_pct=2.58; finance=- Low interest rates from 2.58%; trade_in=- Special trade-in discount; sha256=8d3194c8bb454b19e8d886aa1c5cf1d170b6965da7f0f729d531fd11f88e444a; retrospective archive reconstruction; date-only available_at is conservatively set to end-of-day.
sgcm-13-2026-02-06-p1-a,2026-02-06T00:00:00+08:00,2026-02-06T23:59:59+08:00,2026-08-24T12:05:58.046088+00:00,https://media.i-sgcm.com/public/new-cars/pricelist/13/2026-02-06.pdf#page=1,SGCarMart archived authorised-dealer price list,Category A,Honda,Price-list page summary,PDF page 1,189999.0,192999.0,,True,,mixed guaranteed and non-guaranteed packages,,- Low interest rates from 2.58%,,- Special trade-in discount,10000.0,,2026-02-20,"NEW CAR PRICELIST AND PROMOTION with effect from 5 February to 20 February 2026, 12pm",,,,0.0893604468944156,SGD,brand_category_pricelist_page_summary; explicit_page_label; price_count=27; price_range=175999.0-212999.0; finance_rate_pct=2.58; finance=- Low interest rates from 2.58%; trade_in=- Special trade-in discount; sha256=e4eebab4f55c70c512faade8eb0cfab59388d86dc12cba185b585b05acf9f6bc; retrospective archive reconstruction; date-only available_at is conservatively set to end-of-day.
sgcm-13-2026-02-24-p1-a,2026-02-24T00:00:00+08:00,2026-02-24T23:59:59+08:00,2026-08-24T12:06:41.202620+00:00,https://media.i-sgcm.com/public/new-cars/pricelist/13/2026-02-24.pdf#page=1,SGCarMart archived authorised-dealer price list,Category A,Honda,Price-list page summary,PDF page 1,190999.0,189999.0,,True,,mixed guaranteed and non-guaranteed packages,,- Low interest rates from 2.58%,,- Special trade-in discount,10000.0,,2026-03-04,"NEW CAR PRICELIST AND PROMOTION with effect from 21 February to 4 March 2026, 12pm",,,,0.0893604468944156,SGD,brand_category_pricelist_page_summary; explicit_page_label; price_count=27; price_range=176999.0-213999.0; finance_rate_pct=2.58; finance=- Low interest rates from 2.58%; trade_in=- Special trade-in discount; sha256=f58753f2592eefe87f11bafdbcb918ddfae27987b7519fc7874143d6dcc85019; retrospective archive reconstruction; date-only available_at is conservatively set to end-of-day.
sgcm-13-2026-03-06-p1-a,2026-03-06T00:00:00+08:00,2026-03-06T23:59:59+08:00,2026-08-24T12:07:02.650016+00:00,https://media.i-sgcm.com/public/new-cars/pricelist/13/2026-03-06.pdf#page=1,SGCarMart archived authorised-dealer price list,Category A,Honda,Price-list page summary,PDF page 1,192999.0,190999.0,,True,,mixed guaranteed and non-guaranteed packages,,- Low interest rates from 2.58%,,- Special trade-in discount,10000.0,,2026-03-18,"NEW CAR PRICELIST AND PROMOTION with effect from 5 March to 18 March 2026, 12pm | HARI RAYA PUASA PROMOTIONS",,,,0.0867574029795843,SGD,brand_category_pricelist_page_summary; explicit_page_label; price_count=27; price_range=178999.0-215999.0; finance_rate_pct=2.58; finance=- Low interest rates from 2.58%; trade_in=- Special trade-in discount; sha256=f4d13d34a96ba7681900aeda640461a2feb21d5d4a6629056df12be10cc06d92; retrospective archive reconstruction; date-only available_at is conservatively set to end-of-day.
sgcm-13-2026-03-20-p1-a,2026-03-20T00:00:00+08:00,2026-03-20T23:59:59+08:00,2026-08-24T12:07:51.172454+00:00,https://media.i-sgcm.com/public/new-cars/pricelist/13/2026-03-20.pdf#page=1,SGCarMart archived authorised-dealer price list,Category A,Honda,Price-list page summary,PDF page 1,196999.0,192999.0,,True,,mixed guaranteed and non-guaranteed packages,,- Low interest rates from 2.58%,,- Special trade-in discount,10000.0,,2026-04-08,"NEW CAR PRICELIST AND PROMOTION with effect from 19 March to 8 April 2026, 12pm | HARI RAYA PUASA PROMOTIONS",,,,0.0867574029795843,SGD,brand_category_pricelist_page_summary; explicit_page_label; price_count=27; price_range=182999.0-219999.0; finance_rate_pct=2.58; finance=- Low interest rates from 2.58%; trade_in=- Special trade-in discount; sha256=c4ad60c27b9b924dce828545f28ce38718d293f914eff16f709cfd9015d28807; retrospective archive reconstruction; date-only available_at is conservatively set to end-of-day.
sgcm-13-2026-04-10-p1-a,2026-04-10T00:00:00+08:00,2026-04-10T23:59:59+08:00,2026-08-24T12:08:50.950246+00:00,https://media.i-sgcm.com/public/new-cars/pricelist/13/2026-04-10.pdf#page=1,SGCarMart archived authorised-dealer price list,Category A,Honda,Price-list page summary,PDF page 1,201999.0,196999.0,,True,,mixed guaranteed and non-guaranteed packages,,- Low interest rates from 2.58%,,- Special trade-in discount,10000.0,,2026-04-22,"NEW CAR PRICELIST AND PROMOTION with effect from 9 April to 22 April 2026, 12pm | ROADSHOW PROMOTIONS | - Roadshow Bundle worth up to $1,948","NEW CAR PRICELIST AND PROMOTION with effect from 9 April to 22 April 2026, 12pm | ROADSHOW PROMOTIONS | - Roadshow Bundle worth up to $1,948",2026-04-09,2026-04-22,0.0810187706495298,SGD,brand_category_pricelist_page_summary; explicit_page_label; price_count=27; price_range=187999.0-224999.0; finance_rate_pct=2.58; finance=- Low interest rates from 2.58%; trade_in=- Special trade-in discount; sha256=990d0bc55e3c9c7b73187a17823a9910d42b72eb8a8853870fde107e580affa6; retrospective archive reconstruction; date-only available_at is conservatively set to end-of-day.
sgcm-13-2026-04-24-p1-a,2026-04-24T00:00:00+08:00,2026-04-24T23:59:59+08:00,2026-08-24T12:09:12.770876+00:00,https://media.i-sgcm.com/public/new-cars/pricelist/13/2026-04-24.pdf#page=1,SGCarMart archived authorised-dealer price list,Category A,Honda,Price-list page summary,PDF page 1,206999.0,201999.0,,True,,mixed guaranteed and non-guaranteed packages,,- Low interest rates from 2.58%,,- Special trade-in discount,10000.0,,2026-05-06,"NEW CAR PRICELIST AND PROMOTION with effect from 23 April to 6 May 2026, 12pm | HONDA PROMOTIONS",,,,0.0810187706495298,SGD,brand_category_pricelist_page_summary; explicit_page_label; price_count=27; price_range=192999.0-229999.0; finance_rate_pct=2.58; finance=- Low interest rates from 2.58%; trade_in=- Special trade-in discount; sha256=ce18a1a89df4e25b24069dab572aeb13c867ee5439c56b4d6ef56cddf5429809; retrospective archive reconstruction; date-only available_at is conservatively set to end-of-day.
sgcm-13-2026-05-13-p1-a,2026-05-13T00:00:00+08:00,2026-05-13T23:59:59+08:00,2026-08-24T12:10:28.725864+00:00,https://media.i-sgcm.com/public/new-cars/pricelist/13/2026-05-13.pdf#page=1,SGCarMart archived authorised-dealer price list,Category A,Honda,Price-list page summary,PDF page 1,206999.0,206999.0,,True,,mixed guaranteed and non-guaranteed packages,,- Low interest rates from 2.58%,,- Special trade-in discount,10000.0,,2026-05-20,"NEW CAR PRICELIST AND PROMOTION with effect from 7 May to 20 May 2026, 12pm | CAR EXPO PROMOTIONS",,,,0.0759920991201292,SGD,brand_category_pricelist_page_summary; explicit_page_label; price_count=27; price_range=188999.0-232999.0; finance_rate_pct=2.58; finance=- Low interest rates from 2.58%; trade_in=- Special trade-in discount; sha256=e637a47517c71c938b99920599f57f7413a81ebf873a58b03f1ac3f536d98057; retrospective archive reconstruction; date-only available_at is conservatively set to end-of-day.
sgcm-13-2026-05-25-p1-a,2026-05-25T00:00:00+08:00,2026-05-25T23:59:59+08:00,2026-08-24T12:11:00.822711+00:00,https://media.i-sgcm.com/public/new-cars/pricelist/13/2026-05-25.pdf#page=1,SGCarMart archived authorised-dealer price list,Category A,Honda,Price-list page summary,PDF page 1,205999.0,206999.0,,True,,mixed guaranteed and non-guaranteed packages,,- Low interest rates from 2.58%,,"- Special $3,000 trade-in booster* | - Special trade-in discount",10000.0,,2026-06-04,"NEW CAR PRICELIST AND PROMOTION with effect from 21 May to 4 June 2026, 12pm | HARI RAYA HAJI PROMOTIONS",,,,0.0759920991201292,SGD,"brand_category_pricelist_page_summary; explicit_page_label; price_count=27; price_range=187999.0-231999.0; finance_rate_pct=2.58; finance=- Low interest rates from 2.58%; trade_in=- Special $3,000 trade-in booster* | - Special trade-in discount; sha256=fc9b1ec4ff31d063665751a42f60f918f1b115fea5ab33f8ceb8726cd6147200; retrospective archive reconstruction; date-only available_at is conservatively set to end-of-day."
sgcm-13-2026-06-05-p1-a,2026-06-05T00:00:00+08:00,2026-06-05T23:59:59+08:00,2026-08-24T12:11:17.202843+00:00,https://media.i-sgcm.com/public/new-cars/pricelist/13/2026-06-05.pdf#page=1,SGCarMart archived authorised-dealer price list,Category A,Honda,Price-list page summary,PDF page 1,207999.0,205999.0,,True,,mixed guaranteed and non-guaranteed packages,,- Low interest rates from 2.58%,,- Special $3.000 trade-in booster#,10000.0,,2026-06-17,"NEW CAR PRICELIST AND PROMOTION with effect from 5 June to 17 June 2026, 12pm | HONDA ROADSHOW DEALS | - $3,000 roadshow discount for all models | - Roadshow Bonus Bundle worth up to $1,948*","NEW CAR PRICELIST AND PROMOTION with effect from 5 June to 17 June 2026, 12pm | HONDA ROADSHOW DEALS | - $3,000 roadshow discount for all models | - Roadshow Bonus Bundle worth up to $1,948*",2026-06-05,2026-06-17,0.0718503760343187,SGD,brand_category_pricelist_page_summary; explicit_page_label; price_count=27; price_range=189999.0-233999.0; finance_rate_pct=2.58; finance=- Low interest rates from 2.58%; trade_in=- Special $3.000 trade-in booster#; sha256=1f91fbac27799d754021eb5d44f6d5ca0a8e051e5cb7b32eab0b323059a93e80; retrospective archive reconstruction; date-only available_at is conservatively set to end-of-day.
sgcm-13-2026-07-01-p1-a,2026-07-01T00:00:00+08:00,2026-07-01T23:59:59+08:00,2026-08-24T12:12:23.042760+00:00,https://media.i-sgcm.com/public/new-cars/pricelist/13/2026-07-01.pdf#page=1,SGCarMart archived authorised-dealer price list,Category A,Honda,Price-list page summary,PDF page 1,203999.0,207999.0,,True,,mixed guaranteed and non-guaranteed packages,,- Low interest rates from 2.58%,,"- Special $3,000 trade-in booster*",6000.0,,2026-07-08,"NEW CAR PRICELIST AND PROMOTION with effect from 25 June to 8 July 2026, 12pm | HONDA PROMOTIONS | - Honda Promotion Bundle worth up to $1,948*",,,,0.0687013335720039,SGD,"brand_category_pricelist_page_summary; explicit_page_label; price_count=27; price_range=183999.0-232999.0; finance_rate_pct=2.58; finance=- Low interest rates from 2.58%; trade_in=- Special $3,000 trade-in booster*; sha256=bf1e6bd75dec14695cef8180a43bd88ef973661cb8c35314aa47809a06aa7cff; retrospective archive reconstruction; date-only available_at is conservatively set to end-of-day."
sgcm-13-2026-07-10-p1-a,2026-07-10T00:00:00+08:00,2026-07-10T23:59:59+08:00,2026-08-24T12:12:49.966308+00:00,https://media.i-sgcm.com/public/new-cars/pricelist/13/2026-07-10.pdf#page=1,SGCarMart archived authorised-dealer price list,Category A,Honda,Price-list page summary,PDF page 1,208999.0,203999.0,,True,,mixed guaranteed and non-guaranteed packages,,- Low interest rates from 2.58%,,"- Special $3,000 trade-in booster*",6000.0,,2026-07-22,"NEW CAR PRICELIST AND PROMOTION with effect from 9 July to 22 July 2026, 12pm | HONDA ROADSHOW PROMOTIONS | - Additional $2,000 roadshow discount# | - Honda Roadshow Bundle worth up to $1,948*","NEW CAR PRICELIST AND PROMOTION with effect from 9 July to 22 July 2026, 12pm | HONDA ROADSHOW PROMOTIONS | - Additional $2,000 roadshow discount# | - Honda Roadshow Bundle worth up to $1,948*",2026-07-09,2026-07-22,0.0687013335720039,SGD,"brand_category_pricelist_page_summary; explicit_page_label; price_count=27; price_range=187999.0-236999.0; finance_rate_pct=2.58; finance=- Low interest rates from 2.58%; trade_in=- Special $3,000 trade-in booster*; sha256=4fc4358b59725e2a62e7cdb5ff59837545d29efd6b3afbd0fb675c6e18b931c1; retrospective archive reconstruction; date-only available_at is conservatively set to end-of-day."
sgcm-13-2026-07-24-p1-a,2026-07-24T00:00:00+08:00,2026-07-24T23:59:59+08:00,2026-08-24T12:13:17.036599+00:00,https://media.i-sgcm.com/public/new-cars/pricelist/13/2026-07-24.pdf#page=1,SGCarMart archived authorised-dealer price list,Category A,Honda,Price-list page summary,PDF page 1,207899.0,208999.0,,True,,mixed guaranteed and non-guaranteed packages,,- Low interest rates from 2.58%,,"- Special $3,000 trade-in booster#",6100.0,,2026-08-05,"NEW CAR PRICELIST AND PROMOTION with effect from 23 July to 5 August 2026, 12pm | NATIONAL DAY PROMOTIONS",,,,0.0687013335720039,SGD,"brand_category_pricelist_page_summary; explicit_page_label; price_count=27; price_range=182899.0-233999.0; finance_rate_pct=2.58; finance=- Low interest rates from 2.58%; trade_in=- Special $3,000 trade-in booster#; sha256=28a88362f07457a3c7f24357f6a893232efef9070c6f8f58d6cd986b09a6cc99; retrospective archive reconstruction; date-only available_at is conservatively set to end-of-day."
sgcm-13-2026-08-07-p1-a,2026-08-07T00:00:00+08:00,2026-08-07T23:59:59+08:00,2026-08-24T12:13:49.545037+00:00,https://media.i-sgcm.com/public/new-cars/pricelist/13/2026-08-07.pdf#page=1,SGCarMart archived authorised-dealer price list,Category A,Honda,Price-list page summary,PDF page 1,205999.0,207899.0,,True,,mixed guaranteed and non-guaranteed packages,,- Low interest rates from 2.58%,,"- Special $3,000 trade-in booster#",6100.0,,2026-08-19,"NEW CAR PRICELIST AND PROMOTION with effect from 6 August to 19 August 2026, 12pm | ROAD SHOW PROMOTIONS | - Roadshow Bundle worth up to $2,002*","NEW CAR PRICELIST AND PROMOTION with effect from 6 August to 19 August 2026, 12pm | ROAD SHOW PROMOTIONS | - Roadshow Bundle worth up to $2,002*",2026-08-06,2026-08-19,0.0644575740318906,SGD,"brand_category_pricelist_page_summary; explicit_page_label; price_count=27; price_range=187899.0-231999.0; finance_rate_pct=2.58; finance=- Low interest rates from 2.58%; trade_in=- Special $3,000 trade-in booster#; sha256=8882b07207f62b61d903235096e96c75de736e94a90b6e3ee169c75ff774ee9e; retrospective archive reconstruction; date-only available_at is conservatively set to end-of-day."
sgcm-13-2026-08-21-p1-a,2026-08-21T00:00:00+08:00,2026-08-21T23:59:59+08:00,2026-08-24T12:14:27.472824+00:00,https://media.i-sgcm.com/public/new-cars/pricelist/13/2026-08-21.pdf#page=1,SGCarMart archived authorised-dealer price list,Category A,Honda,Price-list page summary,PDF page 1,210999.0,205999.0,,True,,mixed guaranteed and non-guaranteed packages,,- Low interest rates from 2.58%,,- Special $3.000 trade-in booster#,6100.0,,2026-09-09,"NEW CAR PRICELIST AND PROMOTION with effect from 20 August to 9 September 2026, 12pm",,,,0.0644575740318906,SGD,brand_category_pricelist_page_summary; explicit_page_label; price_count=27; price_range=192899.0-236999.0; finance_rate_pct=2.58; finance=- Low interest rates from 2.58%; trade_in=- Special $3.000 trade-in booster#; sha256=bb24ef19ef1f5b20791bb8309e705259edc32bc715a04db65eebf5b0736db20f; retrospective archive reconstruction; date-only available_at is conservatively set to end-of-day.
sgcm-13-2024-01-06-p2-b,2024-01-06T00:00:00+08:00,2024-01-06T23:59:59+08:00,2026-08-24T11:35:24.779752+00:00,https://media.i-sgcm.com/public/new-cars/pricelist/13/2024-01-06.pdf#page=2,SGCarMart archived authorised-dealer price list,Category B,Honda,Price-list page summary,PDF page 2,246999.0,,,False,6.0,non-guaranteed,,- Low interest rates from 2.78% | Price and package is valid with appointed Finance and/or insurance companies.,,- Special trade-in discount,7500.0,,2024-01-17,HONDA MOTORSHOW PROMOTIONS:,,,,0.0870471464019851,SGD,brand_category_pricelist_page_summary; explicit_page_label; price_count=3; price_range=192999.0-256999.0; finance_rate_pct=2.78; finance=- Low interest rates from 2.78% | Price and package is valid with appointed Finance and/or insurance companies.; trade_in=- Special trade-in discount; sha256=e97f650bd6accb1a9430533e4aa49b8b2b44beca636856afa50c7c68929debb0; retrospective archive reconstruction; date-only available_at is conservatively set to end-of-day.
sgcm-13-2024-01-09-p2-b,2024-01-09T00:00:00+08:00,2024-01-09T23:59:59+08:00,2026-08-24T11:35:35.530459+00:00,https://media.i-sgcm.com/public/new-cars/pricelist/13/2024-01-09.pdf#page=2,SGCarMart archived authorised-dealer price list,Category B,Honda,Price-list page summary,PDF page 2,246999.0,246999.0,,False,6.0,non-guaranteed,,- Low interest rates from 2.78% | Price and package is valid with appointed Finance and/or insurance companies.,,- Special trade-in discount,7500.0,,2024-01-17,HONDA MOTORSHOW PROMOTIONS:,,,,0.0870471464019851,SGD,brand_category_pricelist_page_summary; explicit_page_label; price_count=3; price_range=192999.0-256999.0; finance_rate_pct=2.78; finance=- Low interest rates from 2.78% | Price and package is valid with appointed Finance and/or insurance companies.; trade_in=- Special trade-in discount; sha256=4e5e3b6e134a8aaf8de750b0e0cde4888d6f224e19d65f44297f93747b29c907; retrospective archive reconstruction; date-only available_at is conservatively set to end-of-day.
sgcm-13-2024-01-10-p2-b,2024-01-10T00:00:00+08:00,2024-01-10T23:59:59+08:00,2026-08-24T11:35:41.500369+00:00,https://media.i-sgcm.com/public/new-cars/pricelist/13/2024-01-10.pdf#page=2,SGCarMart archived authorised-dealer price list,Category B,Honda,Price-list page summary,PDF page 2,246999.0,246999.0,,False,6.0,non-guaranteed,,- Low interest rates from 2.78% | Price and package is valid with appointed Finance and/or insurance companies.,,- Special trade-in discount,7500.0,,2024-01-17,HONDA MOTORSHOW PROMOTIONS:,,,,0.0870471464019851,SGD,brand_category_pricelist_page_summary; explicit_page_label; price_count=3; price_range=192999.0-256999.0; finance_rate_pct=2.78; finance=- Low interest rates from 2.78% | Price and package is valid with appointed Finance and/or insurance companies.; trade_in=- Special trade-in discount; sha256=d4434b979eb1a19ce81487cc5f04592ab80e9869685a87ef64d8867b7f1352db; retrospective archive reconstruction; date-only available_at is conservatively set to end-of-day.
sgcm-13-2024-01-18-p2-b,2024-01-18T00:00:00+08:00,2024-01-18T23:59:59+08:00,2026-08-24T11:36:03.237594+00:00,https://media.i-sgcm.com/public/new-cars/pricelist/13/2024-01-18.pdf#page=2,SGCarMart archived authorised-dealer price list,Category B,Honda,Price-list page summary,PDF page 2,256999.0,246999.0,,False,6.0,non-guaranteed,,- Low interest rates from 2.78% | Price and package is valid with appointed Finance and/or insurance companies.,,- Special trade-in discount,7500.0,,2024-02-07,HONDA CHINESE NEW YEAR PROMOTIONS:,,,,0.0870471464019851,SGD,brand_category_pricelist_page_summary; explicit_page_label; price_count=3; price_range=202999.0-266999.0; finance_rate_pct=2.78; finance=- Low interest rates from 2.78% | Price and package is valid with appointed Finance and/or insurance companies.; trade_in=- Special trade-in discount; sha256=3eac36d902672975130f93dfa9c945ea9266bbe06e22f0d74dcd6a88a0de68e7; retrospective archive reconstruction; date-only available_at is conservatively set to end-of-day.
sgcm-13-2024-02-08-p2-b,2024-02-08T00:00:00+08:00,2024-02-08T23:59:59+08:00,2026-08-24T11:36:52.155551+00:00,https://media.i-sgcm.com/public/new-cars/pricelist/13/2024-02-08.pdf#page=2,SGCarMart archived authorised-dealer price list,Category B,Honda,Price-list page summary,PDF page 2,251999.0,256999.0,,False,6.0,non-guaranteed,,- Low interest rates from 2.68% | Price and package is valid with appointed Finance and/or insurance companies.,,- Special trade-in discount,7500.0,,2024-02-21,HONDA CHINESE NEW YEAR PROMOTIONS:,,,,0.0852274585472741,SGD,brand_category_pricelist_page_summary; explicit_page_label; price_count=3; price_range=196999.0-261999.0; finance_rate_pct=2.68; finance=- Low interest rates from 2.68% | Price and package is valid with appointed Finance and/or insurance companies.; trade_in=- Special trade-in discount; sha256=29a53e717625973e51a30a0c399517aca2f0f01904f5dcf5b82e40c7abd7a424; retrospective archive reconstruction; date-only available_at is conservatively set to end-of-day.
sgcm-13-2024-02-23-p2-b,2024-02-23T00:00:00+08:00,2024-02-23T23:59:59+08:00,2026-08-24T11:37:24.474397+00:00,https://media.i-sgcm.com/public/new-cars/pricelist/13/2024-02-23.pdf#page=2,SGCarMart archived authorised-dealer price list,Category B,Honda,Price-list page summary,PDF page 2,247999.0,251999.0,,False,6.0,non-guaranteed,,- Low interest rates from 2.68% | Price and package is valid with appointed Finance and/or insurance companies.,,- Special trade-in discount,6600.0,,2024-03-06,66th ANNIVERSARY PROMOTIONS,,,,0.0852274585472741,SGD,brand_category_pricelist_page_summary; explicit_page_label; price_count=3; price_range=192999.0-257999.0; finance_rate_pct=2.68; finance=- Low interest rates from 2.68% | Price and package is valid with appointed Finance and/or insurance companies.; trade_in=- Special trade-in discount; sha256=d644ed31287dbc82d8ff7805530705279bd157885f5d2bec7cbb56f9cc6f3875; retrospective archive reconstruction; date-only available_at is conservatively set to end-of-day.
sgcm-13-2024-03-08-p2-b,2024-03-08T00:00:00+08:00,2024-03-08T23:59:59+08:00,2026-08-24T11:38:07.889070+00:00,https://media.i-sgcm.com/public/new-cars/pricelist/13/2024-03-08.pdf#page=2,SGCarMart archived authorised-dealer price list,Category B,Honda,Price-list page summary,PDF page 2,240199.0,247999.0,,False,6.0,non-guaranteed,,- Low interest rates from 2.68% | 2. Price and package is valid with appointed Finance and/or insurance companies.,,- Special trade-in discount,6600.0,,2024-03-20,"NEW CAR PRICELIST AND PROMOTION with effect from 7 March 2024 to 20 March 2024, 12pm | PROMOTION PRICE | 66th ANNIVERSARY PROMOTIONS",,,,0.0837141468157511,SGD,brand_category_pricelist_page_summary; explicit_page_label; price_count=10; price_range=185399.0-256999.0; finance_rate_pct=2.68; finance=- Low interest rates from 2.68% | 2. Price and package is valid with appointed Finance and/or insurance companies.; trade_in=- Special trade-in discount; sha256=eff2b8094cb720e7b0a823f90c763572e4dab354c8d2cfea76e927657c6bfa39; retrospective archive reconstruction; date-only available_at is conservatively set to end-of-day.
sgcm-13-2024-04-05-p2-b,2024-04-05T00:00:00+08:00,2024-04-05T23:59:59+08:00,2026-08-24T11:39:07.017928+00:00,https://media.i-sgcm.com/public/new-cars/pricelist/13/2024-04-05.pdf#page=2,SGCarMart archived authorised-dealer price list,Category B,Honda,Price-list page summary,PDF page 2,242699.0,240199.0,,False,6.0,non-guaranteed,,- Low interest rates from 2.78% | 2. Price and package is valid with appointed Finance and/or insurance companies.,,- Special trade-in discount,6600.0,,2024-04-17,"NEW CAR PRICELIST AND PROMOTION with effect from 4 April to 17 April 2024, 12pm | PROMOTION PRICE | 66th ANNIVERSARY PROMOTIONS",,,,0.0795447419577349,SGD,brand_category_pricelist_page_summary; explicit_page_label; price_count=10; price_range=192399.0-256999.0; finance_rate_pct=2.78; finance=- Low interest rates from 2.78% | 2. Price and package is valid with appointed Finance and/or insurance companies.; trade_in=- Special trade-in discount; sha256=c6b48312c9591bf068258d9bdb1d554cd1627db3378dabc335d040ab8ba2bbfe; retrospective archive reconstruction; date-only available_at is conservatively set to end-of-day.
sgcm-13-2024-04-08-p2-b,2024-04-08T00:00:00+08:00,2024-04-08T23:59:59+08:00,2026-08-24T11:39:12.359151+00:00,https://media.i-sgcm.com/public/new-cars/pricelist/13/2024-04-08.pdf#page=2,SGCarMart archived authorised-dealer price list,Category B,Honda,Price-list page summary,PDF page 2,242699.0,242699.0,,False,6.0,non-guaranteed,,- Low interest rates from 2.78% | 2. Price and package is valid with appointed Finance and/or insurance companies.,,- Special trade-in discount,6600.0,,2024-04-17,"NEW CAR PRICELIST AND PROMOTION with effect from 6 April to 17 April 2024, 12pm | PROMOTION PRICE | THE CAR EXPO 2024 PROMOTIONS",,,,0.0795447419577349,SGD,brand_category_pricelist_page_summary; explicit_page_label; price_count=10; price_range=192399.0-256999.0; finance_rate_pct=2.78; finance=- Low interest rates from 2.78% | 2. Price and package is valid with appointed Finance and/or insurance companies.; trade_in=- Special trade-in discount; sha256=98ca59e7c76ae9d3e8d639ebcd0397baddbcf972feb551621ed7d974cd39e0d9; retrospective archive reconstruction; date-only available_at is conservatively set to end-of-day.
sgcm-13-2024-04-19-p2-b,2024-04-19T00:00:00+08:00,2024-04-19T23:59:59+08:00,2026-08-24T11:39:44.524964+00:00,https://media.i-sgcm.com/public/new-cars/pricelist/13/2024-04-19.pdf#page=2,SGCarMart archived authorised-dealer price list,Category B,Honda,Price-list page summary,PDF page 2,239699.0,242699.0,,True,6.0,mixed guaranteed and non-guaranteed packages,,- Low interest rates from 2.78% | Price and package is valid with appointed Finance and/or insurance companies.,,- Special trade-in discount,6600.0,,2024-05-08,"NEW CAR PRICELIST AND PROMOTION with effect from 18 April to 8 May 2024, 12pm | PROMOTION PRICE | 66th ANNIVERSARY PROMOTIONS",,,,0.0795447419577349,SGD,brand_category_pricelist_page_summary; explicit_page_label; price_count=8; price_range=192399.0-255999.0; finance_rate_pct=2.78; finance=- Low interest rates from 2.78% | Price and package is valid with appointed Finance and/or insurance companies.; trade_in=- Special trade-in discount; sha256=023704080617905ada828b12543c53b4bdb4977bade37f179d833223e9bc5d6d; retrospective archive reconstruction; date-only available_at is conservatively set to end-of-day.
sgcm-13-2024-05-13-p2-b,2024-05-13T00:00:00+08:00,2024-05-13T23:59:59+08:00,2026-08-24T11:40:49.307139+00:00,https://media.i-sgcm.com/public/new-cars/pricelist/13/2024-05-13.pdf#page=2,SGCarMart archived authorised-dealer price list,Category B,Honda,Price-list page summary,PDF page 2,242699.0,239699.0,,True,6.0,mixed guaranteed and non-guaranteed packages,,- Low interest rates from 2.78% | Price and package is valid with appointed Finance and/or insurance companies.,,- Special trade-in discount,6600.0,,2024-05-23,"NEW CAR PRICELIST AND PROMOTION with effect from 9 May to 23 May 2024, 12pm | PROMOTION PRICE | HONDA MID-YEAR SALE PROMOTIONS",,,,0.0790386297156298,SGD,brand_category_pricelist_page_summary; explicit_page_label; price_count=8; price_range=195399.0-258999.0; finance_rate_pct=2.78; finance=- Low interest rates from 2.78% | Price and package is valid with appointed Finance and/or insurance companies.; trade_in=- Special trade-in discount; sha256=98ac687c0f81f2035b08fcada4b89a849f753e9e3a0685bd0795aa7f2454d643; retrospective archive reconstruction; date-only available_at is conservatively set to end-of-day.
sgcm-13-2024-05-27-p2-b,2024-05-27T00:00:00+08:00,2024-05-27T23:59:59+08:00,2026-08-24T11:41:21.960570+00:00,https://media.i-sgcm.com/public/new-cars/pricelist/13/2024-05-27.pdf#page=2,SGCarMart archived authorised-dealer price list,Category B,Honda,Price-list page summary,PDF page 2,242699.0,242699.0,,True,6.0,mixed guaranteed and non-guaranteed packages,,- Low interest rates from 2.78%. | Price and package is valid with appointed Finance and/or insurance companies.,,- Special trade-in discount,6600.0,,2024-06-05,"NEW CAR PRICELIST AND PROMOTION with effect from 24 May to 5 June 2024, 12pm | PROMOTION PRICE | HONDA MID-YEAR SALE PROMOTIONS",,,,0.0790386297156298,SGD,brand_category_pricelist_page_summary; explicit_page_label; price_count=8; price_range=195399.0-258999.0; finance_rate_pct=2.78; finance=- Low interest rates from 2.78%. | Price and package is valid with appointed Finance and/or insurance companies.; trade_in=- Special trade-in discount; sha256=73c4947bdc93131cba5d7b79f7471622ac7b53d48cf6d64f7ec76291a6ac6b1e; retrospective archive reconstruction; date-only available_at is conservatively set to end-of-day.
sgcm-13-2024-06-24-p2-b,2024-06-24T00:00:00+08:00,2024-06-24T23:59:59+08:00,2026-08-24T11:42:36.682523+00:00,https://media.i-sgcm.com/public/new-cars/pricelist/13/2024-06-24.pdf#page=2,SGCarMart archived authorised-dealer price list,Category B,Honda,Price-list page summary,PDF page 2,237199.0,242699.0,,True,6.0,mixed guaranteed and non-guaranteed packages,,- Low interest rates from 2.78% | •Price and package is valid with appointed Finance and/or insurance companies.,,- Special trade-in discount,6600.0,,2024-07-03,"NEW CAR PRICELIST AND PROMOTION with effect from 21 June to 3 July 2024, 12pm | PROMOTION PRICE | HONDA 66th ANNIVERSARY PROMOTIONS",,,,0.0801523363117035,SGD,brand_category_pricelist_page_summary; explicit_page_label; price_count=8; price_range=189399.0-253999.0; finance_rate_pct=2.78; finance=- Low interest rates from 2.78% | •Price and package is valid with appointed Finance and/or insurance companies.; trade_in=- Special trade-in discount; sha256=309373a09111ca337929b75933081f62c037471f71f7fe1fc63131d35f9632ba; retrospective archive reconstruction; date-only available_at is conservatively set to end-of-day.
sgcm-13-2024-07-08-p2-b,2024-07-08T00:00:00+08:00,2024-07-08T23:59:59+08:00,2026-08-24T11:43:30.517145+00:00,https://media.i-sgcm.com/public/new-cars/pricelist/13/2024-07-08.pdf#page=2,SGCarMart archived authorised-dealer price list,Category B,Honda,Price-list page summary,PDF page 2,236699.0,237199.0,,True,6.0,mixed guaranteed and non-guaranteed packages,,- Low interest rates from 2.78% | 2. Price and package is valid with appointed Finance and/or insurance companies.,,- Special trade-in discount,6600.0,,2024-07-17,"NEW CAR PRICELIST AND PROMOTION with effect from 04 July to 17 July 2024, 12pm | PROMOTION PRICE | HONDA 66th ANNIVERSARY PROMOTIONS",,,,0.0816819855524636,SGD,brand_category_pricelist_page_summary; explicit_page_label; price_count=8; price_range=181399.0-253999.0; finance_rate_pct=2.78; finance=- Low interest rates from 2.78% | 2. Price and package is valid with appointed Finance and/or insurance companies.; trade_in=- Special trade-in discount; sha256=887615cd234f12539422853580e32a9cf62bd398ac1fce9607e52cb91bd569e7; retrospective archive reconstruction; date-only available_at is conservatively set to end-of-day.
sgcm-13-2024-07-19-p2-b,2024-07-19T00:00:00+08:00,2024-07-19T23:59:59+08:00,2026-08-24T11:43:52.228960+00:00,https://media.i-sgcm.com/public/new-cars/pricelist/13/2024-07-19.pdf#page=2,SGCarMart archived authorised-dealer price list,Category B,Honda,Price-list page summary,PDF page 2,236049.0,236699.0,,True,6.0,mixed guaranteed and non-guaranteed packages,,- Low interest rates from 2.78% | Price and package is valid with appointed Finance and/or insurance companies.,,- Special trade-in discount,5900.0,,2024-08-07,"NEW CAR PRICELIST AND PROMOTION with effect from 18 July to 7 August 2024, 12pm | PROMOTION PRICE | NATIONAL DAY PROMOTIONS",,,,0.0816819855524636,SGD,brand_category_pricelist_page_summary; explicit_page_label; price_count=8; price_range=187099.0-252999.0; finance_rate_pct=2.78; finance=- Low interest rates from 2.78% | Price and package is valid with appointed Finance and/or insurance companies.; trade_in=- Special trade-in discount; sha256=1131f7b6ccc6aee1c7db686e6404fa0dc06e5dc91cdc99c142c6348c2a932362; retrospective archive reconstruction; date-only available_at is conservatively set to end-of-day.
sgcm-13-2024-07-25-p2-b,2024-07-25T00:00:00+08:00,2024-07-25T23:59:59+08:00,2026-08-24T11:44:13.784842+00:00,https://media.i-sgcm.com/public/new-cars/pricelist/13/2024-07-25.pdf#page=2,SGCarMart archived authorised-dealer price list,Category B,Honda,Price-list page summary,PDF page 2,236049.0,236049.0,,True,6.0,mixed guaranteed and non-guaranteed packages,,- Low interest rates from 2.78% | Price and package is valid with appointed Finance and/or insurance companies.,,- Special trade-in discount,5900.0,,2024-08-07,"NEW CAR PRICELIST AND PROMOTION with effect from 25 July to 7 August 2024, 12pm | PROMOTION PRICE | NATIONAL DAY PROMOTIONS",,,,0.0816819855524636,SGD,brand_category_pricelist_page_summary; explicit_page_label; price_count=8; price_range=187099.0-252999.0; finance_rate_pct=2.78; finance=- Low interest rates from 2.78% | Price and package is valid with appointed Finance and/or insurance companies.; trade_in=- Special trade-in discount; sha256=5e0ab39e951b975af38937484a80738f1938c075d237d4d717d49645c6bc14dc; retrospective archive reconstruction; date-only available_at is conservatively set to end-of-day.
sgcm-13-2024-08-12-p2-b,2024-08-12T00:00:00+08:00,2024-08-12T23:59:59+08:00,2026-08-24T11:44:40.686374+00:00,https://media.i-sgcm.com/public/new-cars/pricelist/13/2024-08-12.pdf#page=2,SGCarMart archived authorised-dealer price list,Category B,Honda,Price-list page summary,PDF page 2,243999.0,236049.0,,True,6.0,mixed guaranteed and non-guaranteed packages,,- Low interest rates from 2.78% | Price and package is valid with appointed Finance and/or insurance companies.,,- Special trade-in discount,5900.0,,2024-08-21,"NEW CAR PRICELIST AND PROMOTION with effect from 8 August to 21 August 2024, 12pm | PROMOTION PRICE | NATIONAL DAY PROMOTIONS",,,,0.0872494071998275,SGD,brand_category_pricelist_page_summary; explicit_page_label; price_count=10; price_range=192099.0-295999.0; finance_rate_pct=2.78; finance=- Low interest rates from 2.78% | Price and package is valid with appointed Finance and/or insurance companies.; trade_in=- Special trade-in discount; sha256=9d3686d3c68abb088a621fc887b7b5346aac83b707bcf54aea45368ffa596944; retrospective archive reconstruction; date-only available_at is conservatively set to end-of-day.
sgcm-13-2024-08-23-p2-b,2024-08-23T00:00:00+08:00,2024-08-23T23:59:59+08:00,2026-08-24T11:45:07.655704+00:00,https://media.i-sgcm.com/public/new-cars/pricelist/13/2024-08-23.pdf#page=2,SGCarMart archived authorised-dealer price list,Category B,Honda,Price-list page summary,PDF page 2,244549.0,243999.0,,True,6.0,mixed guaranteed and non-guaranteed packages,,- Low interest rates from 2.78% | Price and package is valid with appointed Finance and/or insurance companies.,,- Special trade-in discount,5900.0,,2024-09-04,"NEW CAR PRICELIST AND PROMOTION with effect from 23 August to 4 September 2024, 12pm | PROMOTION PRICE | ROADSHOW EXCLUSIVES","NEW CAR PRICELIST AND PROMOTION with effect from 23 August to 4 September 2024, 12pm | PROMOTION PRICE | ROADSHOW EXCLUSIVES",2024-08-23,2024-09-04,0.0872494071998275,SGD,brand_category_pricelist_page_summary; explicit_page_label; price_count=10; price_range=193099.0-295999.0; finance_rate_pct=2.78; finance=- Low interest rates from 2.78% | Price and package is valid with appointed Finance and/or insurance companies.; trade_in=- Special trade-in discount; sha256=bf23878a2a79547cc32cd80e112ec55167dddf3c944e01a04f8f944799c1fca3; retrospective archive reconstruction; date-only available_at is conservatively set to end-of-day.
sgcm-13-2024-09-05-p2-b,2024-09-05T00:00:00+08:00,2024-09-05T23:59:59+08:00,2026-08-24T11:45:29.257709+00:00,https://media.i-sgcm.com/public/new-cars/pricelist/13/2024-09-05.pdf#page=2,SGCarMart archived authorised-dealer price list,Category B,Honda,Price-list page summary,PDF page 2,245049.0,244549.0,,True,6.0,mixed guaranteed and non-guaranteed packages,,- Low interest rates from 2.78% | Price and package is valid with appointed Finance and/or insurance companies.,,- Special trade-in discount,5900.0,,2024-09-18,"NEW CAR PRICELIST AND PROMOTION with effect from 5 September to 18 September 2024, 12pm | PROMOTION PRICE",,,,0.0897975077881619,SGD,brand_category_pricelist_page_summary; explicit_page_label; price_count=10; price_range=194099.0-295999.0; finance_rate_pct=2.78; finance=- Low interest rates from 2.78% | Price and package is valid with appointed Finance and/or insurance companies.; trade_in=- Special trade-in discount; sha256=ff23118c09d825163c33e201d29e81ba71015f277ccb15746973590a2e6c8191; retrospective archive reconstruction; date-only available_at is conservatively set to end-of-day.
sgcm-13-2024-09-22-p2-b,2024-09-22T00:00:00+08:00,2024-09-22T23:59:59+08:00,2026-08-24T11:46:23.193074+00:00,https://media.i-sgcm.com/public/new-cars/pricelist/13/2024-09-22.pdf#page=2,SGCarMart archived authorised-dealer price list,Category B,Honda,Price-list page summary,PDF page 2,249049.0,245049.0,,True,6.0,mixed guaranteed and non-guaranteed packages,,- Low interest rates from 2.78% | Price and package is valid with appointed Finance and/or insurance companies.,,- Special trade-in discount,5900.0,,2024-10-09,"NEW CAR PRICELIST AND PROMOTION with effect from 19 September to 9 October 2024, 12pm | PROMOTION PRICE",,,,0.0897975077881619,SGD,brand_category_pricelist_page_summary; explicit_page_label; price_count=10; price_range=198099.0-299999.0; finance_rate_pct=2.78; finance=- Low interest rates from 2.78% | Price and package is valid with appointed Finance and/or insurance companies.; trade_in=- Special trade-in discount; sha256=8b85d4b88855644a51ecf45c85118c6d0b048bf61d85777953f418f5386db41d; retrospective archive reconstruction; date-only available_at is conservatively set to end-of-day.
sgcm-13-2024-10-11-p2-b,2024-10-11T00:00:00+08:00,2024-10-11T23:59:59+08:00,2026-08-24T11:46:50.076114+00:00,https://media.i-sgcm.com/public/new-cars/pricelist/13/2024-10-11.pdf#page=2,SGCarMart archived authorised-dealer price list,Category B,Honda,Price-list page summary,PDF page 2,251049.0,249049.0,,True,6.0,mixed guaranteed and non-guaranteed packages,,- Low interest rates from 2.68% | Price and package is valid with appointed Finance and/or insurance companies.,,- Special trade-in discount,5900.0,,2024-10-23,"NEW CAR PRICELIST AND PROMOTION with effect from 10 October to 23 October 2024, 12pm | PROMOTION PRICE",,,,0.0924839687826216,SGD,brand_category_pricelist_page_summary; explicit_page_label; price_count=10; price_range=203099.0-305999.0; finance_rate_pct=2.68; finance=- Low interest rates from 2.68% | Price and package is valid with appointed Finance and/or insurance companies.; trade_in=- Special trade-in discount; sha256=d5dd16b9e4f23d0e4f74dbfa6f6d2b1ca68cb86c3bbfbbefca8e5e6103e75a56; retrospective archive reconstruction; date-only available_at is conservatively set to end-of-day.
sgcm-13-2024-10-29-p2-b,2024-10-29T00:00:00+08:00,2024-10-29T23:59:59+08:00,2026-08-24T11:47:33.457603+00:00,https://media.i-sgcm.com/public/new-cars/pricelist/13/2024-10-29.pdf#page=2,SGCarMart archived authorised-dealer price list,Category B,Honda,Price-list page summary,PDF page 2,242049.0,251049.0,,True,6.0,mixed guaranteed and non-guaranteed packages,,- Low interest rates from 2.68% | Price and package is valid with appointed Finance and/or insurance companies.,,- Special trade-in discount,5900.0,,2024-11-06,"NEW CAR PRICELIST AND PROMOTION with effect from 29 October to 6 November 2024, 12pm | PROMOTION PRICE | ROADSHOW EXCLUSIVES - LAST CHANCE TO ENJOY VES REBATES FOR e:HEV MODELS","NEW CAR PRICELIST AND PROMOTION with effect from 29 October to 6 November 2024, 12pm | PROMOTION PRICE | ROADSHOW EXCLUSIVES - LAST CHANCE TO ENJOY VES REBATES FOR e:HEV MODELS",2024-10-29,2024-11-06,0.0924839687826216,SGD,brand_category_pricelist_page_summary; explicit_page_label; price_count=12; price_range=196099.0-303999.0; finance_rate_pct=2.68; finance=- Low interest rates from 2.68% | Price and package is valid with appointed Finance and/or insurance companies.; trade_in=- Special trade-in discount; sha256=d6be17505d9c3f628c89847779356b94cf4357fd251fa02fdbbfac5de9d87ef9; retrospective archive reconstruction; date-only available_at is conservatively set to end-of-day.
sgcm-13-2024-11-13-p2-b,2024-11-13T00:00:00+08:00,2024-11-13T23:59:59+08:00,2026-08-24T11:48:22.311593+00:00,https://media.i-sgcm.com/public/new-cars/pricelist/13/2024-11-13.pdf#page=2,SGCarMart archived authorised-dealer price list,Category B,Honda,Price-list page summary,PDF page 2,237049.0,242049.0,,True,6.0,mixed guaranteed and non-guaranteed packages,,- Low interest rates from 2.68% | Price and package is valid with appointed Finance and/or insurance companies.,,- Special trade-in discount,5900.0,,2024-11-20,"NEW CAR PRICELIST AND PROMOTION with effect from 7 November to 20 November 2024, 12pm | PROMOTION PRICE",,,,0.092009978444622,SGD,brand_category_pricelist_page_summary; explicit_page_label; price_count=12; price_range=191099.0-298999.0; finance_rate_pct=2.68; finance=- Low interest rates from 2.68% | Price and package is valid with appointed Finance and/or insurance companies.; trade_in=- Special trade-in discount; sha256=8286d97a4f026cc354bb9667dca41e5e90eb3ae325a0be25fcacce5a3ad41f75; retrospective archive reconstruction; date-only available_at is conservatively set to end-of-day.
sgcm-13-2024-12-05-p2-b,2024-12-05T00:00:00+08:00,2024-12-05T23:59:59+08:00,2026-08-24T11:49:05.304479+00:00,https://media.i-sgcm.com/public/new-cars/pricelist/13/2024-12-05.pdf#page=2,SGCarMart archived authorised-dealer price list,Category B,Honda,Price-list page summary,PDF page 2,232049.0,237049.0,,True,6.0,mixed guaranteed and non-guaranteed packages,,- Low interest rates from 2.68% | Price and package is valid with appointed Finance and/or insurance companies.,,- Special trade-in discount,5900.0,,2024-12-18,"NEW CAR PRICELIST AND PROMOTION with effect from 5 December to 18 December 2024, 12pm | PROMOTION PRICE",,,,0.0928365679746895,SGD,brand_category_pricelist_page_summary; explicit_page_label; price_count=12; price_range=186099.0-293999.0; finance_rate_pct=2.68; finance=- Low interest rates from 2.68% | Price and package is valid with appointed Finance and/or insurance companies.; trade_in=- Special trade-in discount; sha256=c395f4cc4c1b50de01ae0ad6df157fa0888a0bb3ae06f1ce9892ac6bdbf19098; retrospective archive reconstruction; date-only available_at is conservatively set to end-of-day.
sgcm-13-2024-12-24-p2-b,2024-12-24T00:00:00+08:00,2024-12-24T23:59:59+08:00,2026-08-24T11:49:54.055925+00:00,https://media.i-sgcm.com/public/new-cars/pricelist/13/2024-12-24.pdf#page=2,SGCarMart archived authorised-dealer price list,Category B,Honda,Price-list page summary,PDF page 2,232049.0,232049.0,,True,6.0,mixed guaranteed and non-guaranteed packages,,- Low interest rates from 2.68% | Price and package is valid with appointed Finance and/or insurance companies.,,- Special trade-in discount,5900.0,,2024-01-08,"NEW CAR PRICELIST AND PROMOTION with effect from 19 December to 8 January 2024, 12pm | PROMOTION PRICE",,,,0.0928365679746895,SGD,brand_category_pricelist_page_summary; explicit_page_label; price_count=12; price_range=186099.0-293999.0; finance_rate_pct=2.68; finance=- Low interest rates from 2.68% | Price and package is valid with appointed Finance and/or insurance companies.; trade_in=- Special trade-in discount; sha256=1d1d96f76c9b3a7e323d0327d619f8f362b65ee8bf535081c1193131a79aa1b9; retrospective archive reconstruction; date-only available_at is conservatively set to end-of-day.
sgcm-13-2024-12-26-p2-b,2024-12-26T00:00:00+08:00,2024-12-26T23:59:59+08:00,2026-08-24T11:49:59.373172+00:00,https://media.i-sgcm.com/public/new-cars/pricelist/13/2024-12-26.pdf#page=2,SGCarMart archived authorised-dealer price list,Category B,Honda,Price-list page summary,PDF page 2,241049.0,232049.0,,True,6.0,mixed guaranteed and non-guaranteed packages,,- Low interest rates from 2.68% | Price and package is valid with appointed Finance and/or insurance companies.,,- Special trade-in discount,5900.0,,2025-01-08,"NEW CAR PRICELIST AND PROMOTION with effect from 19 December to 8 January 2025, 12pm | PROMOTION PRICE",,,,0.0928365679746895,SGD,brand_category_pricelist_page_summary; explicit_page_label; price_count=10; price_range=231099.0-299999.0; finance_rate_pct=2.68; finance=- Low interest rates from 2.68% | Price and package is valid with appointed Finance and/or insurance companies.; trade_in=- Special trade-in discount; sha256=98aa40986d98ce9dad18f870fded07ae75a49b215378ff373f183ee607ad9d1d; retrospective archive reconstruction; date-only available_at is conservatively set to end-of-day.
sgcm-13-2025-01-10-p2-b,2025-01-10T00:00:00+08:00,2025-01-10T23:59:59+08:00,2026-08-24T11:50:26.434147+00:00,https://media.i-sgcm.com/public/new-cars/pricelist/13/2025-01-10.pdf#page=2,SGCarMart archived authorised-dealer price list,Category B,Honda,Price-list page summary,PDF page 2,247999.0,241049.0,,True,6.0,mixed guaranteed and non-guaranteed packages,,- Low interest rates from 2.68% | Price and package is valid with appointed Finance and/or insurance companies.,,- Special trade-in discount,6000.0,,2025-01-22,"NEW CAR PRICELIST AND PROMOTION with effect from 9 January to 22 January 2025, 12pm | PROMOTION PRICE | MOTORSHOW PROMOTIONS",,,,0.0904653433127237,SGD,brand_category_pricelist_page_summary; explicit_page_label; price_count=12; price_range=201999.0-309999.0; finance_rate_pct=2.68; finance=- Low interest rates from 2.68% | Price and package is valid with appointed Finance and/or insurance companies.; trade_in=- Special trade-in discount; sha256=caa778483178144d573ea636bc059717f5ef7e0ca34e22d063228bb142f38da9; retrospective archive reconstruction; date-only available_at is conservatively set to end-of-day.
sgcm-13-2025-02-07-p2-b,2025-02-07T00:00:00+08:00,2025-02-07T23:59:59+08:00,2026-08-24T11:51:14.780190+00:00,https://media.i-sgcm.com/public/new-cars/pricelist/13/2025-02-07.pdf#page=2,SGCarMart archived authorised-dealer price list,Category B,Honda,Price-list page summary,PDF page 2,242499.0,247999.0,,True,6.0,mixed guaranteed and non-guaranteed packages,,- Low interest rates from 2.68% | Price and package is valid with appointed Finance and/or insurance companies.,,- Special trade-in discount,6000.0,,2025-02-19,"NEW CAR PRICELIST AND PROMOTION with effect from 6 February to 19 February 2025, 12pm | SG60 PROMOTIONS",,,,0.0903299988501782,SGD,brand_category_pricelist_page_summary; explicit_page_label; price_count=20; price_range=190999.0-286999.0; finance_rate_pct=2.68; finance=- Low interest rates from 2.68% | Price and package is valid with appointed Finance and/or insurance companies.; trade_in=- Special trade-in discount; sha256=a47fabeb12a81f6f48c02ce90ffc9a7b42c77742074723656f7da7e981d7954a; retrospective archive reconstruction; date-only available_at is conservatively set to end-of-day.
sgcm-13-2025-02-24-p2-b,2025-02-24T00:00:00+08:00,2025-02-24T23:59:59+08:00,2026-08-24T11:51:52.363719+00:00,https://media.i-sgcm.com/public/new-cars/pricelist/13/2025-02-24.pdf#page=2,SGCarMart archived authorised-dealer price list,Category B,Honda,Price-list page summary,PDF page 2,241499.0,242499.0,,True,6.0,mixed guaranteed and non-guaranteed packages,,- Low interest rates from 2.68% | Price and package is valid with appointed Finance and/or insurance companies.,,- Special trade-in discount,6000.0,,2025-03-05,"NEW CAR PRICELIST AND PROMOTION with effect from 20 February to 5 March 2025, 12pm | ROADSHOW PROMOTIONS","NEW CAR PRICELIST AND PROMOTION with effect from 20 February to 5 March 2025, 12pm | ROADSHOW PROMOTIONS",2025-02-20,2025-03-05,0.0903299988501782,SGD,brand_category_pricelist_page_summary; explicit_page_label; price_count=20; price_range=189999.0-285999.0; finance_rate_pct=2.68; finance=- Low interest rates from 2.68% | Price and package is valid with appointed Finance and/or insurance companies.; trade_in=- Special trade-in discount; sha256=db3685e0d78127265f0f98d475c4a9bc0fa91465d6d1721a8db5ff9e423b2522; retrospective archive reconstruction; date-only available_at is conservatively set to end-of-day.
sgcm-13-2025-03-07-p2-b,2025-03-07T00:00:00+08:00,2025-03-07T23:59:59+08:00,2026-08-24T11:52:30.497800+00:00,https://media.i-sgcm.com/public/new-cars/pricelist/13/2025-03-07.pdf#page=2,SGCarMart archived authorised-dealer price list,Category B,Honda,Price-list page summary,PDF page 2,244499.0,241499.0,,True,6.0,mixed guaranteed and non-guaranteed packages,,- Low interest rates from 2.68% | Price and package is valid with appointed Finance and/or insurance companies.,,- Special trade-in discount,6000.0,,2025-03-19,"NEW CAR PRICELIST AND PROMOTION with effect from 6 March to 19 March 2025, 12pm | SG60 PROMOTIONS",,,,0.090569311886805,SGD,brand_category_pricelist_page_summary; explicit_page_label; price_count=20; price_range=192999.0-289999.0; finance_rate_pct=2.68; finance=- Low interest rates from 2.68% | Price and package is valid with appointed Finance and/or insurance companies.; trade_in=- Special trade-in discount; sha256=9a48a332ffb4f307f47e3f659c210e1cbfa753507cc182f41f9152f84640ac2f; retrospective archive reconstruction; date-only available_at is conservatively set to end-of-day.
sgcm-13-2025-03-23-p2-b,2025-03-23T00:00:00+08:00,2025-03-23T23:59:59+08:00,2026-08-24T11:53:08.524921+00:00,https://media.i-sgcm.com/public/new-cars/pricelist/13/2025-03-23.pdf#page=2,SGCarMart archived authorised-dealer price list,Category B,Honda,Price-list page summary,PDF page 2,247499.0,244499.0,,True,6.0,mixed guaranteed and non-guaranteed packages,,- Low interest rates from 2.68% | Price and package is valid with appointed Finance and/or insurance companies.,,- Special trade-in discount,6000.0,,2025-04-09,"NEW CAR PRICELIST AND PROMOTION with effect from 20 March to 9 April 2025, 12pm | ROADSHOW EXCLUSIVES","NEW CAR PRICELIST AND PROMOTION with effect from 20 March to 9 April 2025, 12pm | ROADSHOW EXCLUSIVES",2025-03-20,2025-04-09,0.090569311886805,SGD,brand_category_pricelist_page_summary; explicit_page_label; price_count=20; price_range=195999.0-292999.0; finance_rate_pct=2.68; finance=- Low interest rates from 2.68% | Price and package is valid with appointed Finance and/or insurance companies.; trade_in=- Special trade-in discount; sha256=7e709c06a48f7b16abd4171fedcda537c672b3eb999c6b44db306ac3a68f3cd5; retrospective archive reconstruction; date-only available_at is conservatively set to end-of-day.
sgcm-13-2025-04-04-p2-b,2025-04-04T00:00:00+08:00,2025-04-04T23:59:59+08:00,2026-08-24T11:53:19.234114+00:00,https://media.i-sgcm.com/public/new-cars/pricelist/13/2025-04-04.pdf#page=2,SGCarMart archived authorised-dealer price list,Category B,Honda,Price-list page summary,PDF page 2,247499.0,247499.0,,True,6.0,mixed guaranteed and non-guaranteed packages,,- Low interest rates from 2.68% | Price and package is valid with appointed Finance and/or insurance companies.,,- Special trade-in discount,6000.0,,2025-04-09,"NEW CAR PRICELIST AND PROMOTION with effect from 2 April to 9 April 2025, 12pm | SG60 PROMOTIONS",,,,0.095250578931271,SGD,brand_category_pricelist_page_summary; explicit_page_label; price_count=20; price_range=195999.0-292999.0; finance_rate_pct=2.68; finance=- Low interest rates from 2.68% | Price and package is valid with appointed Finance and/or insurance companies.; trade_in=- Special trade-in discount; sha256=6810017d8a7648d00f7de31cac89d14cdc75271b1b9183823560b2ec53d5e989; retrospective archive reconstruction; date-only available_at is conservatively set to end-of-day.
sgcm-13-2025-04-10-p2-b,2025-04-10T00:00:00+08:00,2025-04-10T23:59:59+08:00,2026-08-24T11:53:29.863509+00:00,https://media.i-sgcm.com/public/new-cars/pricelist/13/2025-04-10.pdf#page=2,SGCarMart archived authorised-dealer price list,Category B,Honda,Price-list page summary,PDF page 2,248499.0,247499.0,,True,6.0,mixed guaranteed and non-guaranteed packages,,- Low interest rates from 2.68% | Price and package is valid with appointed Finance and/or insurance companies.,,- Special trade-in discount,6000.0,,2025-04-23,"NEW CAR PRICELIST AND PROMOTION with effect from 10 April to 23 April 2025, 12pm | ROADSHOW EXCLUSIVES","NEW CAR PRICELIST AND PROMOTION with effect from 10 April to 23 April 2025, 12pm | ROADSHOW EXCLUSIVES",2025-04-10,2025-04-23,0.095250578931271,SGD,brand_category_pricelist_page_summary; explicit_page_label; price_count=20; price_range=196999.0-293999.0; finance_rate_pct=2.68; finance=- Low interest rates from 2.68% | Price and package is valid with appointed Finance and/or insurance companies.; trade_in=- Special trade-in discount; sha256=5f16a955477f4c6064f63517cc4f150bfe55c2daf7f8989cce757c1180c51f93; retrospective archive reconstruction; date-only available_at is conservatively set to end-of-day.
sgcm-13-2025-04-25-p2-b,2025-04-25T00:00:00+08:00,2025-04-25T23:59:59+08:00,2026-08-24T11:54:07.867805+00:00,https://media.i-sgcm.com/public/new-cars/pricelist/13/2025-04-25.pdf#page=2,SGCarMart archived authorised-dealer price list,Category B,Honda,Price-list page summary,PDF page 2,245999.0,248499.0,,True,6.0,mixed guaranteed and non-guaranteed packages,,- Low interest rates from 2.68% | ice and package is valid with appointed Finance and/or insurance compani,,- Special trade-in discount,6000.0,,2025-05-07,"NEW CAR PRICELIST AND PROMOTION with effect from 24 April to 7 May 2025, 12pm",,,,0.095250578931271,SGD,brand_category_pricelist_page_summary; explicit_page_label; price_count=21; price_range=119000.0-293999.0; finance_rate_pct=2.68; finance=- Low interest rates from 2.68% | ice and package is valid with appointed Finance and/or insurance compani; trade_in=- Special trade-in discount; sha256=7f016d666043b4e2b16bb156aae6262bcfb996d741c2ba03983f93a88632a3f6; retrospective archive reconstruction; date-only available_at is conservatively set to end-of-day.
sgcm-13-2025-05-09-p2-b,2025-05-09T00:00:00+08:00,2025-05-09T23:59:59+08:00,2026-08-24T11:54:39.963815+00:00,https://media.i-sgcm.com/public/new-cars/pricelist/13/2025-05-09.pdf#page=2,SGCarMart archived authorised-dealer price list,Category B,Honda,Price-list page summary,PDF page 2,251499.0,245999.0,,True,6.0,mixed guaranteed and non-guaranteed packages,,- Low interest rates from 2.68% | Price and package is valid with appointed Finance and/or insurance companies.,,- Special trade-in discount,6000.0,,2025-05-21,"NEW CAR PRICELIST AND PROMOTION with effect from 8 May to 21 May 2025, 12pm | SG60 PROMOTIONS",,,,0.0980527760368265,SGD,brand_category_pricelist_page_summary; explicit_page_label; price_count=20; price_range=199999.0-297999.0; finance_rate_pct=2.68; finance=- Low interest rates from 2.68% | Price and package is valid with appointed Finance and/or insurance companies.; trade_in=- Special trade-in discount; sha256=3aa2276da6c9ec241b9aed17616f8fb452be70fc3ff788a5c5cd417dd8734043; retrospective archive reconstruction; date-only available_at is conservatively set to end-of-day.
sgcm-13-2025-05-22-p2-b,2025-05-22T00:00:00+08:00,2025-05-22T23:59:59+08:00,2026-08-24T11:55:07.071846+00:00,https://media.i-sgcm.com/public/new-cars/pricelist/13/2025-05-22.pdf#page=2,SGCarMart archived authorised-dealer price list,Category B,Honda,Price-list page summary,PDF page 2,250499.0,251499.0,,True,6.0,mixed guaranteed and non-guaranteed packages,,- Low interest rates from 2.68% | Price and package is valid with appointed Finance and/or insurance companies.,,- Special trade-in discount,6000.0,,2025-06-04,"NEW CAR PRICELIST AND PROMOTION with effect from 22 May to 4 June 2025, 12pm | SG60 PROMOTIONS",,,,0.0980527760368265,SGD,brand_category_pricelist_page_summary; explicit_page_label; price_count=20; price_range=197999.0-295999.0; finance_rate_pct=2.68; finance=- Low interest rates from 2.68% | Price and package is valid with appointed Finance and/or insurance companies.; trade_in=- Special trade-in discount; sha256=ca423bbc8311f1d467a81cbe814a9a72b520dfae62101eb89ee9e653e7abbacf; retrospective archive reconstruction; date-only available_at is conservatively set to end-of-day.
sgcm-13-2025-06-06-p2-b,2025-06-06T00:00:00+08:00,2025-06-06T23:59:59+08:00,2026-08-24T11:55:50.180930+00:00,https://media.i-sgcm.com/public/new-cars/pricelist/13/2025-06-06.pdf#page=2,SGCarMart archived authorised-dealer price list,Category B,Honda,Price-list page summary,PDF page 2,247499.0,250499.0,,True,,mixed guaranteed and non-guaranteed packages,,- Low interest rates from 2.68% | Price and package is valid with appointed Finance and/or insurance companies.,,- Special trade-in discount,6000.0,,2025-06-18,"NEW CAR PRICELIST AND PROMOTION with effect from 5 June to 18 June 2025, 12pm | ROADSHOW EXCLUSIVES","NEW CAR PRICELIST AND PROMOTION with effect from 5 June to 18 June 2025, 12pm | ROADSHOW EXCLUSIVES",2025-06-05,2025-06-18,0.0976061256258151,SGD,brand_category_pricelist_page_summary; explicit_page_label; price_count=20; price_range=194999.0-292999.0; finance_rate_pct=2.68; finance=- Low interest rates from 2.68% | Price and package is valid with appointed Finance and/or insurance companies.; trade_in=- Special trade-in discount; sha256=085b48de1ba461975dbfb1dcff65495890ce93f2cb1967cf26c320cc95a1e810; retrospective archive reconstruction; date-only available_at is conservatively set to end-of-day.
sgcm-13-2025-06-23-p2-b,2025-06-23T00:00:00+08:00,2025-06-23T23:59:59+08:00,2026-08-24T11:56:22.433395+00:00,https://media.i-sgcm.com/public/new-cars/pricelist/13/2025-06-23.pdf#page=2,SGCarMart archived authorised-dealer price list,Category B,Honda,Price-list page summary,PDF page 2,244999.0,247499.0,,True,,mixed guaranteed and non-guaranteed packages,,- Low interest rates from 2.68% | Price and package is valid with appointed Finance and/or insurance companies.,,- Special trade-in discount,6000.0,,2025-07-09,"NEW CAR PRICELIST AND PROMOTION with effect from 19 June to 9 July 2025, 12pm | SG60 PROMOTIONS",,,,0.0976061256258151,SGD,brand_category_pricelist_page_summary; explicit_page_label; price_count=23; price_range=197999.0-296999.0; finance_rate_pct=2.68; finance=- Low interest rates from 2.68% | Price and package is valid with appointed Finance and/or insurance companies.; trade_in=- Special trade-in discount; sha256=13ebf33f969433bf6306846ac8a8c1ec691bf22296aca895dcdef626fe19d392; retrospective archive reconstruction; date-only available_at is conservatively set to end-of-day.
sgcm-13-2025-07-11-p2-b,2025-07-11T00:00:00+08:00,2025-07-11T23:59:59+08:00,2026-08-24T11:56:54.786087+00:00,https://media.i-sgcm.com/public/new-cars/pricelist/13/2025-07-11.pdf#page=2,SGCarMart archived authorised-dealer price list,Category B,Honda,Price-list page summary,PDF page 2,245499.0,244999.0,,True,,mixed guaranteed and non-guaranteed packages,,- Low interest rates from 2.68%,,- Special trade-in discount,6000.0,,2025-07-23,"NEW CAR PRICELIST AND PROMOTION with effect from 11 July to 23 July 2025, 12pm | ROADSHOW DEALS","NEW CAR PRICELIST AND PROMOTION with effect from 11 July to 23 July 2025, 12pm | ROADSHOW DEALS",2025-07-11,2025-07-23,0.0961304051401772,SGD,brand_category_pricelist_page_summary; explicit_page_label; price_count=24; price_range=200999.0-299999.0; finance_rate_pct=2.68; finance=- Low interest rates from 2.68%; trade_in=- Special trade-in discount; sha256=354a847b8cdd510ad8a30c9092de5a3420aec5d3219cc7796ef4f38ff3d59aac; retrospective archive reconstruction; date-only available_at is conservatively set to end-of-day.
sgcm-13-2025-07-15-p2-b,2025-07-15T00:00:00+08:00,2025-07-15T23:59:59+08:00,2026-08-24T11:57:16.219259+00:00,https://media.i-sgcm.com/public/new-cars/pricelist/13/2025-07-15.pdf#page=2,SGCarMart archived authorised-dealer price list,Category B,Honda,Price-list page summary,PDF page 2,245499.0,245499.0,,True,,mixed guaranteed and non-guaranteed packages,,- Low interest rates from 2.68%,,- Special trade-in discount,6000.0,,2025-07-23,"NEW CAR PRICELIST AND PROMOTION with effect from 15 July to 23 July 2025, 12pm | ROADSHOW DEALS","NEW CAR PRICELIST AND PROMOTION with effect from 15 July to 23 July 2025, 12pm | ROADSHOW DEALS",2025-07-15,2025-07-23,0.0961304051401772,SGD,brand_category_pricelist_page_summary; explicit_page_label; price_count=24; price_range=200999.0-299999.0; finance_rate_pct=2.68; finance=- Low interest rates from 2.68%; trade_in=- Special trade-in discount; sha256=6392b08ce44b82a5b55d2e9247db9250e2cd45e6bbf09a39f0ae25107e2a3e7a; retrospective archive reconstruction; date-only available_at is conservatively set to end-of-day.
sgcm-13-2025-07-25-p2-b,2025-07-25T00:00:00+08:00,2025-07-25T23:59:59+08:00,2026-08-24T11:57:37.916180+00:00,https://media.i-sgcm.com/public/new-cars/pricelist/13/2025-07-25.pdf#page=2,SGCarMart archived authorised-dealer price list,Category B,Honda,Price-list page summary,PDF page 2,245499.0,245499.0,,True,,mixed guaranteed and non-guaranteed packages,,- Low interest rates from 2.68%,,- Special trade-in discount,6000.0,,2025-08-06,"NEW CAR PRICELIST AND PROMOTION with effect from 24 July to 6 August 2025, 12pm | SG60 PROMOTIONS",,,,0.0961304051401772,SGD,brand_category_pricelist_page_summary; explicit_page_label; price_count=24; price_range=200999.0-299999.0; finance_rate_pct=2.68; finance=- Low interest rates from 2.68%; trade_in=- Special trade-in discount; sha256=f93c6ff3da5ccb460638a3208caa8ba98faf9f09227e63678022f9e15034553e; retrospective archive reconstruction; date-only available_at is conservatively set to end-of-day.
sgcm-13-2025-08-08-p2-b,2025-08-08T00:00:00+08:00,2025-08-08T23:59:59+08:00,2026-08-24T11:58:21.490677+00:00,https://media.i-sgcm.com/public/new-cars/pricelist/13/2025-08-08.pdf#page=2,SGCarMart archived authorised-dealer price list,Category B,Honda,Price-list page summary,PDF page 2,249499.0,245499.0,,True,,mixed guaranteed and non-guaranteed packages,,- Low interest rates from 2.68%,,- Special trade-in discount,6000.0,,2025-08-11,"NEW CAR PRICELIST AND PROMOTION with effect from 7 August to 11 August 2025, 7pm",,,,0.0939688874409512,SGD,brand_category_pricelist_page_summary; explicit_page_label; price_count=24; price_range=204999.0-303999.0; finance_rate_pct=2.68; finance=- Low interest rates from 2.68%; trade_in=- Special trade-in discount; sha256=a747ac2f5dc85487f97583733768d2affa717f6bc1a0de70b6329778e50747ca; retrospective archive reconstruction; date-only available_at is conservatively set to end-of-day.
sgcm-13-2025-08-22-p2-b,2025-08-22T00:00:00+08:00,2025-08-22T23:59:59+08:00,2026-08-24T11:58:54.086806+00:00,https://media.i-sgcm.com/public/new-cars/pricelist/13/2025-08-22.pdf#page=2,SGCarMart archived authorised-dealer price list,Category B,Honda,Price-list page summary,PDF page 2,250499.0,249499.0,,True,,mixed guaranteed and non-guaranteed packages,,- Low interest rates from 2.68% | Price and package is valid with appointed Finance and/or insurance companies.,,- Special trade-in discount,6000.0,,2025-09-03,"NEW CAR PRICELIST AND PROMOTION with effect from 21 August to 3 September 2025, 12pm | SG60 PROMOTIONS",,,,0.0939688874409512,SGD,brand_category_pricelist_page_summary; explicit_page_label; price_count=24; price_range=205999.0-304999.0; finance_rate_pct=2.68; finance=- Low interest rates from 2.68% | Price and package is valid with appointed Finance and/or insurance companies.; trade_in=- Special trade-in discount; sha256=8caf26b576ab8a772667f872433fb0e51cc50a4bed37969e8d6ba9a56f10091a; retrospective archive reconstruction; date-only available_at is conservatively set to end-of-day.
sgcm-13-2025-09-05-p2-b,2025-09-05T00:00:00+08:00,2025-09-05T23:59:59+08:00,2026-08-24T11:59:31.948419+00:00,https://media.i-sgcm.com/public/new-cars/pricelist/13/2025-09-05.pdf#page=2,SGCarMart archived authorised-dealer price list,Category B,Honda,Price-list page summary,PDF page 2,253499.0,250499.0,,True,,mixed guaranteed and non-guaranteed packages,,- Low interest rates from 2.68% | Price and package is valid with appointed Finance and/or insurance companies.,,- Special trade-in discount,6000.0,,2025-09-17,"NEW CAR PRICELIST AND PROMOTION with effect from 4 September to 17 September 2025, 12pm",,,,0.0933692008110332,SGD,brand_category_pricelist_page_summary; explicit_page_label; price_count=24; price_range=208999.0-307999.0; finance_rate_pct=2.68; finance=- Low interest rates from 2.68% | Price and package is valid with appointed Finance and/or insurance companies.; trade_in=- Special trade-in discount; sha256=f6ab1b8a26e0b24df9161aad974eb7c9e6d5740957000050cfa035191738a41a; retrospective archive reconstruction; date-only available_at is conservatively set to end-of-day.
sgcm-13-2025-09-19-p2-b,2025-09-19T00:00:00+08:00,2025-09-19T23:59:59+08:00,2026-08-24T12:00:04.401081+00:00,https://media.i-sgcm.com/public/new-cars/pricelist/13/2025-09-19.pdf#page=2,SGCarMart archived authorised-dealer price list,Category B,Honda,Price-list page summary,PDF page 2,262499.0,253499.0,,True,,mixed guaranteed and non-guaranteed packages,,- Low interest rates from 2.6% | Price and package is valid with appointed Finance and/or insurance companies,,- Special trade-in discount,6000.0,,2025-10-08,"NEW CAR PRICELIST AND PROMOTION with effect from 18 September to 8 October 2025, 12pm",,,,0.0933692008110332,SGD,brand_category_pricelist_page_summary; explicit_page_label; price_count=24; price_range=217999.0-316999.0; finance_rate_pct=2.6; finance=- Low interest rates from 2.6% | Price and package is valid with appointed Finance and/or insurance companies; trade_in=- Special trade-in discount; sha256=3763f75313305cf35648344e99829cd0c89a0d70938720abe84be262db54a62a; retrospective archive reconstruction; date-only available_at is conservatively set to end-of-day.
sgcm-13-2025-10-10-p2-b,2025-10-10T00:00:00+08:00,2025-10-10T23:59:59+08:00,2026-08-24T12:00:53.593290+00:00,https://media.i-sgcm.com/public/new-cars/pricelist/13/2025-10-10.pdf#page=2,SGCarMart archived authorised-dealer price list,Category B,Honda,Price-list page summary,PDF page 2,267999.0,262499.0,,True,,mixed guaranteed and non-guaranteed packages,,- Low interest rates from 2.6% | Price and package is valid with appointed Finance and/or insurance companies.,,- Special trade-in discount,6000.0,,2025-10-23,"NEW CAR PRICELIST AND PROMOTION with effect from 9 October to 23 October 2025, 12pm | PROMOTIONS",,,,0.0916216859819018,SGD,brand_category_pricelist_page_summary; explicit_page_label; price_count=24; price_range=222999.0-321999.0; finance_rate_pct=2.6; finance=- Low interest rates from 2.6% | Price and package is valid with appointed Finance and/or insurance companies.; trade_in=- Special trade-in discount; sha256=f9628a370727bca47d5cd5e3bc02ba88914ea76a77d249ecdb2946df6f19608f; retrospective archive reconstruction; date-only available_at is conservatively set to end-of-day.
sgcm-13-2025-10-27-p2-b,2025-10-27T00:00:00+08:00,2025-10-27T23:59:59+08:00,2026-08-24T12:01:20.665725+00:00,https://media.i-sgcm.com/public/new-cars/pricelist/13/2025-10-27.pdf#page=2,SGCarMart archived authorised-dealer price list,Category B,Honda,Price-list page summary,PDF page 2,262499.0,267999.0,,True,,mixed guaranteed and non-guaranteed packages,,- Low interest rates from 2.6% | Price and package is valid with appointed Finance and/or insurance companies.,,- Special trade-in discount,6000.0,,2025-11-05,"NEW CAR PRICELIST AND PROMOTION with effect from 24 October to 5 November 2025, 12pm | ROADSHOW PROMOTIONS","NEW CAR PRICELIST AND PROMOTION with effect from 24 October to 5 November 2025, 12pm | ROADSHOW PROMOTIONS",2025-10-24,2025-11-05,0.0916216859819018,SGD,brand_category_pricelist_page_summary; explicit_page_label; price_count=24; price_range=217999.0-316999.0; finance_rate_pct=2.6; finance=- Low interest rates from 2.6% | Price and package is valid with appointed Finance and/or insurance companies.; trade_in=- Special trade-in discount; sha256=26ebb51e9b1a5d956ad2521178149ad6589de0341d585588a61a9051c3f01cd7; retrospective archive reconstruction; date-only available_at is conservatively set to end-of-day.
sgcm-13-2025-10-31-p2-b,2025-10-31T00:00:00+08:00,2025-10-31T23:59:59+08:00,2026-08-24T12:01:31.561238+00:00,https://media.i-sgcm.com/public/new-cars/pricelist/13/2025-10-31.pdf#page=2,SGCarMart archived authorised-dealer price list,Category B,Honda,Price-list page summary,PDF page 2,262499.0,262499.0,,True,,mixed guaranteed and non-guaranteed packages,,- Low interest rates from 2.6% | Price and package is valid with appointed Finance and/or insurance companies.,,- Special trade-in discount,6000.0,,2025-11-05,"NEW CAR PRICELIST AND PROMOTION with effect from 31 October to 5 November 2025, 12pm | ROADSHOW PROMOTIONS","NEW CAR PRICELIST AND PROMOTION with effect from 31 October to 5 November 2025, 12pm | ROADSHOW PROMOTIONS",2025-10-31,2025-11-05,0.0916216859819018,SGD,brand_category_pricelist_page_summary; explicit_page_label; price_count=24; price_range=217999.0-316999.0; finance_rate_pct=2.6; finance=- Low interest rates from 2.6% | Price and package is valid with appointed Finance and/or insurance companies.; trade_in=- Special trade-in discount; sha256=5e5cac1e9da83f0206bfc7890cf4af0d4ab46d80ed023601bbaba4f99f497f47; retrospective archive reconstruction; date-only available_at is conservatively set to end-of-day.
sgcm-13-2025-11-10-p2-b,2025-11-10T00:00:00+08:00,2025-11-10T23:59:59+08:00,2026-08-24T12:02:04.073605+00:00,https://media.i-sgcm.com/public/new-cars/pricelist/13/2025-11-10.pdf#page=2,SGCarMart archived authorised-dealer price list,Category B,Honda,Price-list page summary,PDF page 2,250999.0,262499.0,,True,,mixed guaranteed and non-guaranteed packages,,- Low interest rates from 2.6% | Price and package is valid with appointed Finance and/or insurance companies.,,- Special trade-in discount,6000.0,,2025-11-19,"NEW CAR PRICELIST AND PROMOTION with effect from 6 November to 19 November 2025, 12pm | YEAR END SALE PROMOTIONS",,,,0.092361751830549,SGD,brand_category_pricelist_page_summary; explicit_page_label; price_count=24; price_range=202999.0-298999.0; finance_rate_pct=2.6; finance=- Low interest rates from 2.6% | Price and package is valid with appointed Finance and/or insurance companies.; trade_in=- Special trade-in discount; sha256=a56ad7ea37c557236395486a9fdc2cc241520e10a6a194c692b0950e60f4b8fa; retrospective archive reconstruction; date-only available_at is conservatively set to end-of-day.
sgcm-13-2025-12-01-p2-b,2025-12-01T00:00:00+08:00,2025-12-01T23:59:59+08:00,2026-08-24T12:02:47.452461+00:00,https://media.i-sgcm.com/public/new-cars/pricelist/13/2025-12-01.pdf#page=2,SGCarMart archived authorised-dealer price list,Category B,Honda,Price-list page summary,PDF page 2,262999.0,250999.0,,True,,mixed guaranteed and non-guaranteed packages,,- Low interest rates from 2.6% | Price and package is valid with appointed Finance and/or insurance companies.,,- Special trade-in discount,6000.0,,2025-12-03,"NEW CAR PRICELIST AND PROMOTION with effect from 20 November to 3 December 2025, 12pm | CHRISTMAS BUNDLE PROMOTIONS",,,,0.0918809201623816,SGD,brand_category_pricelist_page_summary; explicit_page_label; price_count=24; price_range=214999.0-310999.0; finance_rate_pct=2.6; finance=- Low interest rates from 2.6% | Price and package is valid with appointed Finance and/or insurance companies.; trade_in=- Special trade-in discount; sha256=288e07af63a420e86f9fa9603a3a118f7a5e48d55963c7ab73997af1cd6a1625; retrospective archive reconstruction; date-only available_at is conservatively set to end-of-day.
sgcm-13-2025-12-05-p2-b,2025-12-05T00:00:00+08:00,2025-12-05T23:59:59+08:00,2026-08-24T12:03:04.244086+00:00,https://media.i-sgcm.com/public/new-cars/pricelist/13/2025-12-05.pdf#page=2,SGCarMart archived authorised-dealer price list,Category B,Honda,Price-list page summary,PDF page 2,254499.0,262999.0,,True,,mixed guaranteed and non-guaranteed packages,,- Low interest rates from 2.6% | Price and package is valid with appointed Finance and/or insurance companies.,,- Special trade-in discount,6000.0,,2025-12-17,"NEW CAR PRICELIST AND PROMOTION with effect from 4 December to 17 December 2025, 12pm | CHRISTMAS PROMOTIONS & LAST CHANCE TO ENJOY VES REBATES!",,,,0.0918809201623816,SGD,brand_category_pricelist_page_summary; explicit_page_label; price_count=24; price_range=206999.0-304999.0; finance_rate_pct=2.6; finance=- Low interest rates from 2.6% | Price and package is valid with appointed Finance and/or insurance companies.; trade_in=- Special trade-in discount; sha256=284c3f122b6837f8a5a68a566e0de283b3ded91578bc4b849232bfd7078fbd87; retrospective archive reconstruction; date-only available_at is conservatively set to end-of-day.
sgcm-13-2025-12-19-p2-b,2025-12-19T00:00:00+08:00,2025-12-19T23:59:59+08:00,2026-08-24T12:03:52.923326+00:00,https://media.i-sgcm.com/public/new-cars/pricelist/13/2025-12-19.pdf#page=2,SGCarMart archived authorised-dealer price list,Category B,Honda,Price-list page summary,PDF page 2,248499.0,254499.0,,True,,mixed guaranteed and non-guaranteed packages,,- Low interest rates from 2.6% | Price and package is valid with appointed Finance and/or insurance companies.,,- Special trade-in discount,6000.0,,2026-01-07,"NEW CAR PRICELIST AND PROMOTION with effect from 18 December to 7 January 2026, 12pm | CHRISTMAS PROMOTIONS & LAST CHANCE TO ENJOY VES REBATES!",,,,0.0918809201623816,SGD,brand_category_pricelist_page_summary; explicit_page_label; price_count=24; price_range=201999.0-297999.0; finance_rate_pct=2.6; finance=- Low interest rates from 2.6% | Price and package is valid with appointed Finance and/or insurance companies.; trade_in=- Special trade-in discount; sha256=1aab469ab34ed2fc24fdc3069ed685e4a2424dd0c78c59c34f11a194983959ac; retrospective archive reconstruction; date-only available_at is conservatively set to end-of-day.
sgcm-13-2026-01-02-p2-b,2026-01-02T00:00:00+08:00,2026-01-02T23:59:59+08:00,2026-08-24T12:04:14.509577+00:00,https://media.i-sgcm.com/public/new-cars/pricelist/13/2026-01-02.pdf#page=2,SGCarMart archived authorised-dealer price list,Category B,Honda,Price-list page summary,PDF page 2,248499.0,248499.0,,True,,mixed guaranteed and non-guaranteed packages,,- Low interest rates from 2.6% | Price and package is valid with appointed Finance and/or insurance companies.,,- Special trade-in discount,6000.0,,2026-01-07,"NEW CAR PRICELIST AND PROMOTION with effect from 1 January to 7 January 2026, 12pm | NEW YEAR PROMOTIONS",,,,0.0919738790386878,SGD,brand_category_pricelist_page_summary; explicit_page_label; price_count=24; price_range=201999.0-297999.0; finance_rate_pct=2.6; finance=- Low interest rates from 2.6% | Price and package is valid with appointed Finance and/or insurance companies.; trade_in=- Special trade-in discount; sha256=43fa0267c9286a2fb1e7baa8074429e773e903aa7e423ea836ef28cea5e1705f; retrospective archive reconstruction; date-only available_at is conservatively set to end-of-day.
sgcm-13-2026-01-13-p2-b,2026-01-13T00:00:00+08:00,2026-01-13T23:59:59+08:00,2026-08-24T12:04:57.900716+00:00,https://media.i-sgcm.com/public/new-cars/pricelist/13/2026-01-13.pdf#page=2,SGCarMart archived authorised-dealer price list,Category B,Honda,Price-list page summary,PDF page 2,246999.0,248499.0,,True,,mixed guaranteed and non-guaranteed packages,,- Low interest rates from 2.58% | Price and package is valid with appointed Finance and/or insurance companies.,,- Special trade-in discount,6000.0,,2026-01-21,"NEW CAR PRICELIST AND PROMOTION with effect from 8 January to 21 January 2026, 12pm | MOTORSHOW PROMOTIONS - STAND A CHANCE TO WIN OUR GRAND PRIZE OF $5,000!",,,,0.0919738790386878,SGD,brand_category_pricelist_page_summary; explicit_page_label; price_count=28; price_range=205999.0-301999.0; finance_rate_pct=2.58; finance=- Low interest rates from 2.58% | Price and package is valid with appointed Finance and/or insurance companies.; trade_in=- Special trade-in discount; sha256=c117eb93d3b6ff0c667ecff4ac1e56185d9eb91f177714a66506fba3a31e4084; retrospective archive reconstruction; date-only available_at is conservatively set to end-of-day.
sgcm-13-2026-01-23-p2-b,2026-01-23T00:00:00+08:00,2026-01-23T23:59:59+08:00,2026-08-24T12:05:20.421452+00:00,https://media.i-sgcm.com/public/new-cars/pricelist/13/2026-01-23.pdf#page=2,SGCarMart archived authorised-dealer price list,Category B,Honda,Price-list page summary,PDF page 2,248999.0,246999.0,,True,,mixed guaranteed and non-guaranteed packages,,- Low interest rates from 2.58% | Price and package is valid with appointed Finance and/or insurance companies.,,- Special trade-in discount,6000.0,,2026-02-04,"NEW CAR PRICELIST AND PROMOTION with effect from 22 January to 4 February 2026, 12pm",,,,0.0919738790386878,SGD,brand_category_pricelist_page_summary; explicit_page_label; price_count=28; price_range=205999.0-303999.0; finance_rate_pct=2.58; finance=- Low interest rates from 2.58% | Price and package is valid with appointed Finance and/or insurance companies.; trade_in=- Special trade-in discount; sha256=8d3194c8bb454b19e8d886aa1c5cf1d170b6965da7f0f729d531fd11f88e444a; retrospective archive reconstruction; date-only available_at is conservatively set to end-of-day.
sgcm-13-2026-02-06-p2-b,2026-02-06T00:00:00+08:00,2026-02-06T23:59:59+08:00,2026-08-24T12:05:58.046088+00:00,https://media.i-sgcm.com/public/new-cars/pricelist/13/2026-02-06.pdf#page=2,SGCarMart archived authorised-dealer price list,Category B,Honda,Price-list page summary,PDF page 2,238999.0,248999.0,,True,,mixed guaranteed and non-guaranteed packages,,- Low interest rates from 2.58% | Price and package is valid with appointed Finance and/or insurance companies.,,- Special trade-in discount,6000.0,,2026-02-20,"NEW CAR PRICELIST AND PROMOTION with effect from 5 February to 20 February 2026, 12pm",,,,0.0893604468944156,SGD,brand_category_pricelist_page_summary; explicit_page_label; price_count=28; price_range=195999.0-293999.0; finance_rate_pct=2.58; finance=- Low interest rates from 2.58% | Price and package is valid with appointed Finance and/or insurance companies.; trade_in=- Special trade-in discount; sha256=e4eebab4f55c70c512faade8eb0cfab59388d86dc12cba185b585b05acf9f6bc; retrospective archive reconstruction; date-only available_at is conservatively set to end-of-day.
sgcm-13-2026-02-24-p2-b,2026-02-24T00:00:00+08:00,2026-02-24T23:59:59+08:00,2026-08-24T12:06:41.202620+00:00,https://media.i-sgcm.com/public/new-cars/pricelist/13/2026-02-24.pdf#page=2,SGCarMart archived authorised-dealer price list,Category B,Honda,Price-list page summary,PDF page 2,236999.0,238999.0,,True,,mixed guaranteed and non-guaranteed packages,,- Low interest rates from 2.58% | Price and package is valid with appointed Finance and/or insurance companies.,,- Special trade-in discount,6000.0,,2026-03-04,"NEW CAR PRICELIST AND PROMOTION with effect from 21 February to 4 March 2026, 12pm",,,,0.0893604468944156,SGD,brand_category_pricelist_page_summary; explicit_page_label; price_count=28; price_range=191999.0-289999.0; finance_rate_pct=2.58; finance=- Low interest rates from 2.58% | Price and package is valid with appointed Finance and/or insurance companies.; trade_in=- Special trade-in discount; sha256=f58753f2592eefe87f11bafdbcb918ddfae27987b7519fc7874143d6dcc85019; retrospective archive reconstruction; date-only available_at is conservatively set to end-of-day.
sgcm-13-2026-03-06-p2-b,2026-03-06T00:00:00+08:00,2026-03-06T23:59:59+08:00,2026-08-24T12:07:02.650016+00:00,https://media.i-sgcm.com/public/new-cars/pricelist/13/2026-03-06.pdf#page=2,SGCarMart archived authorised-dealer price list,Category B,Honda,Price-list page summary,PDF page 2,245999.0,236999.0,,True,,mixed guaranteed and non-guaranteed packages,,- Low interest rates from 2.58% | Price and package is valid with appointed Finance and/or insurance companies.,,- Special trade-in discount,6000.0,,2026-03-18,"NEW CAR PRICELIST AND PROMOTION with effect from 5 March to 18 March 2026, 12pm | HARI RAYA PUASA PROMOTIONS",,,,0.0867574029795843,SGD,brand_category_pricelist_page_summary; explicit_page_label; price_count=28; price_range=200999.0-298999.0; finance_rate_pct=2.58; finance=- Low interest rates from 2.58% | Price and package is valid with appointed Finance and/or insurance companies.; trade_in=- Special trade-in discount; sha256=f4d13d34a96ba7681900aeda640461a2feb21d5d4a6629056df12be10cc06d92; retrospective archive reconstruction; date-only available_at is conservatively set to end-of-day.
sgcm-13-2026-03-20-p2-b,2026-03-20T00:00:00+08:00,2026-03-20T23:59:59+08:00,2026-08-24T12:07:51.172454+00:00,https://media.i-sgcm.com/public/new-cars/pricelist/13/2026-03-20.pdf#page=2,SGCarMart archived authorised-dealer price list,Category B,Honda,Price-list page summary,PDF page 2,247999.0,245999.0,,True,,mixed guaranteed and non-guaranteed packages,,- Low interest rates from 2.58% | Price and package is valid with appointed Finance and/or insurance companies.,,- Special trade-in discount,6000.0,,2026-04-08,"NEW CAR PRICELIST AND PROMOTION with effect from 19 March to 8 April 2026, 12pm | HARI RAYA PUASA PROMOTIONS",,,,0.0867574029795843,SGD,brand_category_pricelist_page_summary; explicit_page_label; price_count=28; price_range=202999.0-300999.0; finance_rate_pct=2.58; finance=- Low interest rates from 2.58% | Price and package is valid with appointed Finance and/or insurance companies.; trade_in=- Special trade-in discount; sha256=c4ad60c27b9b924dce828545f28ce38718d293f914eff16f709cfd9015d28807; retrospective archive reconstruction; date-only available_at is conservatively set to end-of-day.
sgcm-13-2026-04-10-p2-b,2026-04-10T00:00:00+08:00,2026-04-10T23:59:59+08:00,2026-08-24T12:08:50.950246+00:00,https://media.i-sgcm.com/public/new-cars/pricelist/13/2026-04-10.pdf#page=2,SGCarMart archived authorised-dealer price list,Category B,Honda,Price-list page summary,PDF page 2,252999.0,247999.0,,True,,mixed guaranteed and non-guaranteed packages,,- Low interest rates from 2.58% | Price and package is valid with appointed Finance and/or insurance companies.,,- Special trade-in discount,6000.0,,2026-04-22,"NEW CAR PRICELIST AND PROMOTION with effect from 9 April to 22 April 2026, 12pm | ROADSHOW PROMOTIONS | - Roadshow Bundle worth up to $1,948","NEW CAR PRICELIST AND PROMOTION with effect from 9 April to 22 April 2026, 12pm | ROADSHOW PROMOTIONS | - Roadshow Bundle worth up to $1,948",2026-04-09,2026-04-22,0.0810187706495298,SGD,brand_category_pricelist_page_summary; explicit_page_label; price_count=28; price_range=207999.0-305999.0; finance_rate_pct=2.58; finance=- Low interest rates from 2.58% | Price and package is valid with appointed Finance and/or insurance companies.; trade_in=- Special trade-in discount; sha256=990d0bc55e3c9c7b73187a17823a9910d42b72eb8a8853870fde107e580affa6; retrospective archive reconstruction; date-only available_at is conservatively set to end-of-day.
sgcm-13-2026-04-24-p2-b,2026-04-24T00:00:00+08:00,2026-04-24T23:59:59+08:00,2026-08-24T12:09:12.770876+00:00,https://media.i-sgcm.com/public/new-cars/pricelist/13/2026-04-24.pdf#page=2,SGCarMart archived authorised-dealer price list,Category B,Honda,Price-list page summary,PDF page 2,252999.0,252999.0,,True,,mixed guaranteed and non-guaranteed packages,,- Low interest rates from 2.58% | Price and package is valid with appointed Finance and/or insurance companies.,,- Special trade-in discount,6000.0,,2026-05-06,"NEW CAR PRICELIST AND PROMOTION with effect from 23 April to 6 May 2026, 12pm | HONDA PROMOTIONS | • Enjoy STEP WGN 30th Anniversary Promotion of",,,,0.0810187706495298,SGD,brand_category_pricelist_page_summary; explicit_page_label; price_count=28; price_range=207999.0-305999.0; finance_rate_pct=2.58; finance=- Low interest rates from 2.58% | Price and package is valid with appointed Finance and/or insurance companies.; trade_in=- Special trade-in discount; sha256=ce18a1a89df4e25b24069dab572aeb13c867ee5439c56b4d6ef56cddf5429809; retrospective archive reconstruction; date-only available_at is conservatively set to end-of-day.
sgcm-13-2026-05-13-p2-b,2026-05-13T00:00:00+08:00,2026-05-13T23:59:59+08:00,2026-08-24T12:10:28.725864+00:00,https://media.i-sgcm.com/public/new-cars/pricelist/13/2026-05-13.pdf#page=2,SGCarMart archived authorised-dealer price list,Category B,Honda,Price-list page summary,PDF page 2,254999.0,252999.0,,True,,mixed guaranteed and non-guaranteed packages,,- Low interest rates from 2.58% | Price and package is valid with appointed Finance and/or insurance companies.,,- Special trade-in discount,6000.0,,2026-05-20,"NEW CAR PRICELIST AND PROMOTION with effect from 7 May to 20 May 2026, 12pm | CAR EXPO PROMOTIONS | • Enjoy STEP WGN 30th Anniversary Promotion of",,,,0.0759920991201292,SGD,brand_category_pricelist_page_summary; explicit_page_label; price_count=28; price_range=203999.0-310999.0; finance_rate_pct=2.58; finance=- Low interest rates from 2.58% | Price and package is valid with appointed Finance and/or insurance companies.; trade_in=- Special trade-in discount; sha256=e637a47517c71c938b99920599f57f7413a81ebf873a58b03f1ac3f536d98057; retrospective archive reconstruction; date-only available_at is conservatively set to end-of-day.
sgcm-13-2026-05-25-p2-b,2026-05-25T00:00:00+08:00,2026-05-25T23:59:59+08:00,2026-08-24T12:11:00.822711+00:00,https://media.i-sgcm.com/public/new-cars/pricelist/13/2026-05-25.pdf#page=2,SGCarMart archived authorised-dealer price list,Category B,Honda,Price-list page summary,PDF page 2,257999.0,254999.0,,True,,mixed guaranteed and non-guaranteed packages,,- Low interest rates from 2.58% | Price and package is valid with appointed Finance and/or insurance companies.,,"- Special $3,000 trade-in booster*",6000.0,,2026-06-04,"NEW CAR PRICELIST AND PROMOTION with effect from 21 May to 4 June 2026, 12pm | HARI RAYA HAJI PROMOTIONS",,,,0.0759920991201292,SGD,"brand_category_pricelist_page_summary; explicit_page_label; price_count=28; price_range=206999.0-313999.0; finance_rate_pct=2.58; finance=- Low interest rates from 2.58% | Price and package is valid with appointed Finance and/or insurance companies.; trade_in=- Special $3,000 trade-in booster*; sha256=fc9b1ec4ff31d063665751a42f60f918f1b115fea5ab33f8ceb8726cd6147200; retrospective archive reconstruction; date-only available_at is conservatively set to end-of-day."
sgcm-13-2026-06-05-p2-b,2026-06-05T00:00:00+08:00,2026-06-05T23:59:59+08:00,2026-08-24T12:11:17.202843+00:00,https://media.i-sgcm.com/public/new-cars/pricelist/13/2026-06-05.pdf#page=2,SGCarMart archived authorised-dealer price list,Category B,Honda,Price-list page summary,PDF page 2,255999.0,257999.0,,True,,mixed guaranteed and non-guaranteed packages,,- Low interest rates from 2.58% | Price and package is valid with appointed Finance and/or insurance companies.,,"- Special $3,000 trade-in booster*",6000.0,,2026-06-17,"NEW CAR PRICELIST AND PROMOTION with effect from 5 June to 17 June 2026, 12pm | HONDA ROADSHOW DEALS | - $3,000 roadshow discount for all models | - Roadshow Bonus Bundle worth up to $1,948#","NEW CAR PRICELIST AND PROMOTION with effect from 5 June to 17 June 2026, 12pm | HONDA ROADSHOW DEALS | - $3,000 roadshow discount for all models | - Roadshow Bonus Bundle worth up to $1,948#",2026-06-05,2026-06-17,0.0718503760343187,SGD,"brand_category_pricelist_page_summary; explicit_page_label; price_count=28; price_range=204999.0-311999.0; finance_rate_pct=2.58; finance=- Low interest rates from 2.58% | Price and package is valid with appointed Finance and/or insurance companies.; trade_in=- Special $3,000 trade-in booster*; sha256=1f91fbac27799d754021eb5d44f6d5ca0a8e051e5cb7b32eab0b323059a93e80; retrospective archive reconstruction; date-only available_at is conservatively set to end-of-day."
sgcm-13-2026-07-01-p2-b,2026-07-01T00:00:00+08:00,2026-07-01T23:59:59+08:00,2026-08-24T12:12:23.042760+00:00,https://media.i-sgcm.com/public/new-cars/pricelist/13/2026-07-01.pdf#page=2,SGCarMart archived authorised-dealer price list,Category B,Honda,Price-list page summary,PDF page 2,253999.0,255999.0,,True,,mixed guaranteed and non-guaranteed packages,,- Low interest rates from 2.58% | Price and package is valid with appointed Finance and/or insurance companies.,,"- Special $3,000 trade-in booster#",6000.0,,2026-07-08,"NEW CAR PRICELIST AND PROMOTION with effect from 25 June to 8 July 2026, 12pm | HONDA PROMOTIONS | - Honda Promotion Bundle worth up to $1,948#",,,,0.0687013335720039,SGD,"brand_category_pricelist_page_summary; explicit_page_label; price_count=28; price_range=202999.0-309999.0; finance_rate_pct=2.58; finance=- Low interest rates from 2.58% | Price and package is valid with appointed Finance and/or insurance companies.; trade_in=- Special $3,000 trade-in booster#; sha256=bf1e6bd75dec14695cef8180a43bd88ef973661cb8c35314aa47809a06aa7cff; retrospective archive reconstruction; date-only available_at is conservatively set to end-of-day."
sgcm-13-2026-07-10-p2-b,2026-07-10T00:00:00+08:00,2026-07-10T23:59:59+08:00,2026-08-24T12:12:49.966308+00:00,https://media.i-sgcm.com/public/new-cars/pricelist/13/2026-07-10.pdf#page=2,SGCarMart archived authorised-dealer price list,Category B,Honda,Price-list page summary,PDF page 2,258999.0,253999.0,,True,,mixed guaranteed and non-guaranteed packages,,- Low interest rates from 2.58% | Price and package is valid with appointed Finance and/or insurance companies.,,"- Special $3,000 trade-in booster*",6000.0,,2026-07-22,"NEW CAR PRICELIST AND PROMOTION with effect from 9 July to 22 July 2026, 12pm | HONDA ROADSHOW PROMOTIONS | - Additional $2,000 roadshow discount# | - Honda Roadshow Bundle worth up to $1,948*","NEW CAR PRICELIST AND PROMOTION with effect from 9 July to 22 July 2026, 12pm | HONDA ROADSHOW PROMOTIONS | - Additional $2,000 roadshow discount# | - Honda Roadshow Bundle worth up to $1,948*",2026-07-09,2026-07-22,0.0687013335720039,SGD,"brand_category_pricelist_page_summary; explicit_page_label; price_count=28; price_range=207999.0-314999.0; finance_rate_pct=2.58; finance=- Low interest rates from 2.58% | Price and package is valid with appointed Finance and/or insurance companies.; trade_in=- Special $3,000 trade-in booster*; sha256=4fc4358b59725e2a62e7cdb5ff59837545d29efd6b3afbd0fb675c6e18b931c1; retrospective archive reconstruction; date-only available_at is conservatively set to end-of-day."
sgcm-13-2026-07-24-p2-b,2026-07-24T00:00:00+08:00,2026-07-24T23:59:59+08:00,2026-08-24T12:13:17.036599+00:00,https://media.i-sgcm.com/public/new-cars/pricelist/13/2026-07-24.pdf#page=2,SGCarMart archived authorised-dealer price list,Category B,Honda,Price-list page summary,PDF page 2,257899.0,258999.0,,False,,non-guaranteed,,Price and package is valid with appointed Finance and/or insurance companies.,,,,,2026-08-05,"NEW CAR PRICELIST AND PROMOTION with effect from 23 July to 5 August 2026, 12pm | • Enjoy STEP WGN 30th Anniversary Promotion of",,,,0.0687013335720039,SGD,brand_category_pricelist_page_summary; explicit_page_label; price_count=28; price_range=206899.0-313999.0; finance_rate_pct=nan; finance=Price and package is valid with appointed Finance and/or insurance companies.; trade_in=nan; sha256=28a88362f07457a3c7f24357f6a893232efef9070c6f8f58d6cd986b09a6cc99; retrospective archive reconstruction; date-only available_at is conservatively set to end-of-day.
sgcm-13-2026-08-07-p2-b,2026-08-07T00:00:00+08:00,2026-08-07T23:59:59+08:00,2026-08-24T12:13:49.545037+00:00,https://media.i-sgcm.com/public/new-cars/pricelist/13/2026-08-07.pdf#page=2,SGCarMart archived authorised-dealer price list,Category B,Honda,Price-list page summary,PDF page 2,257899.0,257899.0,,False,,non-guaranteed,,Price and package is valid with appointed Finance and/or insurance companies.,,,,,2026-08-19,"NEW CAR PRICELIST AND PROMOTION with effect from 6 August to 19 August 2026, 12pm | • Enjoy STEP WGN 30th Anniversary Promotion of",,,,0.0644575740318906,SGD,brand_category_pricelist_page_summary; explicit_page_label; price_count=28; price_range=206899.0-313999.0; finance_rate_pct=nan; finance=Price and package is valid with appointed Finance and/or insurance companies.; trade_in=nan; sha256=8882b07207f62b61d903235096e96c75de736e94a90b6e3ee169c75ff774ee9e; retrospective archive reconstruction; date-only available_at is conservatively set to end-of-day.
sgcm-13-2026-08-21-p2-b,2026-08-21T00:00:00+08:00,2026-08-21T23:59:59+08:00,2026-08-24T12:14:27.472824+00:00,https://media.i-sgcm.com/public/new-cars/pricelist/13/2026-08-21.pdf#page=2,SGCarMart archived authorised-dealer price list,Category B,Honda,Price-list page summary,PDF page 2,259899.0,257899.0,,False,,non-guaranteed,,Price and package is valid with appointed Finance and/or insurance companies.,,,,,2026-08-19,"NEW CAR PRICELIST AND PROMOTION with effect from 6 August to 19 August 2026, 12pm | • Enjoy STEP WGN 30th Anniversary Promotion of",,,,0.0644575740318906,SGD,brand_category_pricelist_page_summary; explicit_page_label; price_count=28; price_range=208899.0-315999.0; finance_rate_pct=nan; finance=Price and package is valid with appointed Finance and/or insurance companies.; trade_in=nan; sha256=bb24ef19ef1f5b20791bb8309e705259edc32bc715a04db65eebf5b0736db20f; retrospective archive reconstruction; date-only available_at is conservatively set to end-of-day.
sgcm-44-2024-01-05-p1-a,2024-01-05T00:00:00+08:00,2024-01-05T23:59:59+08:00,2026-08-24T11:35:08.749845+00:00,https://media.i-sgcm.com/public/new-cars/pricelist/44/2024-01-05.pdf#page=1,SGCarMart archived authorised-dealer price list,Category A,Toyota,Price-list page summary,PDF page 1,157888.0,,,True,,guaranteed,,"$1,800 Petrol Gift Card with Maybank, Hong Leong Finance, OCBC / | | Pricos ara atter In-house Finance (S500) & insurance (S500) rebate winch are abolicable only to successful abolcants min imin Year tenure",,Complimentary $500 Petrol Card with Trade-in,,,,PROMOTIONS | orneo Motors reserves the rights to change/remove the Promotions at any time without prior notice,,,,0.2398014888337469,SGD,"brand_category_pricelist_page_summary; explicit_page_label; price_count=6; price_range=147888.0-162988.0; finance_rate_pct=nan; finance=$1,800 Petrol Gift Card with Maybank, Hong Leong Finance, OCBC / | | Pricos ara atter In-house Finance (S500) & insurance (S500) rebate winch are abolicable only to successful abolcants min imin Year tenure; trade_in=Complimentary $500 Petrol Card with Trade-in; sha256=7d352487d5d7eac710de4cfe12b004fa62ea3bcb3de228f66dfb10c51c31e511; retrospective archive reconstruction; date-only available_at is conservatively set to end-of-day."
sgcm-44-2024-01-18-p1-a,2024-01-18T00:00:00+08:00,2024-01-18T23:59:59+08:00,2026-08-24T11:36:08.740314+00:00,https://media.i-sgcm.com/public/new-cars/pricelist/44/2024-01-18.pdf#page=1,SGCarMart archived authorised-dealer price list,Category A,Toyota,Price-list page summary,PDF page 1,168888.0,157888.0,,True,,guaranteed,,"$1,800 Petrol Gift Card with Maybank, Hong Leong Finance, OCBC /| | Pricos are after In-house Finance ($500) & insurance (S500) rebate which are applicable only to successful applicants (min S30K & 1 Year tenure).",,,,,2024-02-07,PROMOTIONS | Borneo Motors reserves the rights to change/remove the Promotions at any time without prior notice.,,,,0.2398014888337469,SGD,"brand_category_pricelist_page_summary; explicit_page_label; price_count=6; price_range=158888.0-173988.0; finance_rate_pct=nan; finance=$1,800 Petrol Gift Card with Maybank, Hong Leong Finance, OCBC /| | Pricos are after In-house Finance ($500) & insurance (S500) rebate which are applicable only to successful applicants (min S30K & 1 Year tenure).; trade_in=nan; sha256=f124f56bae4c53b13733eb37bd371a9bb2f19533cf06060c10a55e2f389917b6; retrospective archive reconstruction; date-only available_at is conservatively set to end-of-day."
sgcm-44-2024-02-08-p1-a,2024-02-08T00:00:00+08:00,2024-02-08T23:59:59+08:00,2026-08-24T11:37:02.961137+00:00,https://media.i-sgcm.com/public/new-cars/pricelist/44/2024-02-08.pdf#page=1,SGCarMart archived authorised-dealer price list,Category A,Toyota,Price-list page summary,PDF page 1,156888.0,168888.0,,True,,guaranteed,,"$1,800 Petrol Gift Card with Maybank, Hong Leong Finance, OCBC / | Prices are after In-house Finance (S500) & insurance (S500) rebate which are applicable only to successful applicants (min $30K & 1 Year tenure)",,,,,,PROMOTIONS,,,,0.2364849396605291,SGD,"brand_category_pricelist_page_summary; explicit_page_label; price_count=7; price_range=150888.0-169988.0; finance_rate_pct=nan; finance=$1,800 Petrol Gift Card with Maybank, Hong Leong Finance, OCBC / | Prices are after In-house Finance (S500) & insurance (S500) rebate which are applicable only to successful applicants (min $30K & 1 Year tenure); trade_in=nan; sha256=f73205bbfbddd158b77659471854907bdf64ecfab0ebb67bf168fbd2ffffb639; retrospective archive reconstruction; date-only available_at is conservatively set to end-of-day."
sgcm-44-2024-02-22-p1-a,2024-02-22T00:00:00+08:00,2024-02-22T23:59:59+08:00,2026-08-24T11:37:19.079116+00:00,https://media.i-sgcm.com/public/new-cars/pricelist/44/2024-02-22.pdf#page=1,SGCarMart archived authorised-dealer price list,Category A,Toyota,Price-list page summary,PDF page 1,147888.0,156888.0,,True,,guaranteed,,"$1,800 Petrol Gift Card with Maybank, Hong Leong Finance, OCBC /",,,3000.0,,2024-03-06,PROMOTIONS | borneo Motors reserves the rights to change/remove the Promotions at any time without pror notice.,,,,0.2364849396605291,SGD,"brand_category_pricelist_page_summary; explicit_page_label; price_count=7; price_range=138888.0-167988.0; finance_rate_pct=nan; finance=$1,800 Petrol Gift Card with Maybank, Hong Leong Finance, OCBC /; trade_in=nan; sha256=dc595184caaf660b8c9c6b35094ed6d9b4c079c18113404f45f9de798c758b19; retrospective archive reconstruction; date-only available_at is conservatively set to end-of-day."
sgcm-44-2024-03-07-p1-a,2024-03-07T00:00:00+08:00,2024-03-07T23:59:59+08:00,2026-08-24T11:38:02.479295+00:00,https://media.i-sgcm.com/public/new-cars/pricelist/44/2024-03-07.pdf#page=1,SGCarMart archived authorised-dealer price list,Category A,Toyota,Price-list page summary,PDF page 1,153888.0,147888.0,,True,,guaranteed,,"$1,800 Petrol Gift Card + $500 Insurance Subsidy with Hong Leong Finance | $1,800 Petrol Gift Card with Maybank, Hong Leong Finance, OCBC / | Prices are after In-house Finance ($500) & insurance (S500) rebate which are applicable only to successful applicants (min S30K & 1 Year tenure)",,,3000.0,,,PROMOTIONS | borneo motors reserves the rights to changeremove the Promotions at any time without pror notice,,,,0.2333171285042942,SGD,"brand_category_pricelist_page_summary; explicit_page_label; price_count=7; price_range=144888.0-174988.0; finance_rate_pct=nan; finance=$1,800 Petrol Gift Card + $500 Insurance Subsidy with Hong Leong Finance | $1,800 Petrol Gift Card with Maybank, Hong Leong Finance, OCBC / | Prices are after In-house Finance ($500) & insurance (S500) rebate which are applicable only to successful applicants (min S30K & 1 Year tenure); trade_in=nan; sha256=7c1314c747b3b9cd000fbf8661311d732c4bd265f1589a31055f6e38e183b370; retrospective archive reconstruction; date-only available_at is conservatively set to end-of-day."
sgcm-44-2024-03-21-p1-a,2024-03-21T00:00:00+08:00,2024-03-21T23:59:59+08:00,2026-08-24T11:38:29.277681+00:00,https://media.i-sgcm.com/public/new-cars/pricelist/44/2024-03-21.pdf#page=1,SGCarMart archived authorised-dealer price list,Category A,Toyota,Price-list page summary,PDF page 1,156888.0,153888.0,,True,,guaranteed,,"$500 Petrol Gift Card + $700 Insurance Subsidy with Hong Leong Finance / Maybank | Pricos are after In-house Finance ($500) & insurance (S500) rebate which are applicable only to successful applicants (min S30K & 1 Year tenure),",,,2000.0,,2024-04-03,PROMOTIONS | Borneo Motors reserves the rights to change/remove the Promotions at any time without prior notice.,,,,0.2333171285042942,SGD,"brand_category_pricelist_page_summary; explicit_page_label; price_count=9; price_range=81000.0-178988.0; finance_rate_pct=nan; finance=$500 Petrol Gift Card + $700 Insurance Subsidy with Hong Leong Finance / Maybank | Pricos are after In-house Finance ($500) & insurance (S500) rebate which are applicable only to successful applicants (min S30K & 1 Year tenure),; trade_in=nan; sha256=a7fd7c8e022f203662bf79d634488eafc829c49e6555a5d1d09bea989bd13d29; retrospective archive reconstruction; date-only available_at is conservatively set to end-of-day."
sgcm-44-2024-04-04-p1-a,2024-04-04T00:00:00+08:00,2024-04-04T23:59:59+08:00,2026-08-24T11:38:56.308156+00:00,https://media.i-sgcm.com/public/new-cars/pricelist/44/2024-04-04.pdf#page=1,SGCarMart archived authorised-dealer price list,Category A,Toyota,Price-list page summary,PDF page 1,163888.0,156888.0,,True,,guaranteed,,"$500 Petrol Gift Card + $1,200 Insurance Subsidy with Hong Leong Finance / Maybank | Prices are after In-house Finance (5500) & insurance (5500) rebate which are applicable only to successful applicants (min 530K a 1 Year tenure",,,,,,PROMOTIONS,,,,0.2263748667460964,SGD,"brand_category_pricelist_page_summary; explicit_page_label; price_count=8; price_range=151888.0-182888.0; finance_rate_pct=nan; finance=$500 Petrol Gift Card + $1,200 Insurance Subsidy with Hong Leong Finance / Maybank | Prices are after In-house Finance (5500) & insurance (5500) rebate which are applicable only to successful applicants (min 530K a 1 Year tenure; trade_in=nan; sha256=3323d6190e728bbb2c45952ec6f811c9086eeb07226b611a02bb01be8631b94e; retrospective archive reconstruction; date-only available_at is conservatively set to end-of-day."
sgcm-44-2024-04-19-p1-a,2024-04-19T00:00:00+08:00,2024-04-19T23:59:59+08:00,2026-08-24T11:39:56.217004+00:00,https://media.i-sgcm.com/public/new-cars/pricelist/44/2024-04-19.pdf#page=1,SGCarMart archived authorised-dealer price list,Category A,Toyota,Price-list page summary,PDF page 1,168888.0,163888.0,,True,,guaranteed,,"$500 Insurance Subsidy with Hong Leong Finance / Maybank | Pricos aro alter In-house rinance souu, & Insurance Souu, rebate wich are apolicaole only to successtul apolcants min ssuk a Year tonure",,,,,2024-05-08,PROMOTIONS | Borneo Motors reserves the rights to change/remove the Promotions at any time without prior notice.,,,,0.2263748667460964,SGD,"brand_category_pricelist_page_summary; explicit_page_label; price_count=9; price_range=90000.0-187888.0; finance_rate_pct=nan; finance=$500 Insurance Subsidy with Hong Leong Finance / Maybank | Pricos aro alter In-house rinance souu, & Insurance Souu, rebate wich are apolicaole only to successtul apolcants min ssuk a Year tonure; trade_in=nan; sha256=1c2ac65e46e795e755e07b37bc060902e3bf829f32c82697e5608cd9032cd396; retrospective archive reconstruction; date-only available_at is conservatively set to end-of-day."
sgcm-44-2024-05-24-p1-a,2024-05-24T00:00:00+08:00,2024-05-24T23:59:59+08:00,2026-08-24T11:41:16.532557+00:00,https://media.i-sgcm.com/public/new-cars/pricelist/44/2024-05-24.pdf#page=1,SGCarMart archived authorised-dealer price list,Category A,Toyota,Price-list page summary,PDF page 1,170888.0,168888.0,,True,,guaranteed,,Complimentary $500 Petrol Gift Card with Hong Leong Finance / Maybank | Prices are after In-house Finance ($500) & insurance ($500) rebate which are applicable only to successful applicants (min S30K & 1 Year tenure).,,,,,2024-06-05,PROMOTIONS | Bomeo Molors reserves the riohts to chanderremove the Promotions at any time without prior nolicel,,,,0.2247519676728687,SGD,brand_category_pricelist_page_summary; explicit_page_label; price_count=8; price_range=158888.0-186888.0; finance_rate_pct=nan; finance=Complimentary $500 Petrol Gift Card with Hong Leong Finance / Maybank | Prices are after In-house Finance ($500) & insurance ($500) rebate which are applicable only to successful applicants (min S30K & 1 Year tenure).; trade_in=nan; sha256=93a2b390edfccfd86dc78d3ec289ea4d33f87a54557e60b298323fd1699aeb53; retrospective archive reconstruction; date-only available_at is conservatively set to end-of-day.
sgcm-44-2024-07-04-p1-a,2024-07-04T00:00:00+08:00,2024-07-04T23:59:59+08:00,2026-08-24T11:43:03.529346+00:00,https://media.i-sgcm.com/public/new-cars/pricelist/44/2024-07-04.pdf#page=1,SGCarMart archived authorised-dealer price list,Category A,Toyota,Price-list page summary,PDF page 1,166388.0,170888.0,,True,,guaranteed,,Complimentary $500 Petrol Gift Card with Hong Leong Finance / Maybank / OCBC,,,,,,PROMOTIONS | Borneo Motors reserves the rights to change/remove the Promotions at any time without prior notice,,,,0.2121033251819996,SGD,brand_category_pricelist_page_summary; explicit_page_label; price_count=10; price_range=83000.0-185888.0; finance_rate_pct=nan; finance=Complimentary $500 Petrol Gift Card with Hong Leong Finance / Maybank / OCBC; trade_in=nan; sha256=2df8f986fd685d4ed4036876ceaa969ecb210f27c3154171d5d612001ddb0a5f; retrospective archive reconstruction; date-only available_at is conservatively set to end-of-day.
sgcm-44-2024-07-18-p1-a,2024-07-18T00:00:00+08:00,2024-07-18T23:59:59+08:00,2026-08-24T11:43:46.878106+00:00,https://media.i-sgcm.com/public/new-cars/pricelist/44/2024-07-18.pdf#page=1,SGCarMart archived authorised-dealer price list,Category A,Toyota,Price-list page summary,PDF page 1,167388.0,166388.0,,True,,guaranteed,,Prices are after In-house Finance ($500) & insurance ($500) rebate which are appicable only to successful applicants (min S30K & 1 Year tenure).,,,,,2024-08-07,PROMOTIONS | Borneo Motors reserves the riahts to changeremove the Promotions at any time without prior noticel,,,,0.2121033251819996,SGD,brand_category_pricelist_page_summary; explicit_page_label; price_count=10; price_range=83000.0-186888.0; finance_rate_pct=nan; finance=Prices are after In-house Finance ($500) & insurance ($500) rebate which are appicable only to successful applicants (min S30K & 1 Year tenure).; trade_in=nan; sha256=5719f240b09632322dd0f52c6b123ae72f772633722f99ae684da77737187903; retrospective archive reconstruction; date-only available_at is conservatively set to end-of-day.
sgcm-44-2024-08-08-p1-a,2024-08-08T00:00:00+08:00,2024-08-08T23:59:59+08:00,2026-08-24T11:44:29.883922+00:00,https://media.i-sgcm.com/public/new-cars/pricelist/44/2024-08-08.pdf#page=1,SGCarMart archived authorised-dealer price list,Category A,Toyota,Price-list page summary,PDF page 1,169388.0,167388.0,,True,,guaranteed,,Prices are after In-house Finance ($500) & insurance ($500) rebate which are appicable only to successful applicants (min S30K & 1 Year tenure).,,,5900.0,,,PROMOTIONS | Borneo Motors reserves the tiahts to changeremove the Promotions at any time without prior noticel,,,,0.2051896960551843,SGD,brand_category_pricelist_page_summary; explicit_page_label; price_count=10; price_range=85000.0-188888.0; finance_rate_pct=nan; finance=Prices are after In-house Finance ($500) & insurance ($500) rebate which are appicable only to successful applicants (min S30K & 1 Year tenure).; trade_in=nan; sha256=264116e7ce6e7a8b7eb8730c15d014eb8e436a5c2c9dcbcfbf272ee7f9cb9588; retrospective archive reconstruction; date-only available_at is conservatively set to end-of-day.
sgcm-44-2024-08-22-p1-a,2024-08-22T00:00:00+08:00,2024-08-22T23:59:59+08:00,2026-08-24T11:44:51.566511+00:00,https://media.i-sgcm.com/public/new-cars/pricelist/44/2024-08-22.pdf#page=1,SGCarMart archived authorised-dealer price list,Category A,Toyota,Price-list page summary,PDF page 1,169388.0,169388.0,,True,,guaranteed,,Complimentary $500 Petrol Gift Card with Hong Leong Finance / Maybank / OCBC,,,,,2024-09-04,PROMOTIONS | Borneo Motors reserves the rights to change/remove the Promotions at any time without prior notice,,,,0.2051896960551843,SGD,brand_category_pricelist_page_summary; explicit_page_label; price_count=10; price_range=85000.0-188888.0; finance_rate_pct=nan; finance=Complimentary $500 Petrol Gift Card with Hong Leong Finance / Maybank / OCBC; trade_in=nan; sha256=c8eef97513138957ba1e33a734cff774032d332a541a0658900f41e39bb93bba; retrospective archive reconstruction; date-only available_at is conservatively set to end-of-day.
sgcm-44-2024-09-05-p1-a,2024-09-05T00:00:00+08:00,2024-09-05T23:59:59+08:00,2026-08-24T11:45:34.767137+00:00,https://media.i-sgcm.com/public/new-cars/pricelist/44/2024-09-05.pdf#page=1,SGCarMart archived authorised-dealer price list,Category A,Toyota,Price-list page summary,PDF page 1,172388.0,169388.0,,True,,guaranteed,,Complimentary $500 Petrol Gift Card with Hong Leong Finance / Maybank / OCBC,,,,,,PROMOTIONS | Borneo Motors reserves the rights to change/remove the Promotions at any time without prior notice,,,,0.1972222222222222,SGD,brand_category_pricelist_page_summary; explicit_page_label; price_count=10; price_range=88000.0-191888.0; finance_rate_pct=nan; finance=Complimentary $500 Petrol Gift Card with Hong Leong Finance / Maybank / OCBC; trade_in=nan; sha256=cd042798e4325d7e6fdf4773c94d599316d16d631bc480c8e55423c94b2252f3; retrospective archive reconstruction; date-only available_at is conservatively set to end-of-day.
sgcm-44-2024-09-20-p1-a,2024-09-20T00:00:00+08:00,2024-09-20T23:59:59+08:00,2026-08-24T11:46:12.471319+00:00,https://media.i-sgcm.com/public/new-cars/pricelist/44/2024-09-20.pdf#page=1,SGCarMart archived authorised-dealer price list,Category A,Toyota,Price-list page summary,PDF page 1,178888.0,172388.0,,True,,guaranteed,,"Complimentary $800 Petrol Gift Card with Hong Leong Finance / Maybank / OCBC | $1,000 Finance Rebate with In-house Finance Partners",,,,,2024-10-09,PROMOTIONS,,,,0.1972222222222222,SGD,"brand_category_pricelist_page_summary; explicit_page_label; price_count=8; price_range=100800.0-193888.0; finance_rate_pct=nan; finance=Complimentary $800 Petrol Gift Card with Hong Leong Finance / Maybank / OCBC | $1,000 Finance Rebate with In-house Finance Partners; trade_in=nan; sha256=53514b2839db10ff977cebee1cd912103f5a20327296cd9544bbe6d53c844d21; retrospective archive reconstruction; date-only available_at is conservatively set to end-of-day."
sgcm-44-2024-10-10-p1-a,2024-10-10T00:00:00+08:00,2024-10-10T23:59:59+08:00,2026-08-24T11:46:39.460431+00:00,https://media.i-sgcm.com/public/new-cars/pricelist/44/2024-10-10.pdf#page=1,SGCarMart archived authorised-dealer price list,Category A,Toyota,Price-list page summary,PDF page 1,181388.0,178888.0,,True,,guaranteed,,Complimentary $500 Petrol Gift Card with Hong Leong Finance / Maybank / OCBC | Prices are after In-house Finance ($500) & insurance ($500) rebate which are appicable only to successful applicants (min $30K & 1 Year tenure),,,,,,PROMOTIONS | Borneo Motors reserves the rights to change/remove the Promotions at any time without prior notice.,,,,0.1921757717353482,SGD,brand_category_pricelist_page_summary; explicit_page_label; price_count=10; price_range=103799.0-198888.0; finance_rate_pct=nan; finance=Complimentary $500 Petrol Gift Card with Hong Leong Finance / Maybank / OCBC | Prices are after In-house Finance ($500) & insurance ($500) rebate which are appicable only to successful applicants (min $30K & 1 Year tenure); trade_in=nan; sha256=ee9514b170206235df9b1d52e46851bcf58e05d64a177fc76e3e6b43f325ef54; retrospective archive reconstruction; date-only available_at is conservatively set to end-of-day.
sgcm-44-2024-10-24-p1-a,2024-10-24T00:00:00+08:00,2024-10-24T23:59:59+08:00,2026-08-24T11:47:17.077869+00:00,https://media.i-sgcm.com/public/new-cars/pricelist/44/2024-10-24.pdf#page=1,SGCarMart archived authorised-dealer price list,Category A,Toyota,Price-list page summary,PDF page 1,180388.0,181388.0,,True,,guaranteed,,Complimentary $500 Petrol Gift Card with Hong Leong Finance / Maybank / OCBC | Prices are after In-house Finance (5500) & insurance (5500) rebate which are applicable only to successtul applicants (min S30K & 1 Year tenure),,,,,2024-11-06,PROMOTIONS,,,,0.1921757717353482,SGD,brand_category_pricelist_page_summary; explicit_page_label; price_count=10; price_range=94000.0-197888.0; finance_rate_pct=nan; finance=Complimentary $500 Petrol Gift Card with Hong Leong Finance / Maybank / OCBC | Prices are after In-house Finance (5500) & insurance (5500) rebate which are applicable only to successtul applicants (min S30K & 1 Year tenure); trade_in=nan; sha256=f28785af11bf0806f029e1df4735b4e26d9572d6d72a51ee8572280cc3bd5c10; retrospective archive reconstruction; date-only available_at is conservatively set to end-of-day.
sgcm-44-2024-11-07-p1-a,2024-11-07T00:00:00+08:00,2024-11-07T23:59:59+08:00,2026-08-24T11:48:00.496612+00:00,https://media.i-sgcm.com/public/new-cars/pricelist/44/2024-11-07.pdf#page=1,SGCarMart archived authorised-dealer price list,Category A,Toyota,Price-list page summary,PDF page 1,177388.0,180388.0,,True,,guaranteed,,Complimentary $800 Petrol Gift Card with Hong Leong Finance / Maybank / OCBC | Prices are after In-house Finance ($500) & insurance ($500) rebate which are appicable only to successful applicants (min $30K & 1 Year tenure).,,,,,,PROMOTIONS,,,,0.1885974472619826,SGD,brand_category_pricelist_page_summary; explicit_page_label; price_count=10; price_range=91000.0-194888.0; finance_rate_pct=nan; finance=Complimentary $800 Petrol Gift Card with Hong Leong Finance / Maybank / OCBC | Prices are after In-house Finance ($500) & insurance ($500) rebate which are appicable only to successful applicants (min $30K & 1 Year tenure).; trade_in=nan; sha256=ec92358e3d56b177905b10e154a781d2f5fe3a3e061ee02da92215ce90be2c92; retrospective archive reconstruction; date-only available_at is conservatively set to end-of-day.
sgcm-44-2024-11-21-p1-a,2024-11-21T00:00:00+08:00,2024-11-21T23:59:59+08:00,2026-08-24T11:48:32.938850+00:00,https://media.i-sgcm.com/public/new-cars/pricelist/44/2024-11-21.pdf#page=1,SGCarMart archived authorised-dealer price list,Category A,Toyota,Price-list page summary,PDF page 1,171888.0,177388.0,52000.0,True,,guaranteed,,"Complimentary $800 Petrol Gift Card with Hong Leong Finance / Maybank / OCBC | Prices are arter in-house rinance (so0u) & insurance (soud) rebate which are appicable only to successiul appacants (min sson a 1 rear tenure,",,,,,2024-12-04,PROMOTIONS | Borneo Motors reserves the rights to change/remove the Promotions at any time without prior notice.,,,,0.1885974472619826,SGD,"brand_category_pricelist_page_summary; explicit_page_label; price_count=8; price_range=160888.0-186888.0; finance_rate_pct=nan; finance=Complimentary $800 Petrol Gift Card with Hong Leong Finance / Maybank / OCBC | Prices are arter in-house rinance (so0u) & insurance (soud) rebate which are appicable only to successiul appacants (min sson a 1 rear tenure,; trade_in=nan; sha256=0a70cdcfd0e3bd9180f68a16d7fefcf5b27883e427cc32723db007ca6ea4815f; retrospective archive reconstruction; date-only available_at is conservatively set to end-of-day."
sgcm-44-2024-12-05-p1-a,2024-12-05T00:00:00+08:00,2024-12-05T23:59:59+08:00,2026-08-24T11:49:10.699849+00:00,https://media.i-sgcm.com/public/new-cars/pricelist/44/2024-12-05.pdf#page=1,SGCarMart archived authorised-dealer price list,Category A,Toyota,Price-list page summary,PDF page 1,173388.0,171888.0,,True,,guaranteed,,Complimentary $500 Petrol Gift Card with Hong Leong Finance / Maybank / OCBC | Pricos are aftor In-house Finance ($500) & insurance ($500) rebate which aro,,,,,,PROMOTIONS,,,,0.1855786938659867,SGD,brand_category_pricelist_page_summary; explicit_page_label; price_count=10; price_range=86000.0-190888.0; finance_rate_pct=nan; finance=Complimentary $500 Petrol Gift Card with Hong Leong Finance / Maybank / OCBC | Pricos are aftor In-house Finance ($500) & insurance ($500) rebate which aro; trade_in=nan; sha256=8d4f894445b89af3f4382d39ef0d7b63a8f953a6510b83b648cb028dc045d649; retrospective archive reconstruction; date-only available_at is conservatively set to end-of-day.
sgcm-44-2024-12-19-p1-a,2024-12-19T00:00:00+08:00,2024-12-19T23:59:59+08:00,2026-08-24T11:49:37.851300+00:00,https://media.i-sgcm.com/public/new-cars/pricelist/44/2024-12-19.pdf#page=1,SGCarMart archived authorised-dealer price list,Category A,Toyota,Price-list page summary,PDF page 1,172388.0,173388.0,,True,,guaranteed,,Complimentary $500 Petrol Gift Card with Hong Leong Finance / Maybank / OCBC | Pricos are aftor In-house Finance ($500) & insurance ($500) rebate which aro,,,,,2025-01-08,PROMOTIONS,,,,0.1855786938659867,SGD,brand_category_pricelist_page_summary; explicit_page_label; price_count=10; price_range=88000.0-192888.0; finance_rate_pct=nan; finance=Complimentary $500 Petrol Gift Card with Hong Leong Finance / Maybank / OCBC | Pricos are aftor In-house Finance ($500) & insurance ($500) rebate which aro; trade_in=nan; sha256=96981f3af0af552c22d0d5873efa4eec6bfc0502208b489ed6bfa9cfb963bcbd; retrospective archive reconstruction; date-only available_at is conservatively set to end-of-day.
sgcm-44-2025-01-09-p1-a,2025-01-09T00:00:00+08:00,2025-01-09T23:59:59+08:00,2026-08-24T11:50:15.494541+00:00,https://media.i-sgcm.com/public/new-cars/pricelist/44/2025-01-09.pdf#page=1,SGCarMart archived authorised-dealer price list,Category A,Toyota,Price-list page summary,PDF page 1,170388.0,172388.0,,True,,guaranteed,,rices are after In-house Finance ($500) & insurance ($500) rebate which are applicable only to successful applicants (min S30K & 1 Year tenure,,,,,,PROMOTIONS | Bomeo Motors reserves the rights to changeiremove the Promotions at any time without prior noticel,,,,0.1830691274231788,SGD,brand_category_pricelist_page_summary; explicit_page_label; price_count=10; price_range=86000.0-190888.0; finance_rate_pct=nan; finance=rices are after In-house Finance ($500) & insurance ($500) rebate which are applicable only to successful applicants (min S30K & 1 Year tenure; trade_in=nan; sha256=26e06e0c7fa083878c1afc2ec7b31cf102395b109b5d3c6e269077b179ffad8a; retrospective archive reconstruction; date-only available_at is conservatively set to end-of-day.
sgcm-44-2025-01-23-p1-a,2025-01-23T00:00:00+08:00,2025-01-23T23:59:59+08:00,2026-08-24T11:50:47.913653+00:00,https://media.i-sgcm.com/public/new-cars/pricelist/44/2025-01-23.pdf#page=1,SGCarMart archived authorised-dealer price list,Category A,Toyota,Price-list page summary,PDF page 1,169888.0,170388.0,,True,,guaranteed,,"WIO FINANCE | Complimentary $1,000 Petrol Gift Card with Hong Leong Finance / Maybank / OCBC | ricos are after In. louse Finance Rebate (S½.000) which is abolcable only to successtul abolicants (minimum ban 550.00075 Year Tenure",,,,,2025-02-05,PROMOTIONS | Irves the rights to change/remove the Promotions at any time without prior notice.,,,,0.1830691274231788,SGD,"brand_category_pricelist_page_summary; explicit_page_label; price_count=10; price_range=86000.0-190888.0; finance_rate_pct=nan; finance=WIO FINANCE | Complimentary $1,000 Petrol Gift Card with Hong Leong Finance / Maybank / OCBC | ricos are after In. louse Finance Rebate (S½.000) which is abolcable only to successtul abolicants (minimum ban 550.00075 Year Tenure; trade_in=nan; sha256=aa6e61a01dea619d87e0a5f8604ff2f806e9f5e584e85d0637e21f0c339aaa97; retrospective archive reconstruction; date-only available_at is conservatively set to end-of-day."
sgcm-44-2025-02-06-p1-a,2025-02-06T00:00:00+08:00,2025-02-06T23:59:59+08:00,2026-08-24T11:51:03.905212+00:00,https://media.i-sgcm.com/public/new-cars/pricelist/44/2025-02-06.pdf#page=1,SGCarMart archived authorised-dealer price list,Category A,Toyota,Price-list page summary,PDF page 1,165388.0,169888.0,,True,,guaranteed,,WIO FINANCE | Complimentary $500 Petrol Gift Card with Hong Leong Finance / Maybank / OCBC,,,,,,PROMOTIONS | Borneo Motors reserves the rights to change/remove the Promotions at any time without prior notice.,,,,0.1792572151316546,SGD,brand_category_pricelist_page_summary; explicit_page_label; price_count=8; price_range=152888.0-182888.0; finance_rate_pct=nan; finance=WIO FINANCE | Complimentary $500 Petrol Gift Card with Hong Leong Finance / Maybank / OCBC; trade_in=nan; sha256=dd9174a2e7065370af32116fae1418df3103f5f04b43b896f952062487a783b3; retrospective archive reconstruction; date-only available_at is conservatively set to end-of-day.
sgcm-44-2025-02-20-p1-a,2025-02-20T00:00:00+08:00,2025-02-20T23:59:59+08:00,2026-08-24T11:51:36.202638+00:00,https://media.i-sgcm.com/public/new-cars/pricelist/44/2025-02-20.pdf#page=1,SGCarMart archived authorised-dealer price list,Category A,Toyota,Price-list page summary,PDF page 1,169888.0,165388.0,,True,,guaranteed,,"W/O FINANCE | Complimentary $500 Petrol Gift Card with Hong Leong Finance / Maybank / OCBC| | Prices are after In-House Finance Rebate ($2,000) which is appicable only to successful applicants (minimum ban $50,000/ 5 Year Tenure)",,,,,2025-03-05,PROMOTIONS,,,,0.1792572151316546,SGD,"brand_category_pricelist_page_summary; explicit_page_label; price_count=10; price_range=85000.0-190888.0; finance_rate_pct=nan; finance=W/O FINANCE | Complimentary $500 Petrol Gift Card with Hong Leong Finance / Maybank / OCBC| | Prices are after In-House Finance Rebate ($2,000) which is appicable only to successful applicants (minimum ban $50,000/ 5 Year Tenure); trade_in=nan; sha256=f1b9fe18f111fb043f9c06cc400008e6c0e94bd8468db2067a7837c8e0bc0ca2; retrospective archive reconstruction; date-only available_at is conservatively set to end-of-day."
sgcm-44-2025-03-06-p1-a,2025-03-06T00:00:00+08:00,2025-03-06T23:59:59+08:00,2026-08-24T11:52:19.624799+00:00,https://media.i-sgcm.com/public/new-cars/pricelist/44/2025-03-06.pdf#page=1,SGCarMart archived authorised-dealer price list,Category A,Toyota,Price-list page summary,PDF page 1,169888.0,169888.0,,True,,guaranteed,,W/O FINANCE | Complimentary $500 Petrol Gift Card with Hong Leong Finance / Maybank / OCBC | rices are altar In-Housa Finance Robata (Sy.000) which is asoicable only to successtul acclicants (minimum ban S50.000 5 Year Tenure,,,,,,PROMOTIONS,,,,0.1750650737502503,SGD,brand_category_pricelist_page_summary; explicit_page_label; price_count=10; price_range=85000.0-188888.0; finance_rate_pct=nan; finance=W/O FINANCE | Complimentary $500 Petrol Gift Card with Hong Leong Finance / Maybank / OCBC | rices are altar In-Housa Finance Robata (Sy.000) which is asoicable only to successtul acclicants (minimum ban S50.000 5 Year Tenure; trade_in=nan; sha256=dfcef7773b6c0fa47274248ff8fd1e719dbf769c13543290e9d19008b2682a67; retrospective archive reconstruction; date-only available_at is conservatively set to end-of-day.
sgcm-44-2025-03-20-p1-a,2025-03-20T00:00:00+08:00,2025-03-20T23:59:59+08:00,2026-08-24T11:52:57.744096+00:00,https://media.i-sgcm.com/public/new-cars/pricelist/44/2025-03-20.pdf#page=1,SGCarMart archived authorised-dealer price list,Category A,Toyota,Price-list page summary,PDF page 1,174888.0,169888.0,,True,,guaranteed,,"W/O FINANCE | Complimentary $1,000 Takashimaya Voucher with Hong Leong Finance (Sienta only) | Complimentary $1,000 Petrol Gift Card with Hong Leong Finance (Yaris Cross & Corolla Altis) | Prices are after In-House Finance Rebate ($2,000) which is appicable only to successful applicants (minimum an $50,000/ 5 Year Tenure)",,,,,2025-04-09,PROMOTIONS | bomeo motors reserves the monts to chanceremove the Promotions at any time without prior notce),,,,0.1750650737502503,SGD,"brand_category_pricelist_page_summary; explicit_page_label; price_count=12; price_range=86000.0-188888.0; finance_rate_pct=nan; finance=W/O FINANCE | Complimentary $1,000 Takashimaya Voucher with Hong Leong Finance (Sienta only) | Complimentary $1,000 Petrol Gift Card with Hong Leong Finance (Yaris Cross & Corolla Altis) | Prices are after In-House Finance Rebate ($2,000) which is appicable only to successful applicants (minimum an $50,000/ 5 Year Tenure); trade_in=nan; sha256=bd6a1530371146138fad23c0df181365d4c306b50d19036ed393be1cf8ad5e7e; retrospective archive reconstruction; date-only available_at is conservatively set to end-of-day."
sgcm-44-2025-04-10-p1-a,2025-04-10T00:00:00+08:00,2025-04-10T23:59:59+08:00,2026-08-24T11:53:40.867343+00:00,https://media.i-sgcm.com/public/new-cars/pricelist/44/2025-04-10.pdf#page=1,SGCarMart archived authorised-dealer price list,Category A,Toyota,Price-list page summary,PDF page 1,177888.0,174888.0,,True,,guaranteed,,"WIO FINANCE | Complimentary $500 Petrol Gift Card with Hong Leong Finance / Maybank / OCBC | Prices are after In-House Finance Rebate (S2,000) which is applicable onty to successful applicants (minimum ban $50,000/ 5 Year Tenure) |",,,,,,PROMOTIONS,,,,0.1737886136234543,SGD,"brand_category_pricelist_page_summary; explicit_page_label; price_count=10; price_range=164888.0-186888.0; finance_rate_pct=nan; finance=WIO FINANCE | Complimentary $500 Petrol Gift Card with Hong Leong Finance / Maybank / OCBC | Prices are after In-House Finance Rebate (S2,000) which is applicable onty to successful applicants (minimum ban $50,000/ 5 Year Tenure) |; trade_in=nan; sha256=f5c427d97d5b43ed2f9141fd72ac3f307fa6dc2111763d7cc3af86b6a933cc46; retrospective archive reconstruction; date-only available_at is conservatively set to end-of-day."
sgcm-44-2025-04-24-p1-a,2025-04-24T00:00:00+08:00,2025-04-24T23:59:59+08:00,2026-08-24T11:54:02.471283+00:00,https://media.i-sgcm.com/public/new-cars/pricelist/44/2025-04-24.pdf#page=1,SGCarMart archived authorised-dealer price list,Category A,Toyota,Price-list page summary,PDF page 1,181888.0,177888.0,,True,,guaranteed,,"WIO FINANCE | Complimentary $1,000 Petrol Gift Card with Hong Leong Finance / OCBC | Prices are alter In- Mouse Finance Rebate is/.000) which is abolcable only to successtul aocl cants (minimum loan 550.00075 Year Tenure",,,,,2025-05-07,PROMOTIONS,,,,0.1737886136234543,SGD,"brand_category_pricelist_page_summary; explicit_page_label; price_count=10; price_range=166888.0-190888.0; finance_rate_pct=nan; finance=WIO FINANCE | Complimentary $1,000 Petrol Gift Card with Hong Leong Finance / OCBC | Prices are alter In- Mouse Finance Rebate is/.000) which is abolcable only to successtul aocl cants (minimum loan 550.00075 Year Tenure; trade_in=nan; sha256=40ba31893d890daf8f4957b59fe6c297bac4db0bef221ddc9c8d843a2fe0963c; retrospective archive reconstruction; date-only available_at is conservatively set to end-of-day."
sgcm-44-2025-05-08-p1-a,2025-05-08T00:00:00+08:00,2025-05-08T23:59:59+08:00,2026-08-24T11:54:34.626448+00:00,https://media.i-sgcm.com/public/new-cars/pricelist/44/2025-05-08.pdf#page=1,SGCarMart archived authorised-dealer price list,Category A,Toyota,Price-list page summary,PDF page 1,184888.0,181888.0,,True,,guaranteed,,"W/O FINANCE | Complimentary $500 Petrol Gift Card with minimum $80,000 loan for 5 to 7 years (Hong Leong Finance / | Prices are alter In-house rinance Kebate (sc.000) wich is abbicable only to succes stul apolicants tri",,,,,,PROMOTIONS,,,,0.1713168075036199,SGD,"brand_category_pricelist_page_summary; explicit_page_label; price_count=9; price_range=170888.0-194888.0; finance_rate_pct=nan; finance=W/O FINANCE | Complimentary $500 Petrol Gift Card with minimum $80,000 loan for 5 to 7 years (Hong Leong Finance / | Prices are alter In-house rinance Kebate (sc.000) wich is abbicable only to succes stul apolicants tri; trade_in=nan; sha256=43b6fbebdf4ca3104c3f5c1b74a003cac021bde5dd28a6eae0dfbff7f5906089; retrospective archive reconstruction; date-only available_at is conservatively set to end-of-day."
sgcm-44-2025-05-22-p1-a,2025-05-22T00:00:00+08:00,2025-05-22T23:59:59+08:00,2026-08-24T11:55:12.441086+00:00,https://media.i-sgcm.com/public/new-cars/pricelist/44/2025-05-22.pdf#page=1,SGCarMart archived authorised-dealer price list,Category A,Toyota,Price-list page summary,PDF page 1,184888.0,184888.0,,True,,guaranteed,,"W/O FINANCE | Complimentary $500 Petrol Gift Card with minimum $80,000 loan for 5 to 7 years (Hong Leong Finance / | nices are alter In-house rinance Kebate (sc.u00) wich is abolcable only to succes stul apolicants tri",,,,,2025-06-04,PROMOTIONS,,,,0.1713168075036199,SGD,"brand_category_pricelist_page_summary; explicit_page_label; price_count=9; price_range=170888.0-194888.0; finance_rate_pct=nan; finance=W/O FINANCE | Complimentary $500 Petrol Gift Card with minimum $80,000 loan for 5 to 7 years (Hong Leong Finance / | nices are alter In-house rinance Kebate (sc.u00) wich is abolcable only to succes stul apolicants tri; trade_in=nan; sha256=7450f3e488ada312ce8fa846a42170a20f70dd81042c46eb3d8447e34a9b40d5; retrospective archive reconstruction; date-only available_at is conservatively set to end-of-day."
sgcm-44-2025-06-05-p1-a,2025-06-05T00:00:00+08:00,2025-06-05T23:59:59+08:00,2026-08-24T11:55:39.312406+00:00,https://media.i-sgcm.com/public/new-cars/pricelist/44/2025-06-05.pdf#page=1,SGCarMart archived authorised-dealer price list,Category A,Toyota,Price-list page summary,PDF page 1,179888.0,184888.0,,True,,guaranteed,,"W/O FINANCE | Complimentary $500 Petrol Gift Card with minimum $80,000 loan for 5 to 7 years (Hong Leong Finance / | Prices are after In-House Finance Rebate ($2,000) which is applicable only to successful applicants (minimum loan $50,000/ 5 Year Tenure",,,,,,PROMOTIONS,,,,0.168896461777946,SGD,"brand_category_pricelist_page_summary; explicit_page_label; price_count=11; price_range=96999.0-189888.0; finance_rate_pct=nan; finance=W/O FINANCE | Complimentary $500 Petrol Gift Card with minimum $80,000 loan for 5 to 7 years (Hong Leong Finance / | Prices are after In-House Finance Rebate ($2,000) which is applicable only to successful applicants (minimum loan $50,000/ 5 Year Tenure; trade_in=nan; sha256=f5316a8dad97adb416eff2531da0db4cd4b72a194d3d5db65a0ad7a00377b59b; retrospective archive reconstruction; date-only available_at is conservatively set to end-of-day."
sgcm-44-2025-06-19-p1-a,2025-06-19T00:00:00+08:00,2025-06-19T23:59:59+08:00,2026-08-24T11:56:11.586640+00:00,https://media.i-sgcm.com/public/new-cars/pricelist/44/2025-06-19.pdf#page=1,SGCarMart archived authorised-dealer price list,Category A,Toyota,Price-list page summary,PDF page 1,180888.0,179888.0,,True,,guaranteed,,"W/O FINANCE | Complimentary $500 Petrol Gift Card with minimum $80,000 loan for 5 to 7 years (Hong Leong Finance / | noos are alter In-House rinance Kebate (z.uuu) which is applicabk only to successtul apolican's (mnimum loan 390.00075 Year lenuro",,,,,2025-07-09,PROMOTIONS | Borneo Motors resarves the rights to change/remove the Promotions at any time without prior notice.,,,,0.168896461777946,SGD,"brand_category_pricelist_page_summary; explicit_page_label; price_count=11; price_range=95000.0-190888.0; finance_rate_pct=nan; finance=W/O FINANCE | Complimentary $500 Petrol Gift Card with minimum $80,000 loan for 5 to 7 years (Hong Leong Finance / | noos are alter In-House rinance Kebate (z.uuu) which is applicabk only to successtul apolican's (mnimum loan 390.00075 Year lenuro; trade_in=nan; sha256=0d2ab987e944cbe663f55b4c3515d468e070ee760a5808dc2451d3a0cfe6772d; retrospective archive reconstruction; date-only available_at is conservatively set to end-of-day."
sgcm-44-2025-07-11-p1-a,2025-07-11T00:00:00+08:00,2025-07-11T23:59:59+08:00,2026-08-24T11:57:00.152640+00:00,https://media.i-sgcm.com/public/new-cars/pricelist/44/2025-07-11.pdf#page=1,SGCarMart archived authorised-dealer price list,Category A,Toyota,Price-list page summary,PDF page 1,183888.0,180888.0,,True,,guaranteed,,"W/O FINANCE | Complimentary $500 Petrol Gift Card with minimum $80,000 loan for 5 to 7 years (Hong Leong Finance / | Prices are alter In-Mouse Finance Rebate (S2.000) wnich is abolicable only to successtul abolicants mn mum loan 550.000%5 Year Tenurel",,,,,2025-07-23,PROMOTIONS | reserves the rights to change/remove the Promotions at any time without prior notice.,,,,0.1688325103815879,SGD,"brand_category_pricelist_page_summary; explicit_page_label; price_count=11; price_range=101102.0-193888.0; finance_rate_pct=550.0; finance=W/O FINANCE | Complimentary $500 Petrol Gift Card with minimum $80,000 loan for 5 to 7 years (Hong Leong Finance / | Prices are alter In-Mouse Finance Rebate (S2.000) wnich is abolicable only to successtul abolicants mn mum loan 550.000%5 Year Tenurel; trade_in=nan; sha256=f05c9ce37a73834c8694a61c6ec9cf0e78ced548fcd457f56bc7b695d19bfec7; retrospective archive reconstruction; date-only available_at is conservatively set to end-of-day."
sgcm-44-2025-07-14-p1-a,2025-07-14T00:00:00+08:00,2025-07-14T23:59:59+08:00,2026-08-24T11:57:10.883470+00:00,https://media.i-sgcm.com/public/new-cars/pricelist/44/2025-07-14.pdf#page=1,SGCarMart archived authorised-dealer price list,Category A,Toyota,Price-list page summary,PDF page 1,183888.0,183888.0,,True,,guaranteed,,"W/O FINANCE | Complimentary $500 Petrol Gift Card with minimum $80,000 loan for 5 to 7 years (Hong Leong Finance / | Prices are alter In-Mouse Finance Rebate (S2.000) wnich is abolicable only to successtul abolicants mn mum loan 550.000%5 Year Tenurel",,,,,2025-07-23,PROMOTIONS | reserves the rights to change/remove the Promotions at any time without prior notice.,,,,0.1688325103815879,SGD,"brand_category_pricelist_page_summary; explicit_page_label; price_count=11; price_range=101102.0-193888.0; finance_rate_pct=550.0; finance=W/O FINANCE | Complimentary $500 Petrol Gift Card with minimum $80,000 loan for 5 to 7 years (Hong Leong Finance / | Prices are alter In-Mouse Finance Rebate (S2.000) wnich is abolicable only to successtul abolicants mn mum loan 550.000%5 Year Tenurel; trade_in=nan; sha256=a1c7a2927ffdde32afc01e5838a31c02b1d021e00c56bddcadefa03449dc1816; retrospective archive reconstruction; date-only available_at is conservatively set to end-of-day."
sgcm-44-2025-07-24-p1-a,2025-07-24T00:00:00+08:00,2025-07-24T23:59:59+08:00,2026-08-24T11:57:32.506175+00:00,https://media.i-sgcm.com/public/new-cars/pricelist/44/2025-07-24.pdf#page=1,SGCarMart archived authorised-dealer price list,Category A,Toyota,Price-list page summary,PDF page 1,183888.0,183888.0,,True,,guaranteed,,"W/O FINANCE | Complimentary $500 Petrol Gift Card with minimum $80,000 loan for 5 to 7 years (Hong Leong Finance /",,,,,2025-08-06,PROMOTIONS | Borneo Motors reserves the rights to change/remove the Promotions al any time without prior notice,,,,0.1688325103815879,SGD,"brand_category_pricelist_page_summary; explicit_page_label; price_count=11; price_range=101102.0-193888.0; finance_rate_pct=nan; finance=W/O FINANCE | Complimentary $500 Petrol Gift Card with minimum $80,000 loan for 5 to 7 years (Hong Leong Finance /; trade_in=nan; sha256=ced58940e0d13d406131138e8433f7a4a19dc1778acb529003419b5e729259d8; retrospective archive reconstruction; date-only available_at is conservatively set to end-of-day."
sgcm-44-2025-07-28-p1-a,2025-07-28T00:00:00+08:00,2025-07-28T23:59:59+08:00,2026-08-24T11:57:48.887940+00:00,https://media.i-sgcm.com/public/new-cars/pricelist/44/2025-07-28.pdf#page=1,SGCarMart archived authorised-dealer price list,Category A,Toyota,Price-list page summary,PDF page 1,183888.0,183888.0,,True,,guaranteed,,W/O FINANCE,,,,,2025-08-06,PROMOTIONS | bomeo motors reserves the nants to change/remove the Promotions at any ume without pror notce),,,,0.1688325103815879,SGD,brand_category_pricelist_page_summary; explicit_page_label; price_count=11; price_range=101102.0-193888.0; finance_rate_pct=nan; finance=W/O FINANCE; trade_in=nan; sha256=585371ff32aa68f319e861204e1a94ab4ee249827548dde90bb6ac75c9853f0a; retrospective archive reconstruction; date-only available_at is conservatively set to end-of-day.
sgcm-44-2025-08-07-p1-a,2025-08-07T00:00:00+08:00,2025-08-07T23:59:59+08:00,2026-08-24T11:58:16.097387+00:00,https://media.i-sgcm.com/public/new-cars/pricelist/44/2025-08-07.pdf#page=1,SGCarMart archived authorised-dealer price list,Category A,Toyota,Price-list page summary,PDF page 1,184888.0,183888.0,,True,,guaranteed,,"W/O FINANCE | Complimentary $500 Petrol Gift Card with minimum $80,000 loan for 5 years (Hong Leong Finance / Maybank / | Prices are after In-House Finance Rebate ($2,000) which is applicable only to successful applicants (minimum loan $30,000/ 5 Year Tenure) |",,,,,2025-08-20,PROMOTIONS | Borneo Motors reserves the rights to change/remove the Promotions al any time without prior notice,,,,0.1679223000488679,SGD,"brand_category_pricelist_page_summary; explicit_page_label; price_count=11; price_range=102009.0-194888.0; finance_rate_pct=nan; finance=W/O FINANCE | Complimentary $500 Petrol Gift Card with minimum $80,000 loan for 5 years (Hong Leong Finance / Maybank / | Prices are after In-House Finance Rebate ($2,000) which is applicable only to successful applicants (minimum loan $30,000/ 5 Year Tenure) |; trade_in=nan; sha256=edfd8901004b932456a68eb40678a4e93d86ff1c1476a70ec725414d60a99f22; retrospective archive reconstruction; date-only available_at is conservatively set to end-of-day."
sgcm-44-2025-08-21-p1-a,2025-08-21T00:00:00+08:00,2025-08-21T23:59:59+08:00,2026-08-24T11:58:43.330933+00:00,https://media.i-sgcm.com/public/new-cars/pricelist/44/2025-08-21.pdf#page=1,SGCarMart archived authorised-dealer price list,Category A,Toyota,Price-list page summary,PDF page 1,187888.0,184888.0,,True,,guaranteed,,"W/O FINANCE | Complimentary $500 Petrol Gift Card with minimum $80,000 loan for 5 years (Hong Leong Finance / Maybank / | Prices are after In-House Finance Rebate ($2,000) which is applicable only to successful applicants (minimum ban $30,000/ 5 Year Tenure)",,,,,2025-09-03,PROMOTIONS | Borneo Motors reserves the rights to change/remove the Promotions at any time without prior notice.,,,,0.1679223000488679,SGD,"brand_category_pricelist_page_summary; explicit_page_label; price_count=11; price_range=104524.0-197888.0; finance_rate_pct=nan; finance=W/O FINANCE | Complimentary $500 Petrol Gift Card with minimum $80,000 loan for 5 years (Hong Leong Finance / Maybank / | Prices are after In-House Finance Rebate ($2,000) which is applicable only to successful applicants (minimum ban $30,000/ 5 Year Tenure); trade_in=nan; sha256=25ee0688c2d588748cb3c08e5dd67c62176a050567df62a54ab21d3a64e0f18f; retrospective archive reconstruction; date-only available_at is conservatively set to end-of-day."
sgcm-44-2025-09-04-p1-a,2025-09-04T00:00:00+08:00,2025-09-04T23:59:59+08:00,2026-08-24T11:59:21.126213+00:00,https://media.i-sgcm.com/public/new-cars/pricelist/44/2025-09-04.pdf#page=1,SGCarMart archived authorised-dealer price list,Category A,Toyota,Price-list page summary,PDF page 1,190888.0,187888.0,,True,,guaranteed,,"W/O FINANCE | Complimentary $500 Petrol Gift Card with minimum $80,000 loan for 5 years (Hong Leong Finance / Maybank /",,,,,2025-09-07,PROMOTIONS,,,,0.1664023447694377,SGD,"brand_category_pricelist_page_summary; explicit_page_label; price_count=11; price_range=107889.0-200888.0; finance_rate_pct=nan; finance=W/O FINANCE | Complimentary $500 Petrol Gift Card with minimum $80,000 loan for 5 years (Hong Leong Finance / Maybank /; trade_in=nan; sha256=8d8c6d99f3796f978e459928cb14c4999f56b8295d90de79965a4d963ea0fb76; retrospective archive reconstruction; date-only available_at is conservatively set to end-of-day."
sgcm-44-2025-09-08-p1-a,2025-09-08T00:00:00+08:00,2025-09-08T23:59:59+08:00,2026-08-24T11:59:37.332957+00:00,https://media.i-sgcm.com/public/new-cars/pricelist/44/2025-09-08.pdf#page=1,SGCarMart archived authorised-dealer price list,Category A,Toyota,Price-list page summary,PDF page 1,191888.0,190888.0,,True,,guaranteed,,"W/O FINANCE | Complimentary $500 Petrol Gift Card with minimum $80,000 loan for 5 years (Hong Leong Finance / Maybank / | noes are after In-House rinance Kebate co0) which is applicabl only to successtul apolican's mn mum loan 380.00075 Year lenurd",,,,,2025-09-17,PROMOTIONS | Borneo Motors reserves the rights to change/remove the Promotions at any time without prior notice.,,,,0.1664023447694377,SGD,"brand_category_pricelist_page_summary; explicit_page_label; price_count=10; price_range=176888.0-200888.0; finance_rate_pct=nan; finance=W/O FINANCE | Complimentary $500 Petrol Gift Card with minimum $80,000 loan for 5 years (Hong Leong Finance / Maybank / | noes are after In-House rinance Kebate co0) which is applicabl only to successtul apolican's mn mum loan 380.00075 Year lenurd; trade_in=nan; sha256=2160f07ebd3b39349c52779be366504eeaebca09455b9ea1aaad7884385cf8e8; retrospective archive reconstruction; date-only available_at is conservatively set to end-of-day."
sgcm-44-2025-09-18-p1-a,2025-09-18T00:00:00+08:00,2025-09-18T23:59:59+08:00,2026-08-24T11:59:59.035982+00:00,https://media.i-sgcm.com/public/new-cars/pricelist/44/2025-09-18.pdf#page=1,SGCarMart archived authorised-dealer price list,Category A,Toyota,Price-list page summary,PDF page 1,203888.0,191888.0,,True,,guaranteed,,"W/O FINANCE | Additional $2,000 Finance Rebate (Minimum Loan $80,000/ 5 Year Tenure) | Prices are after In-House Finance Rebate ($2,000) which is applicable only to successful applicants (minimum loan $30,000/ 5 Year Tenure)",,,,,2025-10-08,PROMOTIONS | Borneo Motors reserves the rights to change/remove the Promotions al any time without prior notice.,,,,0.1664023447694377,SGD,"brand_category_pricelist_page_summary; explicit_page_label; price_count=10; price_range=188888.0-212888.0; finance_rate_pct=nan; finance=W/O FINANCE | Additional $2,000 Finance Rebate (Minimum Loan $80,000/ 5 Year Tenure) | Prices are after In-House Finance Rebate ($2,000) which is applicable only to successful applicants (minimum loan $30,000/ 5 Year Tenure); trade_in=nan; sha256=f8ee6edf7346b60a1dad8d3151b7cc5878e41ae117cbd04314436d5031bcc773; retrospective archive reconstruction; date-only available_at is conservatively set to end-of-day."
sgcm-44-2025-10-09-p1-a,2025-10-09T00:00:00+08:00,2025-10-09T23:59:59+08:00,2026-08-24T12:00:42.839252+00:00,https://media.i-sgcm.com/public/new-cars/pricelist/44/2025-10-09.pdf#page=1,SGCarMart archived authorised-dealer price list,Category A,Toyota,Price-list page summary,PDF page 1,211888.0,203888.0,,True,,guaranteed,,"W/O FINANCE | Prices are after In-House Finance Rebate ($2,000) which is applicable only to successful applicants (minimum loan $30,000/ 5 Year Tenure)",,"Up to $5,000 Trade-In Incentive",,,2025-10-23,PROMOTIONS | Borneo Motors reserves the rights to change/remove the Promotions at any time without prior notice.,,,,0.1626250198444197,SGD,"brand_category_pricelist_page_summary; explicit_page_label; price_count=11; price_range=128105.0-221888.0; finance_rate_pct=nan; finance=W/O FINANCE | Prices are after In-House Finance Rebate ($2,000) which is applicable only to successful applicants (minimum loan $30,000/ 5 Year Tenure); trade_in=Up to $5,000 Trade-In Incentive; sha256=a459aca98fc3f09745388b10c743e905e0760707c0c17f536b38e47d6151be95; retrospective archive reconstruction; date-only available_at is conservatively set to end-of-day."
sgcm-44-2025-10-24-p1-a,2025-10-24T00:00:00+08:00,2025-10-24T23:59:59+08:00,2026-08-24T12:01:09.878522+00:00,https://media.i-sgcm.com/public/new-cars/pricelist/44/2025-10-24.pdf#page=1,SGCarMart archived authorised-dealer price list,Category A,Toyota,Price-list page summary,PDF page 1,207888.0,211888.0,,True,,guaranteed,,"W/O FINANCE | Pnoes are atter In-house rinance Kevate de ow, which is appicab only to successrul apolicans ma mum oan sou,woro vear lenure",,,,,2025-11-05,PROMOTIONS | Bomeo Motors reserves the rights to change/remove the Promotions at any time without prior notice.,,,,0.1626250198444197,SGD,"brand_category_pricelist_page_summary; explicit_page_label; price_count=9; price_range=191888.0-215888.0; finance_rate_pct=nan; finance=W/O FINANCE | Pnoes are atter In-house rinance Kevate de ow, which is appicab only to successrul apolicans ma mum oan sou,woro vear lenure; trade_in=nan; sha256=f0571abd32684efd93a95105aeffddea0afbdbf4f442ca04c52fa2ce180fd734; retrospective archive reconstruction; date-only available_at is conservatively set to end-of-day."
sgcm-44-2025-11-06-p1-a,2025-11-06T00:00:00+08:00,2025-11-06T23:59:59+08:00,2026-08-24T12:01:47.856847+00:00,https://media.i-sgcm.com/public/new-cars/pricelist/44/2025-11-06.pdf#page=1,SGCarMart archived authorised-dealer price list,Category A,Toyota,Price-list page summary,PDF page 1,189888.0,207888.0,,True,4.0,mixed guaranteed and non-guaranteed packages,,"$2,000 In-house Finance Discount | 2. In-house Finance Discount is only applicable to approved loans of minimum $80,000 for 5 year loan tenure.",,,2000.0,,2025-11-19,EXCLUSIVE ROADSHOW OFFERS | 7.Borneo Motors reserves the right to change/ remove the Promotion at any time without prior notice. |,EXCLUSIVE ROADSHOW OFFERS | 7.Borneo Motors reserves the right to change/ remove the Promotion at any time without prior notice. |,2025-11-06,2025-11-19,0.1573192516833199,SGD,"brand_category_pricelist_page_summary; explicit_page_label; price_count=15; price_range=95000.0-206888.0; finance_rate_pct=nan; finance=$2,000 In-house Finance Discount | 2. In-house Finance Discount is only applicable to approved loans of minimum $80,000 for 5 year loan tenure.; trade_in=nan; sha256=c0ec9605dc8b528c9dc2571f1f09be46b489911f793384624401ff76cbaf7e57; retrospective archive reconstruction; date-only available_at is conservatively set to end-of-day."
sgcm-44-2025-11-07-p1-a,2025-11-07T00:00:00+08:00,2025-11-07T23:59:59+08:00,2026-08-24T12:01:53.214605+00:00,https://media.i-sgcm.com/public/new-cars/pricelist/44/2025-11-07.pdf#page=1,SGCarMart archived authorised-dealer price list,Category A,Toyota,Price-list page summary,PDF page 1,189888.0,189888.0,,True,4.0,mixed guaranteed and non-guaranteed packages,,"$2,000 In-house Finance Discount | 2. In-house Finance Discount is only applicable to approved loans of minimum $80,000 for 5 year loan tenure.",,,2000.0,,2025-11-19,EXCLUSIVE ROADSHOW OFFERS | 7.Borneo Motors reserves the right to change/ remove the Promotion at any time without prior notice. |,EXCLUSIVE ROADSHOW OFFERS | 7.Borneo Motors reserves the right to change/ remove the Promotion at any time without prior notice. |,2025-11-06,2025-11-19,0.1573192516833199,SGD,"brand_category_pricelist_page_summary; explicit_page_label; price_count=15; price_range=95000.0-206888.0; finance_rate_pct=nan; finance=$2,000 In-house Finance Discount | 2. In-house Finance Discount is only applicable to approved loans of minimum $80,000 for 5 year loan tenure.; trade_in=nan; sha256=a1fec9152b5b08c1baf2b2af748bdf18c4750d0cad41da781e30bd838a4bfb44; retrospective archive reconstruction; date-only available_at is conservatively set to end-of-day."
sgcm-44-2025-11-20-p1-a,2025-11-20T00:00:00+08:00,2025-11-20T23:59:59+08:00,2026-08-24T12:02:31.060183+00:00,https://media.i-sgcm.com/public/new-cars/pricelist/44/2025-11-20.pdf#page=1,SGCarMart archived authorised-dealer price list,Category A,Toyota,Price-list page summary,PDF page 1,188888.0,189888.0,,True,4.0,mixed guaranteed and non-guaranteed packages,,"$2,000 In-house Finance Discount | 2. In-house Finance Discount is only applicable to approved loans of minimum $80,000 for 5 year loan tenure.",,,2000.0,,2025-12-03,EXCLUSIVE ROADSHOW OFFERS | 7.Borneo Motors reserves the right to change/ remove the Promotion at any time without prior notice.,EXCLUSIVE ROADSHOW OFFERS | 7.Borneo Motors reserves the right to change/ remove the Promotion at any time without prior notice.,2025-11-20,2025-12-03,0.1573192516833199,SGD,"brand_category_pricelist_page_summary; explicit_page_label; price_count=15; price_range=94000.0-207888.0; finance_rate_pct=nan; finance=$2,000 In-house Finance Discount | 2. In-house Finance Discount is only applicable to approved loans of minimum $80,000 for 5 year loan tenure.; trade_in=nan; sha256=52709c8595cdf8b001e91af2f7b26368de70e5ebfffdea27fefcf60413f5b8cc; retrospective archive reconstruction; date-only available_at is conservatively set to end-of-day."
sgcm-44-2025-12-04-p1-a,2025-12-04T00:00:00+08:00,2025-12-04T23:59:59+08:00,2026-08-24T12:02:58.854464+00:00,https://media.i-sgcm.com/public/new-cars/pricelist/44/2025-12-04.pdf#page=1,SGCarMart archived authorised-dealer price list,Category A,Toyota,Price-list page summary,PDF page 1,185888.0,188888.0,,True,4.0,mixed guaranteed and non-guaranteed packages,,"$2,000 In-house Finance Discount| | n-house Finance Discount is only applicable to approved loans of minimum $80,000 tor 5 year loan tenu",,,2000.0,,,7.Borneo Motors reserves the right to change/ remove the Promotion at any time without prior notice.,,,,0.1517687995360525,SGD,"brand_category_pricelist_page_summary; explicit_page_label; price_count=15; price_range=90000.0-202888.0; finance_rate_pct=nan; finance=$2,000 In-house Finance Discount| | n-house Finance Discount is only applicable to approved loans of minimum $80,000 tor 5 year loan tenu; trade_in=nan; sha256=a9dc200b20e4b907e72e5de2a419fc86a01e7921af792eeabdc25afaaedc17dc; retrospective archive reconstruction; date-only available_at is conservatively set to end-of-day."
sgcm-44-2025-12-18-p1-a,2025-12-18T00:00:00+08:00,2025-12-18T23:59:59+08:00,2026-08-24T12:03:36.831816+00:00,https://media.i-sgcm.com/public/new-cars/pricelist/44/2025-12-18.pdf#page=1,SGCarMart archived authorised-dealer price list,Category A,Toyota,Price-list page summary,PDF page 1,196888.0,185888.0,,True,4.0,mixed guaranteed and non-guaranteed packages,,"$2,000 In-house Finance Discount | !. In-house Finance Discount is only applicable to approved loans of minimum $100,000 for 7 vear loan tenure",,,2000.0,,2026-01-07,7.Borneo Motors reserves the right to change/ remove the Promotion at any time without prior notice.,,,,0.1517687995360525,SGD,"brand_category_pricelist_page_summary; explicit_page_label; price_count=15; price_range=94000.0-210888.0; finance_rate_pct=nan; finance=$2,000 In-house Finance Discount | !. In-house Finance Discount is only applicable to approved loans of minimum $100,000 for 7 vear loan tenure; trade_in=nan; sha256=8a960dec7df8c6785c0cd4a85a3bc83662cda3988e5846f1c561c832d0ef46ad; retrospective archive reconstruction; date-only available_at is conservatively set to end-of-day."
sgcm-44-2026-01-22-p1-a,2026-01-22T00:00:00+08:00,2026-01-22T23:59:59+08:00,2026-08-24T12:05:14.893624+00:00,https://media.i-sgcm.com/public/new-cars/pricelist/44/2026-01-22.pdf#page=1,SGCarMart archived authorised-dealer price list,Category A,Toyota,Price-list page summary,PDF page 1,196888.0,196888.0,,True,4.0,mixed guaranteed and non-guaranteed packages,,"$2,000 In-house Finance Discount | 2. In-house Finance Discount is only applicable to approved loans of minimum $100,000 for 7 year loan tenure",,,2000.0,,2026-02-04,7.Borneo Motors reserves the right to change/ remove the Promotion at any time without prior notice.,,,,0.1417289950263867,SGD,"brand_category_pricelist_page_summary; explicit_page_label; price_count=18; price_range=98000.0-211888.0; finance_rate_pct=nan; finance=$2,000 In-house Finance Discount | 2. In-house Finance Discount is only applicable to approved loans of minimum $100,000 for 7 year loan tenure; trade_in=nan; sha256=cf562c7039e35fa7e73520d4aeda7191bb23b7c266bee13f0087f7a86b49f5e2; retrospective archive reconstruction; date-only available_at is conservatively set to end-of-day."
sgcm-44-2026-02-05-p1-a,2026-02-05T00:00:00+08:00,2026-02-05T23:59:59+08:00,2026-08-24T12:05:47.184580+00:00,https://media.i-sgcm.com/public/new-cars/pricelist/44/2026-02-05.pdf#page=1,SGCarMart archived authorised-dealer price list,Category A,Toyota,Price-list page summary,PDF page 1,188888.0,196888.0,,True,4.0,mixed guaranteed and non-guaranteed packages,,"52.000 In-house Finance Discounti | 2. In-house Finance Discount is only applicable to approved loans of minimum $80,000 for 5 year loan tenure",,,,,,7.Borneo Motors reserves the right to change/ remove the Promotion at any time without prior notice,,,,0.1443926181301967,SGD,"brand_category_pricelist_page_summary; explicit_page_label; price_count=19; price_range=80000.0-204888.0; finance_rate_pct=nan; finance=52.000 In-house Finance Discounti | 2. In-house Finance Discount is only applicable to approved loans of minimum $80,000 for 5 year loan tenure; trade_in=nan; sha256=6b8af3dcdf3ac31c97535a03d1711e6e4fbea55e695753ea561eb400f324e346; retrospective archive reconstruction; date-only available_at is conservatively set to end-of-day."
sgcm-44-2026-02-21-p1-a,2026-02-21T00:00:00+08:00,2026-02-21T23:59:59+08:00,2026-08-24T12:06:19.867432+00:00,https://media.i-sgcm.com/public/new-cars/pricelist/44/2026-02-21.pdf#page=1,SGCarMart archived authorised-dealer price list,Category A,Toyota,Price-list page summary,PDF page 1,191888.0,188888.0,,True,4.0,mixed guaranteed and non-guaranteed packages,,- Interest Rate Subsidy,,,,,2026-03-04,7.Borneo Motors reserves the right to change/ remove the Promotion at anv time with out prior notice,,,,0.1443926181301967,SGD,brand_category_pricelist_page_summary; explicit_page_label; price_count=18; price_range=91000.0-204888.0; finance_rate_pct=nan; finance=- Interest Rate Subsidy; trade_in=nan; sha256=aaf758c669ec4748ccace8e0a217c50f5f51e1a2dc79d98307d6e0283ed95d8f; retrospective archive reconstruction; date-only available_at is conservatively set to end-of-day.
sgcm-44-2026-03-05-p1-a,2026-03-05T00:00:00+08:00,2026-03-05T23:59:59+08:00,2026-08-24T12:06:57.273253+00:00,https://media.i-sgcm.com/public/new-cars/pricelist/44/2026-03-05.pdf#page=1,SGCarMart archived authorised-dealer price list,Category A,Toyota,Price-list page summary,PDF page 1,193888.0,191888.0,,True,6.0,mixed guaranteed and non-guaranteed packages,,"- $500 Takashimaya Voucher with in-house financing (min. $80k, 5 years loan at 2.68%)) | 2. Interest Rate Subsidy is only applicable to approved loans of minimum $80,000 for 5 year loan tenure.",,,,,2026-03-18,• Enjoy Roadshow Offers: | 7.Borneo Motors reserves the right to change/ remove the Promotion at any time without prior notice.,• Enjoy Roadshow Offers: | 7.Borneo Motors reserves the right to change/ remove the Promotion at any time without prior notice.,2026-03-05,2026-03-18,0.1471399668935074,SGD,"brand_category_pricelist_page_summary; explicit_page_label; price_count=17; price_range=93000.0-206888.0; finance_rate_pct=nan; finance=- $500 Takashimaya Voucher with in-house financing (min. $80k, 5 years loan at 2.68%)) | 2. Interest Rate Subsidy is only applicable to approved loans of minimum $80,000 for 5 year loan tenure.; trade_in=nan; sha256=3b23427703d5af180911b2e408e0cd0f3dc29ca8012b92831dae86a4e27c880a; retrospective archive reconstruction; date-only available_at is conservatively set to end-of-day."
sgcm-44-2026-03-19-p1-a,2026-03-19T00:00:00+08:00,2026-03-19T23:59:59+08:00,2026-08-24T12:07:40.335246+00:00,https://media.i-sgcm.com/public/new-cars/pricelist/44/2026-03-19.pdf#page=1,SGCarMart archived authorised-dealer price list,Category A,Toyota,Price-list page summary,PDF page 1,197888.0,193888.0,,True,4.0,mixed guaranteed and non-guaranteed packages,,"2. Interest Rate Subsidy is only applicable to approved loans of minimum $80,000 for 5 year loan tenure.",,,,,2026-04-08,7.Borneo Motors reserves the right to change/ remove the Promotion at any time without prior notice.,,,,0.1471399668935074,SGD,"brand_category_pricelist_page_summary; explicit_page_label; price_count=18; price_range=96000.0-210888.0; finance_rate_pct=nan; finance=2. Interest Rate Subsidy is only applicable to approved loans of minimum $80,000 for 5 year loan tenure.; trade_in=nan; sha256=8f6d9273f308be3dba3ffe20e646e2ee23bf2d1d095f7ac2078e9888f975f7e4; retrospective archive reconstruction; date-only available_at is conservatively set to end-of-day."
sgcm-44-2026-04-09-p1-a,2026-04-09T00:00:00+08:00,2026-04-09T23:59:59+08:00,2026-08-24T12:08:34.612849+00:00,https://media.i-sgcm.com/public/new-cars/pricelist/44/2026-04-09.pdf#page=1,SGCarMart archived authorised-dealer price list,Category A,Toyota,Price-list page summary,PDF page 1,203888.0,197888.0,,True,4.0,mixed guaranteed and non-guaranteed packages,,"2. Interest Rate Subsidy is only applicable to approved loans of minimum $80,000 for 7 year loan tenure",,,,,2026-04-22,EXCLUSIVE ROADSHOW OFFERS | 7.Borneo Motors reserves the right to change/ remove the Promotion at any time without prior notice.,EXCLUSIVE ROADSHOW OFFERS | 7.Borneo Motors reserves the right to change/ remove the Promotion at any time without prior notice.,2026-04-09,2026-04-22,0.1453182296772319,SGD,"brand_category_pricelist_page_summary; explicit_page_label; price_count=19; price_range=102000.0-311100.0; finance_rate_pct=nan; finance=2. Interest Rate Subsidy is only applicable to approved loans of minimum $80,000 for 7 year loan tenure; trade_in=nan; sha256=8b03ec6e9765b9c26954d8e4ea5a02e1e61267eda9084fb527be15fa5a0c8467; retrospective archive reconstruction; date-only available_at is conservatively set to end-of-day."
sgcm-44-2026-04-23-p1-a,2026-04-23T00:00:00+08:00,2026-04-23T23:59:59+08:00,2026-08-24T12:09:07.187971+00:00,https://media.i-sgcm.com/public/new-cars/pricelist/44/2026-04-23.pdf#page=1,SGCarMart archived authorised-dealer price list,Category A,Toyota,Price-list page summary,PDF page 1,208888.0,203888.0,,True,4.0,mixed guaranteed and non-guaranteed packages,,"2. Finance rebate is only applicable to approved loans of minimum $80,000 for 7 year loan tenure.",,,,,2026-05-06,EXCLUSIVE ROADSHOW OFFERS | 7.Borneo Motors reserves the right to change/ remove the Promotion at any time without prior notice.,EXCLUSIVE ROADSHOW OFFERS | 7.Borneo Motors reserves the right to change/ remove the Promotion at any time without prior notice.,2026-04-23,2026-05-06,0.1453182296772319,SGD,"brand_category_pricelist_page_summary; explicit_page_label; price_count=19; price_range=108000.0-311100.0; finance_rate_pct=nan; finance=2. Finance rebate is only applicable to approved loans of minimum $80,000 for 7 year loan tenure.; trade_in=nan; sha256=c2a48afecd9a39a1302b403c349e8968c27f0fd510789387efeeb24c3f70db0d; retrospective archive reconstruction; date-only available_at is conservatively set to end-of-day."
sgcm-44-2026-05-07-p1-a,2026-05-07T00:00:00+08:00,2026-05-07T23:59:59+08:00,2026-08-24T12:09:50.762163+00:00,https://media.i-sgcm.com/public/new-cars/pricelist/44/2026-05-07.pdf#page=1,SGCarMart archived authorised-dealer price list,Category A,Toyota,Price-list page summary,PDF page 1,212888.0,208888.0,,True,4.0,mixed guaranteed and non-guaranteed packages,,".. Finance rebate is only applicable to approved loans of minimum $80,000 for 7 year loan tenure",,"• Free 1,000L Fuel with Applicable Vehicle Trade-in",,,,7.Borneo Motors reserves the right to change/ remove the Promotion at any time without prior notice.,,,,0.1396121386245286,SGD,"brand_category_pricelist_page_summary; explicit_page_label; price_count=18; price_range=104000.0-227888.0; finance_rate_pct=nan; finance=.. Finance rebate is only applicable to approved loans of minimum $80,000 for 7 year loan tenure; trade_in=• Free 1,000L Fuel with Applicable Vehicle Trade-in; sha256=dfb07fbf3330c7dda90c4121cda919bfb19a5b8813b5817692d31433cf86674b; retrospective archive reconstruction; date-only available_at is conservatively set to end-of-day."
sgcm-44-2024-01-05-p2-b,2024-01-05T00:00:00+08:00,2024-01-05T23:59:59+08:00,2026-08-24T11:35:08.749845+00:00,https://media.i-sgcm.com/public/new-cars/pricelist/44/2024-01-05.pdf#page=2,SGCarMart archived authorised-dealer price list,Category B,Toyota,Price-list page summary,PDF page 2,228888.0,,,False,,not stated,,"$1,800 Petrol Gift Card with Maybank, Hong Leong Finance, OCBC / | Prices are after In-house Finance ($500) & insurance (S500) rebate which are applicable onty to successful applicants (min $30K & 1 Year tenure).",,Complimentary $500 Petrol Card with Trade-in,,,,PROMOTIONS,,,,0.2398014888337469,SGD,"brand_category_pricelist_page_summary; explicit_page_label; price_count=17; price_range=142888.0-375888.0; finance_rate_pct=nan; finance=$1,800 Petrol Gift Card with Maybank, Hong Leong Finance, OCBC / | Prices are after In-house Finance ($500) & insurance (S500) rebate which are applicable onty to successful applicants (min $30K & 1 Year tenure).; trade_in=Complimentary $500 Petrol Card with Trade-in; sha256=7d352487d5d7eac710de4cfe12b004fa62ea3bcb3de228f66dfb10c51c31e511; retrospective archive reconstruction; date-only available_at is conservatively set to end-of-day."
sgcm-44-2024-01-18-p2-b,2024-01-18T00:00:00+08:00,2024-01-18T23:59:59+08:00,2026-08-24T11:36:08.740314+00:00,https://media.i-sgcm.com/public/new-cars/pricelist/44/2024-01-18.pdf#page=2,SGCarMart archived authorised-dealer price list,Category B,Toyota,Price-list page summary,PDF page 2,251888.0,228888.0,,True,,guaranteed,,"$1,800 Petrol Gift Card with Maybank, Hong Leong Finance, OCBC / | Prices are after In-house Finance ($500) & insurance ($500) rebate which are applicable only to successful appicants (min S30K & 1 Year tenure).",,,,,2024-02-07,PROMOTIONS | Borneo Motors reserves the rights to change/remove the Promotions at any time without prior notice!,,,,0.2398014888337469,SGD,"brand_category_pricelist_page_summary; explicit_page_label; price_count=15; price_range=142888.0-397888.0; finance_rate_pct=nan; finance=$1,800 Petrol Gift Card with Maybank, Hong Leong Finance, OCBC / | Prices are after In-house Finance ($500) & insurance ($500) rebate which are applicable only to successful appicants (min S30K & 1 Year tenure).; trade_in=nan; sha256=f124f56bae4c53b13733eb37bd371a9bb2f19533cf06060c10a55e2f389917b6; retrospective archive reconstruction; date-only available_at is conservatively set to end-of-day."
sgcm-44-2024-02-08-p2-b,2024-02-08T00:00:00+08:00,2024-02-08T23:59:59+08:00,2026-08-24T11:37:02.961137+00:00,https://media.i-sgcm.com/public/new-cars/pricelist/44/2024-02-08.pdf#page=2,SGCarMart archived authorised-dealer price list,Category B,Toyota,Price-list page summary,PDF page 2,241888.0,251888.0,,True,,guaranteed,,"$1,800 Petrol Gift Card with Maybank, Hong Leong Finance, OCBC / | Prices are after In-house Finance ($500) & insurance ($500) rebate which are applicable only to successful appicants (min S30K & 1 Year tenure).",,,,,,PROMOTIONS | Borneo Motors reserves the rights to change/remove the Promotions at any time without prior notice,,,,0.2364849396605291,SGD,"brand_category_pricelist_page_summary; explicit_page_label; price_count=15; price_range=142888.0-387888.0; finance_rate_pct=nan; finance=$1,800 Petrol Gift Card with Maybank, Hong Leong Finance, OCBC / | Prices are after In-house Finance ($500) & insurance ($500) rebate which are applicable only to successful appicants (min S30K & 1 Year tenure).; trade_in=nan; sha256=f73205bbfbddd158b77659471854907bdf64ecfab0ebb67bf168fbd2ffffb639; retrospective archive reconstruction; date-only available_at is conservatively set to end-of-day."
sgcm-44-2024-02-22-p2-b,2024-02-22T00:00:00+08:00,2024-02-22T23:59:59+08:00,2026-08-24T11:37:19.079116+00:00,https://media.i-sgcm.com/public/new-cars/pricelist/44/2024-02-22.pdf#page=2,SGCarMart archived authorised-dealer price list,Category B,Toyota,Price-list page summary,PDF page 2,223888.0,241888.0,,True,,guaranteed,,"$1,800 Petrol Gift Card with Maybank, Hong Leong Finance, OCBC /| | Prices are after In-house Finance ($500) & insurance (S500) rebate which are applicable only to successful applicants (min S30K & 1 Year tenure),",,,6000.0,,2024-03-06,PROMOTIONS,,,,0.2364849396605291,SGD,"brand_category_pricelist_page_summary; explicit_page_label; price_count=17; price_range=142888.0-382888.0; finance_rate_pct=nan; finance=$1,800 Petrol Gift Card with Maybank, Hong Leong Finance, OCBC /| | Prices are after In-house Finance ($500) & insurance (S500) rebate which are applicable only to successful applicants (min S30K & 1 Year tenure),; trade_in=nan; sha256=dc595184caaf660b8c9c6b35094ed6d9b4c079c18113404f45f9de798c758b19; retrospective archive reconstruction; date-only available_at is conservatively set to end-of-day."
sgcm-44-2024-03-07-p2-b,2024-03-07T00:00:00+08:00,2024-03-07T23:59:59+08:00,2026-08-24T11:38:02.479295+00:00,https://media.i-sgcm.com/public/new-cars/pricelist/44/2024-03-07.pdf#page=2,SGCarMart archived authorised-dealer price list,Category B,Toyota,Price-list page summary,PDF page 2,215888.0,223888.0,,True,,guaranteed,,"$1,800 Petrol Gift Card + $500 Insurance Subsidy with Hong Leong Finance for Prius and Harrier | $1,800 Petrol Gift Card with Maybank, Hong Leong Finance, OCBC /| | icas are after In-housa Finance (5500) & insurance (S5101 renate which are anolicarle only to success ul anolicants imin 530X21 Year tenur",,,6000.0,,,PROMOTIONS | Borneo Motors reserves the richis to chance remove the Promotions at any time wmout oner notce.,,,,0.2333171285042942,SGD,"brand_category_pricelist_page_summary; explicit_page_label; price_count=14; price_range=142888.0-291888.0; finance_rate_pct=nan; finance=$1,800 Petrol Gift Card + $500 Insurance Subsidy with Hong Leong Finance for Prius and Harrier | $1,800 Petrol Gift Card with Maybank, Hong Leong Finance, OCBC /| | icas are after In-housa Finance (5500) & insurance (S5101 renate which are anolicarle only to success ul anolicants imin 530X21 Year tenur; trade_in=nan; sha256=7c1314c747b3b9cd000fbf8661311d732c4bd265f1589a31055f6e38e183b370; retrospective archive reconstruction; date-only available_at is conservatively set to end-of-day."
sgcm-44-2024-03-21-p2-b,2024-03-21T00:00:00+08:00,2024-03-21T23:59:59+08:00,2026-08-24T11:38:29.277681+00:00,https://media.i-sgcm.com/public/new-cars/pricelist/44/2024-03-21.pdf#page=2,SGCarMart archived authorised-dealer price list,Category B,Toyota,Price-list page summary,PDF page 2,221888.0,215888.0,,True,,guaranteed,,$500 Petrol Gift Card + $700 Insurance Subsidy with Hong Leong Finance / Maybank,,,2000.0,,2024-04-03,PROMOTIONS | borneo Motors reserves the nahts to change/remove the Promotions at any time withaut pnor notice.,,,,0.2333171285042942,SGD,brand_category_pricelist_page_summary; explicit_page_label; price_count=15; price_range=142888.0-291888.0; finance_rate_pct=nan; finance=$500 Petrol Gift Card + $700 Insurance Subsidy with Hong Leong Finance / Maybank; trade_in=nan; sha256=a7fd7c8e022f203662bf79d634488eafc829c49e6555a5d1d09bea989bd13d29; retrospective archive reconstruction; date-only available_at is conservatively set to end-of-day.
sgcm-44-2024-04-04-p2-b,2024-04-04T00:00:00+08:00,2024-04-04T23:59:59+08:00,2026-08-24T11:38:56.308156+00:00,https://media.i-sgcm.com/public/new-cars/pricelist/44/2024-04-04.pdf#page=2,SGCarMart archived authorised-dealer price list,Category B,Toyota,Price-list page summary,PDF page 2,227388.0,221888.0,,True,,guaranteed,,"$500 Petrol Gift Card + $1,200 Insurance Subsidy with Hong Leong Finance / Maybank | Prices are after In-house Finance ($500) & insurance (SS00) rebate which are applicable orty to successful applicants (min S3OK & 1 Year tenure).",,,,,,PROMOTIONS,,,,0.2263748667460964,SGD,"brand_category_pricelist_page_summary; explicit_page_label; price_count=16; price_range=142888.0-292888.0; finance_rate_pct=nan; finance=$500 Petrol Gift Card + $1,200 Insurance Subsidy with Hong Leong Finance / Maybank | Prices are after In-house Finance ($500) & insurance (SS00) rebate which are applicable orty to successful applicants (min S3OK & 1 Year tenure).; trade_in=nan; sha256=3323d6190e728bbb2c45952ec6f811c9086eeb07226b611a02bb01be8631b94e; retrospective archive reconstruction; date-only available_at is conservatively set to end-of-day."
sgcm-44-2024-04-19-p2-b,2024-04-19T00:00:00+08:00,2024-04-19T23:59:59+08:00,2026-08-24T11:39:56.217004+00:00,https://media.i-sgcm.com/public/new-cars/pricelist/44/2024-04-19.pdf#page=2,SGCarMart archived authorised-dealer price list,Category B,Toyota,Price-list page summary,PDF page 2,227388.0,227388.0,,True,,guaranteed,,$500 Insurance Subsidy with Hong Leong Finance / Maybank | ices are after In-house Finance (5500) & insurance (S500) rebate which are applicable only to successful applicants (min 530K & 1 Year tenur,,,,,2024-05-08,PROMOTIONS | Borneo Motors reserves the richis to chance remove the Promotions at any time winout oner notce.,,,,0.2263748667460964,SGD,brand_category_pricelist_page_summary; explicit_page_label; price_count=18; price_range=94000.0-292888.0; finance_rate_pct=nan; finance=$500 Insurance Subsidy with Hong Leong Finance / Maybank | ices are after In-house Finance (5500) & insurance (S500) rebate which are applicable only to successful applicants (min 530K & 1 Year tenur; trade_in=nan; sha256=1c2ac65e46e795e755e07b37bc060902e3bf829f32c82697e5608cd9032cd396; retrospective archive reconstruction; date-only available_at is conservatively set to end-of-day.
sgcm-44-2024-05-24-p2-b,2024-05-24T00:00:00+08:00,2024-05-24T23:59:59+08:00,2026-08-24T11:41:16.532557+00:00,https://media.i-sgcm.com/public/new-cars/pricelist/44/2024-05-24.pdf#page=2,SGCarMart archived authorised-dealer price list,Category B,Toyota,Price-list page summary,PDF page 2,238888.0,227388.0,,True,,guaranteed,,Complimentary $500 Petrol Gift Card with Hong Leong Finance / Maybank | nices are after In-house Finance (55001 & Insurance (55001 rebate wich are apolicable only to successtul apolcants imin XuK& Year tenur,,,,,2024-06-05,PROMOTIONS,,,,0.2247519676728687,SGD,brand_category_pricelist_page_summary; explicit_page_label; price_count=13; price_range=142888.0-292888.0; finance_rate_pct=nan; finance=Complimentary $500 Petrol Gift Card with Hong Leong Finance / Maybank | nices are after In-house Finance (55001 & Insurance (55001 rebate wich are apolicable only to successtul apolcants imin XuK& Year tenur; trade_in=nan; sha256=93a2b390edfccfd86dc78d3ec289ea4d33f87a54557e60b298323fd1699aeb53; retrospective archive reconstruction; date-only available_at is conservatively set to end-of-day.
sgcm-44-2024-06-24-p2-b,2024-06-24T00:00:00+08:00,2024-06-24T23:59:59+08:00,2026-08-24T11:42:42.094050+00:00,https://media.i-sgcm.com/public/new-cars/pricelist/44/2024-06-24.pdf#page=2,SGCarMart archived authorised-dealer price list,Category B,Toyota,Price-list page summary,PDF page 2,197888.0,238888.0,,True,,guaranteed,,Complimentary $500 Petrol Gift Card with Hong Leong Finance / Maybank / OCBC|,,,,,2024-07-03,PROMOTIONS,,,,0.2193642888530833,SGD,brand_category_pricelist_page_summary; explicit_page_label; price_count=15; price_range=100000.0-296888.0; finance_rate_pct=nan; finance=Complimentary $500 Petrol Gift Card with Hong Leong Finance / Maybank / OCBC|; trade_in=nan; sha256=9466641726c95fe00b2203a87e420387ccc45e530dd0cb46e60da7f991961e22; retrospective archive reconstruction; date-only available_at is conservatively set to end-of-day.
sgcm-44-2024-07-04-p2-b,2024-07-04T00:00:00+08:00,2024-07-04T23:59:59+08:00,2026-08-24T11:43:03.529346+00:00,https://media.i-sgcm.com/public/new-cars/pricelist/44/2024-07-04.pdf#page=2,SGCarMart archived authorised-dealer price list,Category B,Toyota,Price-list page summary,PDF page 2,197888.0,197888.0,,True,,guaranteed,,Complimentary $500 Petrol Gift Card with Hong Leong Finance / Maybank / OCBC | Prices are after In-house Finance (S500) & insurance ($500) rebate which are applicable only to successful applicants (min S30K & 1 Year tenure).,,,,,,PROMOTIONS,,,,0.2121033251819996,SGD,brand_category_pricelist_page_summary; explicit_page_label; price_count=15; price_range=98000.0-293888.0; finance_rate_pct=nan; finance=Complimentary $500 Petrol Gift Card with Hong Leong Finance / Maybank / OCBC | Prices are after In-house Finance (S500) & insurance ($500) rebate which are applicable only to successful applicants (min S30K & 1 Year tenure).; trade_in=nan; sha256=2df8f986fd685d4ed4036876ceaa969ecb210f27c3154171d5d612001ddb0a5f; retrospective archive reconstruction; date-only available_at is conservatively set to end-of-day.
sgcm-44-2024-07-18-p2-b,2024-07-18T00:00:00+08:00,2024-07-18T23:59:59+08:00,2026-08-24T11:43:46.878106+00:00,https://media.i-sgcm.com/public/new-cars/pricelist/44/2024-07-18.pdf#page=2,SGCarMart archived authorised-dealer price list,Category B,Toyota,Price-list page summary,PDF page 2,215388.0,197888.0,,True,,guaranteed,,,,,,,2024-08-07,PROMOTIONS,,,,0.2121033251819996,SGD,brand_category_pricelist_page_summary; explicit_page_label; price_count=14; price_range=152888.0-295888.0; finance_rate_pct=nan; finance=nan; trade_in=nan; sha256=5719f240b09632322dd0f52c6b123ae72f772633722f99ae684da77737187903; retrospective archive reconstruction; date-only available_at is conservatively set to end-of-day.
sgcm-44-2024-08-08-p2-b,2024-08-08T00:00:00+08:00,2024-08-08T23:59:59+08:00,2026-08-24T11:44:29.883922+00:00,https://media.i-sgcm.com/public/new-cars/pricelist/44/2024-08-08.pdf#page=2,SGCarMart archived authorised-dealer price list,Category B,Toyota,Price-list page summary,PDF page 2,221388.0,215388.0,,True,,guaranteed,,,,,5900.0,,,PROMOTIONS,,,,0.2051896960551843,SGD,brand_category_pricelist_page_summary; explicit_page_label; price_count=14; price_range=152888.0-298888.0; finance_rate_pct=nan; finance=nan; trade_in=nan; sha256=264116e7ce6e7a8b7eb8730c15d014eb8e436a5c2c9dcbcfbf272ee7f9cb9588; retrospective archive reconstruction; date-only available_at is conservatively set to end-of-day.
sgcm-44-2024-08-22-p2-b,2024-08-22T00:00:00+08:00,2024-08-22T23:59:59+08:00,2026-08-24T11:44:51.566511+00:00,https://media.i-sgcm.com/public/new-cars/pricelist/44/2024-08-22.pdf#page=2,SGCarMart archived authorised-dealer price list,Category B,Toyota,Price-list page summary,PDF page 2,202888.0,221388.0,,True,,guaranteed,,Complimentary $500 Petrol Gift Card with Hong Leong Finance / Maybank / OCBC,,,,,2024-09-04,PROMOTIONS | Borro Motors reserves the rahis to chanco remove the Promotions at any time without prior notice.,,,,0.2051896960551843,SGD,brand_category_pricelist_page_summary; explicit_page_label; price_count=15; price_range=103000.0-295888.0; finance_rate_pct=nan; finance=Complimentary $500 Petrol Gift Card with Hong Leong Finance / Maybank / OCBC; trade_in=nan; sha256=c8eef97513138957ba1e33a734cff774032d332a541a0658900f41e39bb93bba; retrospective archive reconstruction; date-only available_at is conservatively set to end-of-day.
sgcm-44-2024-09-05-p2-b,2024-09-05T00:00:00+08:00,2024-09-05T23:59:59+08:00,2026-08-24T11:45:34.767137+00:00,https://media.i-sgcm.com/public/new-cars/pricelist/44/2024-09-05.pdf#page=2,SGCarMart archived authorised-dealer price list,Category B,Toyota,Price-list page summary,PDF page 2,221388.0,202888.0,,True,,mixed guaranteed and non-guaranteed packages,,Complimentary $500 Petrol Gift Card with Hong Leong Finance / Maybank / OCBC,,,,,,PROMOTIONS,,,,0.1972222222222222,SGD,brand_category_pricelist_page_summary; explicit_page_label; price_count=18; price_range=100000.0-295888.0; finance_rate_pct=nan; finance=Complimentary $500 Petrol Gift Card with Hong Leong Finance / Maybank / OCBC; trade_in=nan; sha256=cd042798e4325d7e6fdf4773c94d599316d16d631bc480c8e55423c94b2252f3; retrospective archive reconstruction; date-only available_at is conservatively set to end-of-day.
sgcm-44-2024-09-19-p2-b,2024-09-19T00:00:00+08:00,2024-09-19T23:59:59+08:00,2026-08-24T11:46:01.622322+00:00,https://media.i-sgcm.com/public/new-cars/pricelist/44/2024-09-19.pdf#page=2,SGCarMart archived authorised-dealer price list,Category B,Toyota,Price-list page summary,PDF page 2,206888.0,221388.0,,True,,guaranteed,,"Complimentary $800 Petrol Gift Card with Hong Leong Finance / Maybank / OCBC| | $1,000 Finance Rebate with Hong Leong Finance / Maybank / OCBC",,,,,2024-10-09,PROMOTIONS,,,,0.1972222222222222,SGD,"brand_category_pricelist_page_summary; explicit_page_label; price_count=19; price_range=110001.0-405888.0; finance_rate_pct=nan; finance=Complimentary $800 Petrol Gift Card with Hong Leong Finance / Maybank / OCBC| | $1,000 Finance Rebate with Hong Leong Finance / Maybank / OCBC; trade_in=nan; sha256=8a7f8cf5b21a7c1d04f3539c3f797238b5ddc4ae44f3dff61fab92c92fde84d7; retrospective archive reconstruction; date-only available_at is conservatively set to end-of-day."
sgcm-44-2024-09-20-p2-b,2024-09-20T00:00:00+08:00,2024-09-20T23:59:59+08:00,2026-08-24T11:46:12.471319+00:00,https://media.i-sgcm.com/public/new-cars/pricelist/44/2024-09-20.pdf#page=2,SGCarMart archived authorised-dealer price list,Category B,Toyota,Price-list page summary,PDF page 2,206388.0,206888.0,,False,,not stated,,,,,,,2024-10-09,PROMOTIONS,,,,0.1972222222222222,SGD,brand_category_pricelist_page_summary; explicit_page_label; price_count=14; price_range=110001.0-405888.0; finance_rate_pct=nan; finance=nan; trade_in=nan; sha256=53514b2839db10ff977cebee1cd912103f5a20327296cd9544bbe6d53c844d21; retrospective archive reconstruction; date-only available_at is conservatively set to end-of-day.
sgcm-44-2024-10-10-p2-b,2024-10-10T00:00:00+08:00,2024-10-10T23:59:59+08:00,2026-08-24T11:46:39.460431+00:00,https://media.i-sgcm.com/public/new-cars/pricelist/44/2024-10-10.pdf#page=2,SGCarMart archived authorised-dealer price list,Category B,Toyota,Price-list page summary,PDF page 2,249888.0,206388.0,,True,,guaranteed,,Complimentary $500 Petrol Gift Card with Hong Leong Finance / Maybank / OCBC,,,,,,Promotions,,,,0.1921757717353482,SGD,brand_category_pricelist_page_summary; explicit_page_label; price_count=19; price_range=116002.0-409888.0; finance_rate_pct=nan; finance=Complimentary $500 Petrol Gift Card with Hong Leong Finance / Maybank / OCBC; trade_in=nan; sha256=ee9514b170206235df9b1d52e46851bcf58e05d64a177fc76e3e6b43f325ef54; retrospective archive reconstruction; date-only available_at is conservatively set to end-of-day.
sgcm-44-2024-10-24-p2-b,2024-10-24T00:00:00+08:00,2024-10-24T23:59:59+08:00,2026-08-24T11:47:17.077869+00:00,https://media.i-sgcm.com/public/new-cars/pricelist/44/2024-10-24.pdf#page=2,SGCarMart archived authorised-dealer price list,Category B,Toyota,Price-list page summary,PDF page 2,247888.0,249888.0,,True,,guaranteed,,Complimentary $500 Petrol Gift Card with Hong Leong Finance / Maybank / OCBC,,,,,2024-11-06,PROMOTIONS,,,,0.1921757717353482,SGD,brand_category_pricelist_page_summary; explicit_page_label; price_count=19; price_range=105000.0-407888.0; finance_rate_pct=nan; finance=Complimentary $500 Petrol Gift Card with Hong Leong Finance / Maybank / OCBC; trade_in=nan; sha256=f28785af11bf0806f029e1df4735b4e26d9572d6d72a51ee8572280cc3bd5c10; retrospective archive reconstruction; date-only available_at is conservatively set to end-of-day.
sgcm-44-2024-11-07-p2-b,2024-11-07T00:00:00+08:00,2024-11-07T23:59:59+08:00,2026-08-24T11:48:00.496612+00:00,https://media.i-sgcm.com/public/new-cars/pricelist/44/2024-11-07.pdf#page=2,SGCarMart archived authorised-dealer price list,Category B,Toyota,Price-list page summary,PDF page 2,242388.0,247888.0,,True,,guaranteed,,Complimentary $800 Petrol Gift Card with Hong Leong Finance / Maybank / OCBC | ices are after In-house Finance ($500) & insurance (S500) rebate which are applicatle onty to successful applicants (min S30K & 1 Year tenure,,,,,,PROMOTIONS | borneo motors reserves the nonis to chance remove ine Promotions at any ume winout pher notce..,,,,0.1885974472619826,SGD,brand_category_pricelist_page_summary; explicit_page_label; price_count=18; price_range=105000.0-399888.0; finance_rate_pct=nan; finance=Complimentary $800 Petrol Gift Card with Hong Leong Finance / Maybank / OCBC | ices are after In-house Finance ($500) & insurance (S500) rebate which are applicatle onty to successful applicants (min S30K & 1 Year tenure; trade_in=nan; sha256=ec92358e3d56b177905b10e154a781d2f5fe3a3e061ee02da92215ce90be2c92; retrospective archive reconstruction; date-only available_at is conservatively set to end-of-day.
sgcm-44-2024-11-21-p2-b,2024-11-21T00:00:00+08:00,2024-11-21T23:59:59+08:00,2026-08-24T11:48:32.938850+00:00,https://media.i-sgcm.com/public/new-cars/pricelist/44/2024-11-21.pdf#page=2,SGCarMart archived authorised-dealer price list,Category B,Toyota,Price-list page summary,PDF page 2,239888.0,242388.0,105081.0,True,,guaranteed,,Complimentary $800 Petrol Gift Card with Hong Leong Finance / Maybank / OCBC,,,,,2024-12-04,PROMOTIONS,,,,0.1885974472619826,SGD,brand_category_pricelist_page_summary; explicit_page_label; price_count=17; price_range=152888.0-389888.0; finance_rate_pct=nan; finance=Complimentary $800 Petrol Gift Card with Hong Leong Finance / Maybank / OCBC; trade_in=nan; sha256=0a70cdcfd0e3bd9180f68a16d7fefcf5b27883e427cc32723db007ca6ea4815f; retrospective archive reconstruction; date-only available_at is conservatively set to end-of-day.
sgcm-44-2024-12-05-p2-b,2024-12-05T00:00:00+08:00,2024-12-05T23:59:59+08:00,2026-08-24T11:49:10.699849+00:00,https://media.i-sgcm.com/public/new-cars/pricelist/44/2024-12-05.pdf#page=2,SGCarMart archived authorised-dealer price list,Category B,Toyota,Price-list page summary,PDF page 2,237388.0,239888.0,,True,,guaranteed,,Complimentary $500 Petrol Gift Card with Hong Leong Finance / Maybank / OCBC,,,,,,PROMOTIONS,,,,0.1855786938659867,SGD,brand_category_pricelist_page_summary; explicit_page_label; price_count=18; price_range=100000.0-384888.0; finance_rate_pct=nan; finance=Complimentary $500 Petrol Gift Card with Hong Leong Finance / Maybank / OCBC; trade_in=nan; sha256=8d4f894445b89af3f4382d39ef0d7b63a8f953a6510b83b648cb028dc045d649; retrospective archive reconstruction; date-only available_at is conservatively set to end-of-day.
sgcm-44-2024-12-19-p2-b,2024-12-19T00:00:00+08:00,2024-12-19T23:59:59+08:00,2026-08-24T11:49:37.851300+00:00,https://media.i-sgcm.com/public/new-cars/pricelist/44/2024-12-19.pdf#page=2,SGCarMart archived authorised-dealer price list,Category B,Toyota,Price-list page summary,PDF page 2,243888.0,237388.0,,True,,guaranteed,,Complimentary $500 Petrol Gift Card with Hong Leong Finance / Maybank / OCBC,,,,,2025-01-08,PROMOTIONS,,,,0.1855786938659867,SGD,brand_category_pricelist_page_summary; explicit_page_label; price_count=21; price_range=101000.0-390888.0; finance_rate_pct=nan; finance=Complimentary $500 Petrol Gift Card with Hong Leong Finance / Maybank / OCBC; trade_in=nan; sha256=96981f3af0af552c22d0d5873efa4eec6bfc0502208b489ed6bfa9cfb963bcbd; retrospective archive reconstruction; date-only available_at is conservatively set to end-of-day.
sgcm-44-2025-01-09-p2-b,2025-01-09T00:00:00+08:00,2025-01-09T23:59:59+08:00,2026-08-24T11:50:15.494541+00:00,https://media.i-sgcm.com/public/new-cars/pricelist/44/2025-01-09.pdf#page=2,SGCarMart archived authorised-dealer price list,Category B,Toyota,Price-list page summary,PDF page 2,262388.0,243888.0,,True,,guaranteed,,"$1,000 Finance Subsidy for RAV4, Harrier and Camry | Complimentary $1,000 Petrol Gift Card with Hong Leong Finance / OCBC | nces are after In-house rinance (3500, & insurance (Solui renate which are acolicacle only to successtul apolicants min 30% 61 Year tenurel",,"$1,000 Petrol Gift Card with Trade In for all CAT B Models",,,,PROMOTIONS | borneo morors reserves the nonis to chancerenove the Promotions at any time without orior notce..,,,,0.1830691274231788,SGD,"brand_category_pricelist_page_summary; explicit_page_label; price_count=20; price_range=114000.0-407888.0; finance_rate_pct=30.0; finance=$1,000 Finance Subsidy for RAV4, Harrier and Camry | Complimentary $1,000 Petrol Gift Card with Hong Leong Finance / OCBC | nces are after In-house rinance (3500, & insurance (Solui renate which are acolicacle only to successtul apolicants min 30% 61 Year tenurel; trade_in=$1,000 Petrol Gift Card with Trade In for all CAT B Models; sha256=26e06e0c7fa083878c1afc2ec7b31cf102395b109b5d3c6e269077b179ffad8a; retrospective archive reconstruction; date-only available_at is conservatively set to end-of-day."
sgcm-44-2025-01-23-p2-b,2025-01-23T00:00:00+08:00,2025-01-23T23:59:59+08:00,2026-08-24T11:50:47.913653+00:00,https://media.i-sgcm.com/public/new-cars/pricelist/44/2025-01-23.pdf#page=2,SGCarMart archived authorised-dealer price list,Category B,Toyota,Price-list page summary,PDF page 2,261888.0,262388.0,,True,,guaranteed,,"WIO FINANCE | Complimentary $1,000 Petrol Gift Card with Hong Leong Finance / Maybank / OCBC | es are after In-House rinance Renate (57.000) which is aoplicable only to successtul apolicants min mum loan 350.0805 Year lenu",,,,,2025-02-05,PROMOTIONS | Borneo Motors reserves the rights to change/remove the Promotions at any time without prior notice.,,,,0.1830691274231788,SGD,"brand_category_pricelist_page_summary; explicit_page_label; price_count=22; price_range=109000.0-402888.0; finance_rate_pct=nan; finance=WIO FINANCE | Complimentary $1,000 Petrol Gift Card with Hong Leong Finance / Maybank / OCBC | es are after In-House rinance Renate (57.000) which is aoplicable only to successtul apolicants min mum loan 350.0805 Year lenu; trade_in=nan; sha256=aa6e61a01dea619d87e0a5f8604ff2f806e9f5e584e85d0637e21f0c339aaa97; retrospective archive reconstruction; date-only available_at is conservatively set to end-of-day."
sgcm-44-2025-02-06-p2-b,2025-02-06T00:00:00+08:00,2025-02-06T23:59:59+08:00,2026-08-24T11:51:03.905212+00:00,https://media.i-sgcm.com/public/new-cars/pricelist/44/2025-02-06.pdf#page=2,SGCarMart archived authorised-dealer price list,Category B,Toyota,Price-list page summary,PDF page 2,258888.0,261888.0,,True,,guaranteed,,"W/O FINANCE | Complimentary $500 Petrol Gift Card with Hong Leong Finance / Maybank / OCBC | Prices are after In-House Finance Rebate (32,000) which is applicable only to successful applicants (minimum loan $50,000/ 5 Year Tenure)",,,,,,PROMOTIONS | Borneo Motors reserves the rights to change/remove the Promotions at any time without prior notice.,,,,0.1792572151316546,SGD,"brand_category_pricelist_page_summary; explicit_page_label; price_count=19; price_range=152888.0-397888.0; finance_rate_pct=nan; finance=W/O FINANCE | Complimentary $500 Petrol Gift Card with Hong Leong Finance / Maybank / OCBC | Prices are after In-House Finance Rebate (32,000) which is applicable only to successful applicants (minimum loan $50,000/ 5 Year Tenure); trade_in=nan; sha256=dd9174a2e7065370af32116fae1418df3103f5f04b43b896f952062487a783b3; retrospective archive reconstruction; date-only available_at is conservatively set to end-of-day."
sgcm-44-2025-02-20-p2-b,2025-02-20T00:00:00+08:00,2025-02-20T23:59:59+08:00,2026-08-24T11:51:36.202638+00:00,https://media.i-sgcm.com/public/new-cars/pricelist/44/2025-02-20.pdf#page=2,SGCarMart archived authorised-dealer price list,Category B,Toyota,Price-list page summary,PDF page 2,255888.0,258888.0,,True,,guaranteed,,W/O FINANCE | Complimentary $500 Petrol Gift Card with Hong Leong Finance / Maybank / OCBC,,,,,2025-03-05,PROMOTIONS | bomeo motors reserves the nonts to chancerremove the Promotions at any time witnout phor nouce,,,,0.1792572151316546,SGD,brand_category_pricelist_page_summary; explicit_page_label; price_count=21; price_range=103000.0-396888.0; finance_rate_pct=nan; finance=W/O FINANCE | Complimentary $500 Petrol Gift Card with Hong Leong Finance / Maybank / OCBC; trade_in=nan; sha256=f1b9fe18f111fb043f9c06cc400008e6c0e94bd8468db2067a7837c8e0bc0ca2; retrospective archive reconstruction; date-only available_at is conservatively set to end-of-day.
sgcm-44-2025-03-06-p2-b,2025-03-06T00:00:00+08:00,2025-03-06T23:59:59+08:00,2026-08-24T11:52:19.624799+00:00,https://media.i-sgcm.com/public/new-cars/pricelist/44/2025-03-06.pdf#page=2,SGCarMart archived authorised-dealer price list,Category B,Toyota,Price-list page summary,PDF page 2,260888.0,255888.0,,True,,guaranteed,,W/O FINANCE | Complimentary $500 Petrol Gift Card with Hong Leong Finance / Maybank / OCBC,,,,,,PROMOTIONS,,,,0.1750650737502503,SGD,brand_category_pricelist_page_summary; explicit_page_label; price_count=19; price_range=152888.0-399888.0; finance_rate_pct=nan; finance=W/O FINANCE | Complimentary $500 Petrol Gift Card with Hong Leong Finance / Maybank / OCBC; trade_in=nan; sha256=dfcef7773b6c0fa47274248ff8fd1e719dbf769c13543290e9d19008b2682a67; retrospective archive reconstruction; date-only available_at is conservatively set to end-of-day.
sgcm-44-2025-03-20-p2-b,2025-03-20T00:00:00+08:00,2025-03-20T23:59:59+08:00,2026-08-24T11:52:57.744096+00:00,https://media.i-sgcm.com/public/new-cars/pricelist/44/2025-03-20.pdf#page=2,SGCarMart archived authorised-dealer price list,Category B,Toyota,Price-list page summary,PDF page 2,263888.0,260888.0,,True,,guaranteed,,"W/O FINANCE | Complimentary $1,000 Petrol Gift Card with Hong Leong Finance",,,,,2025-04-09,PROMOTIONS | Borneo Motors reserves the riants to chance remove the Promotions at any time without prior notice..,,,,0.1750650737502503,SGD,"brand_category_pricelist_page_summary; explicit_page_label; price_count=20; price_range=152888.0-403888.0; finance_rate_pct=nan; finance=W/O FINANCE | Complimentary $1,000 Petrol Gift Card with Hong Leong Finance; trade_in=nan; sha256=bd6a1530371146138fad23c0df181365d4c306b50d19036ed393be1cf8ad5e7e; retrospective archive reconstruction; date-only available_at is conservatively set to end-of-day."
sgcm-44-2025-04-10-p2-b,2025-04-10T00:00:00+08:00,2025-04-10T23:59:59+08:00,2026-08-24T11:53:40.867343+00:00,https://media.i-sgcm.com/public/new-cars/pricelist/44/2025-04-10.pdf#page=2,SGCarMart archived authorised-dealer price list,Category B,Toyota,Price-list page summary,PDF page 2,264888.0,263888.0,,True,,guaranteed,,W/O FINANCE | Complimentary $500 Petrol Gift Card with Hong Leong Finance / Maybank / OCBC | Prices are after In-House Finance Rebate (32.000) which is applicable only to successful acclicants (minimum loan $50.000/ 5 Year Tenure),,,,,,PROMOTIONS,,,,0.1737886136234543,SGD,brand_category_pricelist_page_summary; explicit_page_label; price_count=20; price_range=152888.0-404888.0; finance_rate_pct=nan; finance=W/O FINANCE | Complimentary $500 Petrol Gift Card with Hong Leong Finance / Maybank / OCBC | Prices are after In-House Finance Rebate (32.000) which is applicable only to successful acclicants (minimum loan $50.000/ 5 Year Tenure); trade_in=nan; sha256=f5c427d97d5b43ed2f9141fd72ac3f307fa6dc2111763d7cc3af86b6a933cc46; retrospective archive reconstruction; date-only available_at is conservatively set to end-of-day.
sgcm-44-2025-04-24-p2-b,2025-04-24T00:00:00+08:00,2025-04-24T23:59:59+08:00,2026-08-24T11:54:02.471283+00:00,https://media.i-sgcm.com/public/new-cars/pricelist/44/2025-04-24.pdf#page=2,SGCarMart archived authorised-dealer price list,Category B,Toyota,Price-list page summary,PDF page 2,263888.0,264888.0,,True,,guaranteed,,"WIO FINANCE | Complimentary $1,000 Takashimaya Voucher with Hong Leong Finance / OCBC | ses are after In-House Finance Renate (s7.000) which is applicable only to successtul apolicants minimum loan 350.08075 Year Tenu",,"5 Years Free Petrol Gift Card with trade-in for Camry, Harrier, RAV4, Corolla Cross, Alphard and Vellfire",,,2025-05-07,PROMOTIONS | Borneo Motors raserves the rients to chancairamove the Promotione at any time without once notice I,,,,0.1737886136234543,SGD,"brand_category_pricelist_page_summary; explicit_page_label; price_count=21; price_range=111000.0-404888.0; finance_rate_pct=nan; finance=WIO FINANCE | Complimentary $1,000 Takashimaya Voucher with Hong Leong Finance / OCBC | ses are after In-House Finance Renate (s7.000) which is applicable only to successtul apolicants minimum loan 350.08075 Year Tenu; trade_in=5 Years Free Petrol Gift Card with trade-in for Camry, Harrier, RAV4, Corolla Cross, Alphard and Vellfire; sha256=40ba31893d890daf8f4957b59fe6c297bac4db0bef221ddc9c8d843a2fe0963c; retrospective archive reconstruction; date-only available_at is conservatively set to end-of-day."
sgcm-44-2025-05-08-p2-b,2025-05-08T00:00:00+08:00,2025-05-08T23:59:59+08:00,2026-08-24T11:54:34.626448+00:00,https://media.i-sgcm.com/public/new-cars/pricelist/44/2025-05-08.pdf#page=2,SGCarMart archived authorised-dealer price list,Category B,Toyota,Price-list page summary,PDF page 2,266888.0,263888.0,,True,,guaranteed,,"W/O FINANCE | Complimentary $500 Petrol Gift Card with minimum $80,000 loan for 5 to 7 years (Hong Leong Finance / | e after In-House Finance Rebate ($2,000) which is a",,,,,,PROMOTIONS,,,,0.1713168075036199,SGD,"brand_category_pricelist_page_summary; explicit_page_label; price_count=22; price_range=113000.0-407888.0; finance_rate_pct=nan; finance=W/O FINANCE | Complimentary $500 Petrol Gift Card with minimum $80,000 loan for 5 to 7 years (Hong Leong Finance / | e after In-House Finance Rebate ($2,000) which is a; trade_in=nan; sha256=43b6fbebdf4ca3104c3f5c1b74a003cac021bde5dd28a6eae0dfbff7f5906089; retrospective archive reconstruction; date-only available_at is conservatively set to end-of-day."
sgcm-44-2025-05-22-p2-b,2025-05-22T00:00:00+08:00,2025-05-22T23:59:59+08:00,2026-08-24T11:55:12.441086+00:00,https://media.i-sgcm.com/public/new-cars/pricelist/44/2025-05-22.pdf#page=2,SGCarMart archived authorised-dealer price list,Category B,Toyota,Price-list page summary,PDF page 2,263888.0,266888.0,,True,,guaranteed,,"WIO FINANCE | Complimentary $500 Petrol Gift Card with minimum $80,000 loan for 5 to 7 years (Hong Leong Finance / | ices are after In-House Finance Renate (57.000) which is aoplicable only to successtul apolicants min mum loan 350.080%5 Year Tenu",,,,,2025-06-04,PROMOTIONS | Borneo Motors reserves the rights to change/remove the Promotions at any time without prior notice.,,,,0.1713168075036199,SGD,"brand_category_pricelist_page_summary; explicit_page_label; price_count=21; price_range=110000.0-404888.0; finance_rate_pct=350.08; finance=WIO FINANCE | Complimentary $500 Petrol Gift Card with minimum $80,000 loan for 5 to 7 years (Hong Leong Finance / | ices are after In-House Finance Renate (57.000) which is aoplicable only to successtul apolicants min mum loan 350.080%5 Year Tenu; trade_in=nan; sha256=7450f3e488ada312ce8fa846a42170a20f70dd81042c46eb3d8447e34a9b40d5; retrospective archive reconstruction; date-only available_at is conservatively set to end-of-day."
sgcm-44-2025-06-05-p2-b,2025-06-05T00:00:00+08:00,2025-06-05T23:59:59+08:00,2026-08-24T11:55:39.312406+00:00,https://media.i-sgcm.com/public/new-cars/pricelist/44/2025-06-05.pdf#page=2,SGCarMart archived authorised-dealer price list,Category B,Toyota,Price-list page summary,PDF page 2,259888.0,263888.0,,True,,guaranteed,,"W/O FINANCE | Complimentary $500 Petrol Gift Card with minimum $80,000 loan for 5 to 7 years (Hong Leong Finance / | Prices are after In-House Finance Rebate ($2,000) which is applicable only to successful applicants (minimum lan $50,000/ 5 Year Tenure)",,,,,,PROMOTIONS,,,,0.168896461777946,SGD,"brand_category_pricelist_page_summary; explicit_page_label; price_count=22; price_range=106000.0-400888.0; finance_rate_pct=nan; finance=W/O FINANCE | Complimentary $500 Petrol Gift Card with minimum $80,000 loan for 5 to 7 years (Hong Leong Finance / | Prices are after In-House Finance Rebate ($2,000) which is applicable only to successful applicants (minimum lan $50,000/ 5 Year Tenure); trade_in=nan; sha256=f5316a8dad97adb416eff2531da0db4cd4b72a194d3d5db65a0ad7a00377b59b; retrospective archive reconstruction; date-only available_at is conservatively set to end-of-day."
sgcm-44-2025-06-19-p2-b,2025-06-19T00:00:00+08:00,2025-06-19T23:59:59+08:00,2026-08-24T11:56:11.586640+00:00,https://media.i-sgcm.com/public/new-cars/pricelist/44/2025-06-19.pdf#page=2,SGCarMart archived authorised-dealer price list,Category B,Toyota,Price-list page summary,PDF page 2,262888.0,259888.0,,True,,guaranteed,,"NIO FINANCE | Complimentary $500 Petrol Gift Card with minimum $80,000 loan for 5 to 7 years (Hong Leong Finance /",,"Additional perks for Corolla Cross, RAV4, Harrier and Camry with trade-in",,,2025-07-09,PROMOTIONS,,,,0.168896461777946,SGD,"brand_category_pricelist_page_summary; explicit_page_label; price_count=17; price_range=152888.0-403888.0; finance_rate_pct=nan; finance=NIO FINANCE | Complimentary $500 Petrol Gift Card with minimum $80,000 loan for 5 to 7 years (Hong Leong Finance /; trade_in=Additional perks for Corolla Cross, RAV4, Harrier and Camry with trade-in; sha256=0d2ab987e944cbe663f55b4c3515d468e070ee760a5808dc2451d3a0cfe6772d; retrospective archive reconstruction; date-only available_at is conservatively set to end-of-day."
sgcm-44-2025-07-11-p2-b,2025-07-11T00:00:00+08:00,2025-07-11T23:59:59+08:00,2026-08-24T11:57:00.152640+00:00,https://media.i-sgcm.com/public/new-cars/pricelist/44/2025-07-11.pdf#page=2,SGCarMart archived authorised-dealer price list,Category B,Toyota,Price-list page summary,PDF page 2,265888.0,262888.0,,True,,mixed guaranteed and non-guaranteed packages,,"W/O FINANCE (NON-GUARANTEED | Complimentary $500 Petrol Gift Card with minimum $80,000 loan for 5 to 7 years (Hong Leong Finance / | cos are after In-Mouse Finance Kenaic (52. 000) which is aoplicable only to successiu aopicants min mum ban sou Cowo Tear lenu",,,,,2025-07-23,PROMOTIONS | Borneo Motors reserves the richis to change remove the Promotions at any time without oner notice.,,,,0.1688325103815879,SGD,"brand_category_pricelist_page_summary; explicit_page_label; price_count=17; price_range=112000.0-406888.0; finance_rate_pct=nan; finance=W/O FINANCE (NON-GUARANTEED | Complimentary $500 Petrol Gift Card with minimum $80,000 loan for 5 to 7 years (Hong Leong Finance / | cos are after In-Mouse Finance Kenaic (52. 000) which is aoplicable only to successiu aopicants min mum ban sou Cowo Tear lenu; trade_in=nan; sha256=f05c9ce37a73834c8694a61c6ec9cf0e78ced548fcd457f56bc7b695d19bfec7; retrospective archive reconstruction; date-only available_at is conservatively set to end-of-day."
sgcm-44-2025-07-14-p2-b,2025-07-14T00:00:00+08:00,2025-07-14T23:59:59+08:00,2026-08-24T11:57:10.883470+00:00,https://media.i-sgcm.com/public/new-cars/pricelist/44/2025-07-14.pdf#page=2,SGCarMart archived authorised-dealer price list,Category B,Toyota,Price-list page summary,PDF page 2,265888.0,265888.0,,True,,mixed guaranteed and non-guaranteed packages,,"W/O FINANCE (NON-GUARANTEED | Complimentary $500 Petrol Gift Card with minimum $80,000 loan for 5 to 7 years (Hong Leong Finance / | cos are after In-Mouse Finance Kenaic (52. 000) which is aoplicable only to successiu aopicants min mum ban sou Cowo Tear lenu",,,,,2025-07-23,PROMOTIONS,,,,0.1688325103815879,SGD,"brand_category_pricelist_page_summary; explicit_page_label; price_count=17; price_range=112000.0-406888.0; finance_rate_pct=nan; finance=W/O FINANCE (NON-GUARANTEED | Complimentary $500 Petrol Gift Card with minimum $80,000 loan for 5 to 7 years (Hong Leong Finance / | cos are after In-Mouse Finance Kenaic (52. 000) which is aoplicable only to successiu aopicants min mum ban sou Cowo Tear lenu; trade_in=nan; sha256=a1c7a2927ffdde32afc01e5838a31c02b1d021e00c56bddcadefa03449dc1816; retrospective archive reconstruction; date-only available_at is conservatively set to end-of-day."
sgcm-44-2025-07-24-p2-b,2025-07-24T00:00:00+08:00,2025-07-24T23:59:59+08:00,2026-08-24T11:57:32.506175+00:00,https://media.i-sgcm.com/public/new-cars/pricelist/44/2025-07-24.pdf#page=2,SGCarMart archived authorised-dealer price list,Category B,Toyota,Price-list page summary,PDF page 2,265888.0,265888.0,,True,,guaranteed,,"NIO FINANCE | Complimentary $500 Petrol Gift Card with minimum $80,000 loan for 5 to 7 years (Hong Leong Finance /",,,,,2025-08-06,PROMOTIONS,,,,0.1688325103815879,SGD,"brand_category_pricelist_page_summary; explicit_page_label; price_count=17; price_range=119101.0-406888.0; finance_rate_pct=nan; finance=NIO FINANCE | Complimentary $500 Petrol Gift Card with minimum $80,000 loan for 5 to 7 years (Hong Leong Finance /; trade_in=nan; sha256=ced58940e0d13d406131138e8433f7a4a19dc1778acb529003419b5e729259d8; retrospective archive reconstruction; date-only available_at is conservatively set to end-of-day."
sgcm-44-2025-07-28-p2-b,2025-07-28T00:00:00+08:00,2025-07-28T23:59:59+08:00,2026-08-24T11:57:48.887940+00:00,https://media.i-sgcm.com/public/new-cars/pricelist/44/2025-07-28.pdf#page=2,SGCarMart archived authorised-dealer price list,Category B,Toyota,Price-list page summary,PDF page 2,261888.0,265888.0,,True,,guaranteed,,"WIO FINANCE | Prices are after In-House Finance Rebate ($2,000) which is applicable only to successful applicants (minimum loan $50,000/ 5 Year Tenure)",,,,,2025-08-06,PROMOTIONS,,,,0.1688325103815879,SGD,"brand_category_pricelist_page_summary; explicit_page_label; price_count=18; price_range=112000.0-406888.0; finance_rate_pct=nan; finance=WIO FINANCE | Prices are after In-House Finance Rebate ($2,000) which is applicable only to successful applicants (minimum loan $50,000/ 5 Year Tenure); trade_in=nan; sha256=585371ff32aa68f319e861204e1a94ab4ee249827548dde90bb6ac75c9853f0a; retrospective archive reconstruction; date-only available_at is conservatively set to end-of-day."
sgcm-44-2025-08-07-p2-b,2025-08-07T00:00:00+08:00,2025-08-07T23:59:59+08:00,2026-08-24T11:58:16.097387+00:00,https://media.i-sgcm.com/public/new-cars/pricelist/44/2025-08-07.pdf#page=2,SGCarMart archived authorised-dealer price list,Category B,Toyota,Price-list page summary,PDF page 2,269888.0,261888.0,,True,,guaranteed,,"O FINANCE (NON-GUARANTE | Complimentary $500 Petrol Gift Card with minimum $80,000 loan for 5 years (Hong Leong Finance / Maybank | s are after In-House Finance Rebate (57.000) which is apolicable only to successiul apolicants im nimum loan 30.0005 Year Tel",,,,,2025-08-20,PROMOTIONS,,,,0.1679223000488679,SGD,"brand_category_pricelist_page_summary; explicit_page_label; price_count=17; price_range=123498.0-410888.0; finance_rate_pct=nan; finance=O FINANCE (NON-GUARANTE | Complimentary $500 Petrol Gift Card with minimum $80,000 loan for 5 years (Hong Leong Finance / Maybank | s are after In-House Finance Rebate (57.000) which is apolicable only to successiul apolicants im nimum loan 30.0005 Year Tel; trade_in=nan; sha256=edfd8901004b932456a68eb40678a4e93d86ff1c1476a70ec725414d60a99f22; retrospective archive reconstruction; date-only available_at is conservatively set to end-of-day."
sgcm-44-2025-08-21-p2-b,2025-08-21T00:00:00+08:00,2025-08-21T23:59:59+08:00,2026-08-24T11:58:43.330933+00:00,https://media.i-sgcm.com/public/new-cars/pricelist/44/2025-08-21.pdf#page=2,SGCarMart archived authorised-dealer price list,Category B,Toyota,Price-list page summary,PDF page 2,262888.0,269888.0,,True,,mixed guaranteed and non-guaranteed packages,,"W/O FINANCE | Complimentary $500 Petrol Gift Card with minimum $80,000 loan for 5 years (Hong Leong Finance / Maybank",,,,,2025-09-03,,,,,0.1679223000488679,SGD,"brand_category_pricelist_page_summary; explicit_page_label; price_count=19; price_range=124400.0-411888.0; finance_rate_pct=nan; finance=W/O FINANCE | Complimentary $500 Petrol Gift Card with minimum $80,000 loan for 5 years (Hong Leong Finance / Maybank; trade_in=nan; sha256=25ee0688c2d588748cb3c08e5dd67c62176a050567df62a54ab21d3a64e0f18f; retrospective archive reconstruction; date-only available_at is conservatively set to end-of-day."
sgcm-44-2025-09-04-p2-b,2025-09-04T00:00:00+08:00,2025-09-04T23:59:59+08:00,2026-08-24T11:59:21.126213+00:00,https://media.i-sgcm.com/public/new-cars/pricelist/44/2025-09-04.pdf#page=2,SGCarMart archived authorised-dealer price list,Category B,Toyota,Price-list page summary,PDF page 2,265888.0,262888.0,,True,,guaranteed,,"WIe FINANCE | Complimentary $500 Petrol Gift Card with minimum $80,000 loan for 5 years (Hong Leong Finance / Maybank",,,,,2025-09-07,PROMOTIONS,,,,0.1664023447694377,SGD,"brand_category_pricelist_page_summary; explicit_page_label; price_count=19; price_range=127501.0-414888.0; finance_rate_pct=nan; finance=WIe FINANCE | Complimentary $500 Petrol Gift Card with minimum $80,000 loan for 5 years (Hong Leong Finance / Maybank; trade_in=nan; sha256=8d8c6d99f3796f978e459928cb14c4999f56b8295d90de79965a4d963ea0fb76; retrospective archive reconstruction; date-only available_at is conservatively set to end-of-day."
sgcm-44-2025-09-08-p2-b,2025-09-08T00:00:00+08:00,2025-09-08T23:59:59+08:00,2026-08-24T11:59:37.332957+00:00,https://media.i-sgcm.com/public/new-cars/pricelist/44/2025-09-08.pdf#page=2,SGCarMart archived authorised-dealer price list,Category B,Toyota,Price-list page summary,PDF page 2,263888.0,265888.0,,True,,guaranteed,,"WIO FINANCE | Complimentary $500 Petrol Gift Card with minimum $80,000 loan for 5 years (Hong Leong Finance / Maybank",,,,,2025-09-17,PROMOTIONS,,,,0.1664023447694377,SGD,"brand_category_pricelist_page_summary; explicit_page_label; price_count=21; price_range=127501.0-414888.0; finance_rate_pct=nan; finance=WIO FINANCE | Complimentary $500 Petrol Gift Card with minimum $80,000 loan for 5 years (Hong Leong Finance / Maybank; trade_in=nan; sha256=2160f07ebd3b39349c52779be366504eeaebca09455b9ea1aaad7884385cf8e8; retrospective archive reconstruction; date-only available_at is conservatively set to end-of-day."
sgcm-44-2025-09-18-p2-b,2025-09-18T00:00:00+08:00,2025-09-18T23:59:59+08:00,2026-08-24T11:59:59.035982+00:00,https://media.i-sgcm.com/public/new-cars/pricelist/44/2025-09-18.pdf#page=2,SGCarMart archived authorised-dealer price list,Category B,Toyota,Price-list page summary,PDF page 2,261388.0,263888.0,,True,,guaranteed,,"WO FINANCE | Additional 52,000 Finance Rebate (Minimum Loan 580,000/ 5 Year lenure)",,,,,2025-10-08,PROMOTIONS,,,,0.1664023447694377,SGD,"brand_category_pricelist_page_summary; explicit_page_label; price_count=22; price_range=100000.0-424888.0; finance_rate_pct=nan; finance=WO FINANCE | Additional 52,000 Finance Rebate (Minimum Loan 580,000/ 5 Year lenure); trade_in=nan; sha256=f8ee6edf7346b60a1dad8d3151b7cc5878e41ae117cbd04314436d5031bcc773; retrospective archive reconstruction; date-only available_at is conservatively set to end-of-day."
sgcm-44-2025-10-09-p2-b,2025-10-09T00:00:00+08:00,2025-10-09T23:59:59+08:00,2026-08-24T12:00:42.839252+00:00,https://media.i-sgcm.com/public/new-cars/pricelist/44/2025-10-09.pdf#page=2,SGCarMart archived authorised-dealer price list,Category B,Toyota,Price-list page summary,PDF page 2,265388.0,261388.0,,True,,guaranteed,,W/O FINANCE (NON-GUARANTEEL,,"Up to $8,000 Trade-In Incentive*",,,2025-10-23,PROMOTIONS | Borneo Motors reserves the nights to changeremove the Promotions al any time without prior notice.,,,,0.1626250198444197,SGD,"brand_category_pricelist_page_summary; explicit_page_label; price_count=22; price_range=133000.0-428888.0; finance_rate_pct=nan; finance=W/O FINANCE (NON-GUARANTEEL; trade_in=Up to $8,000 Trade-In Incentive*; sha256=a459aca98fc3f09745388b10c743e905e0760707c0c17f536b38e47d6151be95; retrospective archive reconstruction; date-only available_at is conservatively set to end-of-day."
sgcm-44-2025-10-24-p2-b,2025-10-24T00:00:00+08:00,2025-10-24T23:59:59+08:00,2026-08-24T12:01:09.878522+00:00,https://media.i-sgcm.com/public/new-cars/pricelist/44/2025-10-24.pdf#page=2,SGCarMart archived authorised-dealer price list,Category B,Toyota,Price-list page summary,PDF page 2,271888.0,265388.0,,True,,guaranteed,,W/O FINANCE | icas are after In-House Finance Rebate 52 000l which is annlicable onlv to successful anolicante min mum loan 380 Mi5 Year Tenur,,,,,2025-11-05,PROMOTIONS,,,,0.1626250198444197,SGD,brand_category_pricelist_page_summary; explicit_page_label; price_count=21; price_range=124000.0-422888.0; finance_rate_pct=nan; finance=W/O FINANCE | icas are after In-House Finance Rebate 52 000l which is annlicable onlv to successful anolicante min mum loan 380 Mi5 Year Tenur; trade_in=nan; sha256=f0571abd32684efd93a95105aeffddea0afbdbf4f442ca04c52fa2ce180fd734; retrospective archive reconstruction; date-only available_at is conservatively set to end-of-day.
sgcm-44-2025-11-06-p2-b,2025-11-06T00:00:00+08:00,2025-11-06T23:59:59+08:00,2026-08-24T12:01:47.856847+00:00,https://media.i-sgcm.com/public/new-cars/pricelist/44/2025-11-06.pdf#page=2,SGCarMart archived authorised-dealer price list,Category B,Toyota,Price-list page summary,PDF page 2,258388.0,271888.0,,True,4.0,mixed guaranteed and non-guaranteed packages,,"$2,000 In-house Finance Discount",,,2000.0,,2025-11-19,EXCLUSIVE ROADSHOW OFFERS | 7.Borneo Motors reserves the right to change/ remove the Promotion at any time without prior notice.,EXCLUSIVE ROADSHOW OFFERS | 7.Borneo Motors reserves the right to change/ remove the Promotion at any time without prior notice.,2025-11-06,2025-11-19,0.1573192516833199,SGD,"brand_category_pricelist_page_summary; explicit_page_label; price_count=26; price_range=100000.0-408888.0; finance_rate_pct=nan; finance=$2,000 In-house Finance Discount; trade_in=nan; sha256=c0ec9605dc8b528c9dc2571f1f09be46b489911f793384624401ff76cbaf7e57; retrospective archive reconstruction; date-only available_at is conservatively set to end-of-day."
sgcm-44-2025-11-07-p2-b,2025-11-07T00:00:00+08:00,2025-11-07T23:59:59+08:00,2026-08-24T12:01:53.214605+00:00,https://media.i-sgcm.com/public/new-cars/pricelist/44/2025-11-07.pdf#page=2,SGCarMart archived authorised-dealer price list,Category B,Toyota,Price-list page summary,PDF page 2,258388.0,258388.0,,True,4.0,mixed guaranteed and non-guaranteed packages,,"$2,000 In-house Finance Discount",,,2000.0,,2025-11-19,EXCLUSIVE ROADSHOW OFFERS | 7.Borneo Motors reserves the right to change/ remove the Promotion at any time without prior notice.,EXCLUSIVE ROADSHOW OFFERS | 7.Borneo Motors reserves the right to change/ remove the Promotion at any time without prior notice.,2025-11-06,2025-11-19,0.1573192516833199,SGD,"brand_category_pricelist_page_summary; explicit_page_label; price_count=26; price_range=100000.0-408888.0; finance_rate_pct=nan; finance=$2,000 In-house Finance Discount; trade_in=nan; sha256=a1fec9152b5b08c1baf2b2af748bdf18c4750d0cad41da781e30bd838a4bfb44; retrospective archive reconstruction; date-only available_at is conservatively set to end-of-day."
sgcm-44-2025-11-20-p2-b,2025-11-20T00:00:00+08:00,2025-11-20T23:59:59+08:00,2026-08-24T12:02:31.060183+00:00,https://media.i-sgcm.com/public/new-cars/pricelist/44/2025-11-20.pdf#page=2,SGCarMart archived authorised-dealer price list,Category B,Toyota,Price-list page summary,PDF page 2,247888.0,258388.0,,True,4.0,mixed guaranteed and non-guaranteed packages,,"$2,000 In-house Finance Discount | 2. In-house Finance Discount is only applicable to approved loans of minimum $80,000 for 5 year loan tenure",,,2000.0,,2025-12-03,EXCLUSIVE ROADSHOW OFFERS | 7.Borneo Motors reserves the right to change/ remove the Promotion at any time without prior notice.,EXCLUSIVE ROADSHOW OFFERS | 7.Borneo Motors reserves the right to change/ remove the Promotion at any time without prior notice.,2025-11-20,2025-12-03,0.1573192516833199,SGD,"brand_category_pricelist_page_summary; explicit_page_label; price_count=27; price_range=80000.0-423888.0; finance_rate_pct=nan; finance=$2,000 In-house Finance Discount | 2. In-house Finance Discount is only applicable to approved loans of minimum $80,000 for 5 year loan tenure; trade_in=nan; sha256=52709c8595cdf8b001e91af2f7b26368de70e5ebfffdea27fefcf60413f5b8cc; retrospective archive reconstruction; date-only available_at is conservatively set to end-of-day."
sgcm-44-2025-12-04-p2-b,2025-12-04T00:00:00+08:00,2025-12-04T23:59:59+08:00,2026-08-24T12:02:58.854464+00:00,https://media.i-sgcm.com/public/new-cars/pricelist/44/2025-12-04.pdf#page=2,SGCarMart archived authorised-dealer price list,Category B,Toyota,Price-list page summary,PDF page 2,259888.0,247888.0,,True,4.0,mixed guaranteed and non-guaranteed packages,,"$2,000 In-house Finance Discount | In-house Finance Discount is only applicable to approved loans of minimum $80,000 for 5 year loan tenu",,,2000.0,,,7.Borneo Motors reserves the right to change/ remove the Promotion at any time without prior notice.,,,,0.1517687995360525,SGD,"brand_category_pricelist_page_summary; explicit_page_label; price_count=29; price_range=80000.0-418888.0; finance_rate_pct=nan; finance=$2,000 In-house Finance Discount | In-house Finance Discount is only applicable to approved loans of minimum $80,000 for 5 year loan tenu; trade_in=nan; sha256=a9dc200b20e4b907e72e5de2a419fc86a01e7921af792eeabdc25afaaedc17dc; retrospective archive reconstruction; date-only available_at is conservatively set to end-of-day."
sgcm-44-2025-12-18-p2-b,2025-12-18T00:00:00+08:00,2025-12-18T23:59:59+08:00,2026-08-24T12:03:36.831816+00:00,https://media.i-sgcm.com/public/new-cars/pricelist/44/2025-12-18.pdf#page=2,SGCarMart archived authorised-dealer price list,Category B,Toyota,Price-list page summary,PDF page 2,260888.0,259888.0,,True,4.0,mixed guaranteed and non-guaranteed packages,,"$2,000 In-house Finance Discount|",,,2000.0,,2026-01-07,7.Borneo Motors reserves the right to change/ remove the Promotion at any time without prior notice.,,,,0.1517687995360525,SGD,"brand_category_pricelist_page_summary; explicit_page_label; price_count=21; price_range=100000.0-421888.0; finance_rate_pct=nan; finance=$2,000 In-house Finance Discount|; trade_in=nan; sha256=8a960dec7df8c6785c0cd4a85a3bc83662cda3988e5846f1c561c832d0ef46ad; retrospective archive reconstruction; date-only available_at is conservatively set to end-of-day."
sgcm-44-2026-01-22-p2-b,2026-01-22T00:00:00+08:00,2026-01-22T23:59:59+08:00,2026-08-24T12:05:14.893624+00:00,https://media.i-sgcm.com/public/new-cars/pricelist/44/2026-01-22.pdf#page=2,SGCarMart archived authorised-dealer price list,Category B,Toyota,Price-list page summary,PDF page 2,241888.0,260888.0,,True,4.0,mixed guaranteed and non-guaranteed packages,,"$2,000 In-house Finance Discount | 2. In-house Finance Discount is only applicable to approved loans of minimum $100,000 for 7 year loan tenure",,,2000.0,,2026-02-04,7.Borneo Motors reserves the right to change/ remove the Promotion at any time without prior notice.,,,,0.1417289950263867,SGD,"brand_category_pricelist_page_summary; explicit_page_label; price_count=24; price_range=100000.0-428888.0; finance_rate_pct=nan; finance=$2,000 In-house Finance Discount | 2. In-house Finance Discount is only applicable to approved loans of minimum $100,000 for 7 year loan tenure; trade_in=nan; sha256=cf562c7039e35fa7e73520d4aeda7191bb23b7c266bee13f0087f7a86b49f5e2; retrospective archive reconstruction; date-only available_at is conservatively set to end-of-day."
sgcm-44-2026-02-05-p2-b,2026-02-05T00:00:00+08:00,2026-02-05T23:59:59+08:00,2026-08-24T12:05:47.184580+00:00,https://media.i-sgcm.com/public/new-cars/pricelist/44/2026-02-05.pdf#page=2,SGCarMart archived authorised-dealer price list,Category B,Toyota,Price-list page summary,PDF page 2,225888.0,241888.0,,True,4.0,mixed guaranteed and non-guaranteed packages,,"$2,000 In-house Finance Discount | 2. In-house Finance Discount is only applicable to approved loans of minimum $80,000 for 5 year loan tenure.",,,2000.0,,,"bornco Motors reserves ine ront to chance, remove ine Promotion a any time witnour orior notice.",,,,0.1443926181301967,SGD,"brand_category_pricelist_page_summary; explicit_page_label; price_count=30; price_range=80000.0-416888.0; finance_rate_pct=nan; finance=$2,000 In-house Finance Discount | 2. In-house Finance Discount is only applicable to approved loans of minimum $80,000 for 5 year loan tenure.; trade_in=nan; sha256=6b8af3dcdf3ac31c97535a03d1711e6e4fbea55e695753ea561eb400f324e346; retrospective archive reconstruction; date-only available_at is conservatively set to end-of-day."
sgcm-44-2026-03-05-p2-b,2026-03-05T00:00:00+08:00,2026-03-05T23:59:59+08:00,2026-08-24T12:06:57.273253+00:00,https://media.i-sgcm.com/public/new-cars/pricelist/44/2026-03-05.pdf#page=2,SGCarMart archived authorised-dealer price list,Category B,Toyota,Price-list page summary,PDF page 2,232388.0,225888.0,,True,4.0,mixed guaranteed and non-guaranteed packages,,"- $500 Takashimaya Voucher with in-house financing (min. $80k, 5 years loan at 2.68%) | 2. Interest Rate Subsidy is only applicable to approved loans of minimum $80,000 for 5 year loan tenure",,,,,2026-03-18,• Enjoy Roadshow Offers | 7.Borneo Motors reserves the right to change/ remove the Promotion at any time without prior notice.,• Enjoy Roadshow Offers | 7.Borneo Motors reserves the right to change/ remove the Promotion at any time without prior notice.,2026-03-05,2026-03-18,0.1471399668935074,SGD,"brand_category_pricelist_page_summary; explicit_page_label; price_count=28; price_range=80000.0-420888.0; finance_rate_pct=nan; finance=- $500 Takashimaya Voucher with in-house financing (min. $80k, 5 years loan at 2.68%) | 2. Interest Rate Subsidy is only applicable to approved loans of minimum $80,000 for 5 year loan tenure; trade_in=nan; sha256=3b23427703d5af180911b2e408e0cd0f3dc29ca8012b92831dae86a4e27c880a; retrospective archive reconstruction; date-only available_at is conservatively set to end-of-day."
sgcm-44-2026-04-09-p2-b,2026-04-09T00:00:00+08:00,2026-04-09T23:59:59+08:00,2026-08-24T12:08:34.612849+00:00,https://media.i-sgcm.com/public/new-cars/pricelist/44/2026-04-09.pdf#page=2,SGCarMart archived authorised-dealer price list,Category B,Toyota,Price-list page summary,PDF page 2,236888.0,232388.0,,True,4.0,mixed guaranteed and non-guaranteed packages,,"2. Interest Rate Subsidy is only applicable to approved loans of minimum $80,000 for 7 year loan tenure.",,,,,2026-04-22,EXCLUSIVE ROADSHOW OFFERS | .Borneo Motors reserves the right to change/ remove the Promotion at any time without prior notice,EXCLUSIVE ROADSHOW OFFERS | .Borneo Motors reserves the right to change/ remove the Promotion at any time without prior notice,2026-04-09,2026-04-22,0.1453182296772319,SGD,"brand_category_pricelist_page_summary; explicit_page_label; price_count=29; price_range=106000.0-428888.0; finance_rate_pct=nan; finance=2. Interest Rate Subsidy is only applicable to approved loans of minimum $80,000 for 7 year loan tenure.; trade_in=nan; sha256=8b03ec6e9765b9c26954d8e4ea5a02e1e61267eda9084fb527be15fa5a0c8467; retrospective archive reconstruction; date-only available_at is conservatively set to end-of-day."
sgcm-44-2026-04-23-p2-b,2026-04-23T00:00:00+08:00,2026-04-23T23:59:59+08:00,2026-08-24T12:09:07.187971+00:00,https://media.i-sgcm.com/public/new-cars/pricelist/44/2026-04-23.pdf#page=2,SGCarMart archived authorised-dealer price list,Category B,Toyota,Price-list page summary,PDF page 2,236888.0,236888.0,,True,4.0,mixed guaranteed and non-guaranteed packages,,"2. Finance rebate is only applicable to approved loans of minimum $80,000 for 7 year loan tenure.",,,,,2026-05-06,EXCLUSIVE ROADSHOW OFFERS | .Borneo Motors reserves the right to change/ remove the Promotion at any time without prior notice,EXCLUSIVE ROADSHOW OFFERS | .Borneo Motors reserves the right to change/ remove the Promotion at any time without prior notice,2026-04-23,2026-05-06,0.1453182296772319,SGD,"brand_category_pricelist_page_summary; explicit_page_label; price_count=29; price_range=106000.0-428888.0; finance_rate_pct=nan; finance=2. Finance rebate is only applicable to approved loans of minimum $80,000 for 7 year loan tenure.; trade_in=nan; sha256=c2a48afecd9a39a1302b403c349e8968c27f0fd510789387efeeb24c3f70db0d; retrospective archive reconstruction; date-only available_at is conservatively set to end-of-day."
sgcm-44-2026-05-07-p2-b,2026-05-07T00:00:00+08:00,2026-05-07T23:59:59+08:00,2026-08-24T12:09:50.762163+00:00,https://media.i-sgcm.com/public/new-cars/pricelist/44/2026-05-07.pdf#page=2,SGCarMart archived authorised-dealer price list,Category B,Toyota,Price-list page summary,PDF page 2,245388.0,236888.0,,True,4.0,mixed guaranteed and non-guaranteed packages,,,,"• Free 1,000L Fuel with Applicable Vehicle Trade-in | - Free 1,000L Fuel with Applicable Vehicle Trade-in",,,,,,,,0.1396121386245286,SGD,"brand_category_pricelist_page_summary; explicit_page_label; price_count=30; price_range=111000.0-433888.0; finance_rate_pct=nan; finance=nan; trade_in=• Free 1,000L Fuel with Applicable Vehicle Trade-in | - Free 1,000L Fuel with Applicable Vehicle Trade-in; sha256=dfb07fbf3330c7dda90c4121cda919bfb19a5b8813b5817692d31433cf86674b; retrospective archive reconstruction; date-only available_at is conservatively set to end-of-day."
