tender_id,forecast_cutoff_at,sgd_per_usd,sgd_per_usd_change_21d,vix,vix_change_21d,us_10y_yield,us_10y_yield_change_21d,brent_usd,brent_return_21d,nasdaq_composite,nasdaq_return_21d,sg_real_gdp_yoy,sg_cpi_yoy,sg_unemployment_rate,market_latest_available_at,gdp_available_at,cpi_available_at,unemployment_available_at
2002-01-1,2001-12-31 16:00:00+00:00,1.85,0.010376843255051948,21.4,-2.4400000000000013,5.15,0.3700000000000001,19.77,0.04492600422832971,1987.26,0.02935905271990813,-4.9,0.2,2.9,2001-12-29T04:00:00+00:00,2001-12-14T00:00:00+08:00,2001-12-15T00:00:00+08:00,2001-12-14T00:00:00+08:00
2002-01-2,2002-01-14 16:00:00+00:00,1.8416,0.0023949488351839854,22.6,-2.0299999999999976,4.92,-0.3200000000000003,20.08,0.08306364617044215,2022.46,0.03547566264073265,-4.9,-0.2,2.9,2002-01-12T04:00:00+00:00,2001-12-14T00:00:00+08:00,2002-01-14T00:00:00+08:00,2001-12-14T00:00:00+08:00
2002-02-1,2002-01-31 16:00:00+00:00,1.8355,-0.006226312939902612,23.22,-0.5800000000000018,5.02,-0.05000000000000071,18.71,-0.03307493540051687,1913.44,-0.01894995898277274,-4.9,-0.2,2.9,2002-01-31T04:00:00+00:00,2001-12-14T00:00:00+08:00,2002-01-14T00:00:00+08:00,2001-12-14T00:00:00+08:00
2002-02-2,2002-02-14 16:00:00+00:00,1.83,-0.0019089173711479557,20.85,-2.729999999999997,5.01,0.09999999999999964,21.41,0.1334039174166226,1859.16,-0.06609602459386954,-4.9,-0.6,2.9,2002-02-14T04:00:00+00:00,2001-12-14T00:00:00+08:00,2002-02-14T00:00:00+08:00,2001-12-14T00:00:00+08:00
2002-03-1,2002-02-28 16:00:00+00:00,1.837,0.0019089173711481777,21.49,0.34999999999999787,4.84,-0.28000000000000025,20.73,0.050151975683890626,1751.88,-0.09878543759741965,-4.9,-0.6,2.9,2002-02-28T04:00:00+00:00,2001-12-14T00:00:00+08:00,2002-02-14T00:00:00+08:00,2001-12-14T00:00:00+08:00
2002-03-2,2002-03-14 16:00:00+00:00,1.8248,-0.0033316947949095788,19.46,-2.3200000000000003,5.28,0.3700000000000001,23.6,0.17529880478087656,1862.03,0.008323134740558569,-4.9,-0.6,2.9,2002-03-14T04:00:00+00:00,2001-12-14T00:00:00+08:00,2002-02-14T00:00:00+08:00,2001-12-14T00:00:00+08:00
2002-04-1,2002-03-31 16:00:00+00:00,1.8425,0.006006006006006093,17.4,-4.190000000000001,5.42,0.54,25.34,0.22238301977809938,1845.35,0.06575839306031206,-4.7,-1.1,3.7,2002-03-30T04:00:00+00:00,2002-03-16T00:00:00+08:00,2002-03-17T00:00:00+08:00,2002-03-16T00:00:00+08:00
2002-04-2,2002-04-14 16:00:00+00:00,1.8375,0.008617850477549593,19.42,0.22000000000000242,5.18,-0.22000000000000064,23.25,-0.02146464646464652,1756.19,-0.05282772606167818,-4.7,-0.6,3.7,2002-04-13T04:00:00+00:00,2002-03-16T00:00:00+08:00,2002-04-14T00:00:00+08:00,2002-03-16T00:00:00+08:00
2002-05-1,2002-04-30 16:00:00+00:00,1.809,-0.018181818181818188,24.05,6.650000000000002,5.13,-0.29000000000000004,26.85,0.05958958168902928,1656.93,-0.10210529167908522,-4.7,-0.6,3.7,2002-04-30T04:00:00+00:00,2002-03-16T00:00:00+08:00,2002-04-14T00:00:00+08:00,2002-03-16T00:00:00+08:00
2002-05-2,2002-05-14 16:00:00+00:00,1.8029,-0.01882993197278915,20.72,1.2999999999999972,5.23,0.05000000000000071,26.3,0.13118279569892466,1652.54,-0.05901980992944955,-4.7,-0.9,3.7,2002-05-14T04:00:00+00:00,2002-03-16T00:00:00+08:00,2002-05-15T00:00:00+08:00,2002-03-16T00:00:00+08:00
2002-06-1,2002-05-31 16:00:00+00:00,1.7859,-0.014947600661886273,20.61,-1.3000000000000007,5.06,-0.05000000000000071,23.72,-0.12083024462564873,1631.92,-0.03335445999656439,-4.7,-0.9,3.7,2002-05-31T04:00:00+00:00,2002-03-16T00:00:00+08:00,2002-05-15T00:00:00+08:00,2002-03-16T00:00:00+08:00
2002-06-2,2002-06-14 16:00:00+00:00,1.7845,-0.012997787610619538,25.02,5.669999999999998,4.94,-0.3799999999999999,23.72,-0.12536873156342188,1496.86,-0.12925162153515024,-1.1,-1.1,3.6,2002-06-14T04:00:00+00:00,2002-06-14T00:00:00+08:00,2002-06-14T00:00:00+08:00,2002-06-14T00:00:00+08:00
2002-07-1,2002-06-30 16:00:00+00:00,1.766,-0.01114284114452102,25.4,4.789999999999999,4.86,-0.1999999999999993,25.33,0.06787521079258019,1463.21,-0.10338129320064715,-1.1,-1.1,3.6,2002-06-29T04:00:00+00:00,2002-06-14T00:00:00+08:00,2002-06-14T00:00:00+08:00,2002-06-14T00:00:00+08:00
2002-07-2,2002-07-14 16:00:00+00:00,1.7441,-0.022639394788456113,32.94,7.919999999999998,4.63,-0.3100000000000005,26.11,0.10075885328836431,1373.5,-0.08241251686864492,-1.1,-0.3,3.6,2002-07-13T04:00:00+00:00,2002-06-14T00:00:00+08:00,2002-07-15T00:00:00+08:00,2002-06-14T00:00:00+08:00
2002-08-1,2002-07-31 16:00:00+00:00,1.763,-0.001698754246885703,31.92,6.520000000000003,4.65,-0.20999999999999996,25.95,0.02447690485590215,1344.19,-0.08134170761544823,-1.1,-0.3,3.6,2002-07-31T04:00:00+00:00,2002-06-14T00:00:00+08:00,2002-07-15T00:00:00+08:00,2002-06-14T00:00:00+08:00
2002-08-2,2002-08-14 16:00:00+00:00,1.7595,0.008829768935267435,35.82,2.8800000000000026,4.12,-0.5099999999999998,26.11,0.0,1269.28,-0.07587914088096104,-1.1,0.1,3.6,2002-08-14T04:00:00+00:00,2002-06-14T00:00:00+08:00,2002-08-14T00:00:00+08:00,2002-06-14T00:00:00+08:00
2002-09-1,2002-08-31 16:00:00+00:00,1.75,-0.007373794668179223,32.64,0.6099999999999994,4.14,-0.3700000000000001,27.56,0.0487062404870624,1314.85,-0.010095914956409158,-1.1,0.1,3.6,2002-08-31T04:00:00+00:00,2002-06-14T00:00:00+08:00,2002-08-14T00:00:00+08:00,2002-06-14T00:00:00+08:00
2002-09-2,2002-09-14 16:00:00+00:00,1.771,0.014783405913362246,35.82,3.460000000000001,3.92,-0.13999999999999968,28.53,0.07782395164336986,1291.4,-0.03215169002473195,4.2,-0.4,3.4,2002-09-14T04:00:00+00:00,2002-09-13T00:00:00+08:00,2002-09-14T00:00:00+08:00,2002-09-13T00:00:00+08:00
2002-10-1,2002-09-30 16:00:00+00:00,1.779,0.01657142857142846,36.97,4.329999999999998,3.69,-0.44999999999999973,29.0,0.052249637155297624,1199.16,-0.08798722287713412,4.2,-0.4,3.4,2002-09-28T04:00:00+00:00,2002-09-13T00:00:00+08:00,2002-09-14T00:00:00+08:00,2002-09-13T00:00:00+08:00
2002-10-2,2002-10-14 16:00:00+00:00,1.7935,0.012704686617730276,35.7,-0.11999999999999744,3.83,-0.08999999999999986,28.18,-0.012267788293024884,1210.47,-0.06266842186774046,4.2,-0.4,3.4,2002-10-12T04:00:00+00:00,2002-09-13T00:00:00+08:00,2002-10-15T00:00:00+08:00,2002-09-13T00:00:00+08:00
2002-11-1,2002-10-31 16:00:00+00:00,1.772,-0.003374578177727794,31.23,-8.459999999999997,3.99,0.3600000000000003,25.29,-0.1312263826863621,1326.73,0.13196423391293965,4.2,-0.4,3.4,2002-10-31T04:00:00+00:00,2002-09-13T00:00:00+08:00,2002-10-15T00:00:00+08:00,2002-09-13T00:00:00+08:00
2002-11-2,2002-11-14 16:00:00+00:00,1.7663,-0.01516587677725123,31.24,-4.800000000000001,3.84,0.009999999999999787,22.96,-0.196078431372549,1361.34,0.11536791393902646,4.2,-0.4,3.4,2002-11-14T04:00:00+00:00,2002-09-13T00:00:00+08:00,2002-11-14T00:00:00+08:00,2002-09-13T00:00:00+08:00
2002-12-1,2002-11-30 16:00:00+00:00,1.7672,-0.0027088036117380865,27.5,-3.7300000000000004,4.22,0.22999999999999954,25.74,0.017793594306049876,1478.78,0.11460508166695549,4.2,-0.4,3.4,2002-11-30T04:00:00+00:00,2002-09-13T00:00:00+08:00,2002-11-14T00:00:00+08:00,2002-09-13T00:00:00+08:00
2002-12-2,2002-12-14 16:00:00+00:00,1.748,-0.010360640887731365,28.18,-3.0599999999999987,4.07,0.23000000000000043,27.64,0.2038327526132404,1362.42,0.0007933359777867466,6.6,-0.2,3.6,2002-12-14T04:00:00+00:00,2002-12-14T00:00:00+08:00,2002-12-15T00:00:00+08:00,2002-12-14T00:00:00+08:00
2003-01-1,2002-12-31 16:00:00+00:00,1.7352,-0.018107741059302906,29.62,2.120000000000001,3.82,-0.3999999999999999,32.02,0.24397824397824408,1339.54,-0.09415869838650781,6.6,-0.2,3.6,2002-12-31T04:00:00+00:00,2002-12-14T00:00:00+08:00,2002-12-15T00:00:00+08:00,2002-12-14T00:00:00+08:00
2003-01-2,2003-01-14 16:00:00+00:00,1.7375,-0.006006864988558291,24.9,-3.280000000000001,4.15,0.08000000000000007,30.46,0.10202604920405212,1446.04,0.06137608079740464,6.6,0.2,3.6,2003-01-14T04:00:00+00:00,2002-12-14T00:00:00+08:00,2003-01-14T00:00:00+08:00,2002-12-14T00:00:00+08:00
2003-02-1,2003-01-31 16:00:00+00:00,1.739,0.0021899492853849623,31.32,2.6999999999999993,4.0,0.16999999999999993,31.42,0.0431606905710491,1322.06,-0.010071058996188764,6.6,0.2,3.6,2003-01-31T04:00:00+00:00,2002-12-14T00:00:00+08:00,2003-01-14T00:00:00+08:00,2002-12-14T00:00:00+08:00
2003-02-2,2003-02-14 16:00:00+00:00,1.754,0.012234533702677908,33.7,9.130000000000003,3.89,-0.20999999999999952,33.23,0.05963010204081631,1261.79,-0.1363459024360194,6.6,0.4,3.6,2003-02-14T04:00:00+00:00,2002-12-14T00:00:00+08:00,2003-02-14T00:00:00+08:00,2002-12-14T00:00:00+08:00
2003-03-1,2003-02-28 16:00:00+00:00,1.7361,0.001788805539526761,30.53,-1.3999999999999986,3.76,-0.2400000000000002,34.09,0.10933940774487483,1331.79,-0.01092461938358713,6.6,0.4,3.6,2003-02-28T04:00:00+00:00,2002-12-14T00:00:00+08:00,2003-02-14T00:00:00+08:00,2002-12-14T00:00:00+08:00
2003-03-2,2003-03-14 16:00:00+00:00,1.7502,-0.0020526855969894564,31.76,-1.9199999999999982,3.74,-0.23999999999999977,33.98,0.045216856351891765,1340.78,0.0427837015951531,6.6,0.4,3.6,2003-03-14T04:00:00+00:00,2002-12-14T00:00:00+08:00,2003-02-14T00:00:00+08:00,2002-12-14T00:00:00+08:00
2003-04-1,2003-03-31 16:00:00+00:00,1.773,0.020490387935996335,27.75,-1.879999999999999,3.92,0.20999999999999996,27.66,-0.18647058823529417,1367.89,0.01873794433728304,6.1,0.9,3.7,2003-03-29T04:00:00+00:00,2003-03-16T00:00:00+08:00,2003-03-17T00:00:00+08:00,2003-03-16T00:00:00+08:00
2003-04-2,2003-04-14 16:00:00+00:00,1.7807,0.012221464301955365,24.44,-6.539999999999999,4.0,0.2799999999999998,24.39,-0.22522236340533675,1353.74,0.008425020299009933,6.1,0.4,3.7,2003-04-12T04:00:00+00:00,2003-03-16T00:00:00+08:00,2003-04-14T00:00:00+08:00,2003-03-16T00:00:00+08:00
2003-05-1,2003-04-30 16:00:00+00:00,1.7779,0.0027636773829669004,20.76,-6.989999999999998,3.96,0.040000000000000036,23.23,-0.16015907447577726,1459.48,0.06695713836638895,6.1,0.4,3.7,2003-04-30T04:00:00+00:00,2003-03-16T00:00:00+08:00,2003-04-14T00:00:00+08:00,2003-03-16T00:00:00+08:00
2003-05-2,2003-05-14 16:00:00+00:00,1.734,-0.026225641601617333,19.91,-4.530000000000001,3.63,-0.3700000000000001,25.45,0.0434604346043459,1548.59,0.14393458123421032,6.1,0.8,3.7,2003-05-14T04:00:00+00:00,2003-03-16T00:00:00+08:00,2003-05-15T00:00:00+08:00,2003-03-16T00:00:00+08:00
2003-06-1,2003-05-31 16:00:00+00:00,1.735,-0.022259791490560676,19.47,-1.740000000000002,3.37,-0.52,26.58,0.1262711864406778,1599.92,0.08639292722840519,6.1,0.8,3.7,2003-05-31T04:00:00+00:00,2003-03-16T00:00:00+08:00,2003-05-15T00:00:00+08:00,2003-03-16T00:00:00+08:00
2003-06-2,2003-06-14 16:00:00+00:00,1.7324,0.0016767851980341586,20.66,0.6600000000000001,3.13,-0.3999999999999999,27.39,0.05427251732101612,1624.12,0.06420118730915902,4.2,0.9,3.7,2003-06-14T04:00:00+00:00,2003-06-14T00:00:00+08:00,2003-06-14T00:00:00+08:00,2003-06-14T00:00:00+08:00
2003-07-1,2003-06-30 16:00:00+00:00,1.757,0.012680115273774994,19.16,-0.3099999999999987,3.58,0.20999999999999996,27.45,0.03273137697516937,1621.25,0.013331916595829663,4.2,0.9,3.7,2003-06-28T04:00:00+00:00,2003-06-14T00:00:00+08:00,2003-06-14T00:00:00+08:00,2003-06-14T00:00:00+08:00
2003-07-2,2003-07-14 16:00:00+00:00,1.7554,0.013276379589009624,18.47,-2.1900000000000013,3.66,0.5300000000000002,29.36,0.07192405987586703,1737.41,0.06975469792872468,4.2,-0.1,3.7,2003-07-12T04:00:00+00:00,2003-06-14T00:00:00+08:00,2003-07-15T00:00:00+08:00,2003-06-14T00:00:00+08:00
2003-08-1,2003-07-31 16:00:00+00:00,1.758,-0.001590186278964012,18.85,-0.6699999999999982,4.34,0.7999999999999998,28.31,-0.019736842105263164,1717.07,0.05897843891849219,4.2,-0.1,3.7,2003-07-31T04:00:00+00:00,2003-06-14T00:00:00+08:00,2003-07-15T00:00:00+08:00,2003-06-14T00:00:00+08:00
2003-08-2,2003-08-14 16:00:00+00:00,1.7543,-0.0009681093394077189,18.77,-0.8200000000000003,4.58,0.8399999999999999,29.66,0.03997194950911642,1695.83,-0.030333699281826165,4.2,-0.3,3.7,2003-08-14T04:00:00+00:00,2003-06-14T00:00:00+08:00,2003-08-14T00:00:00+08:00,2003-06-14T00:00:00+08:00
2003-09-1,2003-08-31 16:00:00+00:00,1.7535,-0.0034100596760443525,18.63,-0.8599999999999994,4.45,-0.040000000000000036,30.38,0.05927475592747555,1813.82,0.03212186392165561,4.2,-0.3,3.7,2003-08-30T04:00:00+00:00,2003-06-14T00:00:00+08:00,2003-08-14T00:00:00+08:00,2003-06-14T00:00:00+08:00
2003-09-2,2003-09-14 16:00:00+00:00,1.752,0.0014289797084880984,18.68,0.21000000000000085,4.27,-0.28000000000000025,26.52,-0.08425414364640893,1855.04,0.09098180363927222,-0.3,0.3,3.6,2003-09-13T04:00:00+00:00,2003-09-13T00:00:00+08:00,2003-09-14T00:00:00+08:00,2003-09-13T00:00:00+08:00
2003-10-1,2003-09-30 16:00:00+00:00,1.7305,-0.01311662389506707,21.67,3.0400000000000027,4.09,-0.3600000000000003,27.77,-0.08591178406846611,1824.59,0.00593774464941399,-0.3,0.3,3.6,2003-09-30T04:00:00+00:00,2003-09-13T00:00:00+08:00,2003-09-14T00:00:00+08:00,2003-09-13T00:00:00+08:00
2003-10-2,2003-10-14 16:00:00+00:00,1.722,-0.017123287671232945,17.55,-1.129999999999999,4.29,0.020000000000000462,31.0,0.16892911010558076,1921.96,0.03607469380714168,-0.3,0.5,3.6,2003-10-14T04:00:00+00:00,2003-09-13T00:00:00+08:00,2003-10-15T00:00:00+08:00,2003-09-13T00:00:00+08:00
2003-11-1,2003-10-31 16:00:00+00:00,1.7337,0.0018491765385726389,16.33,-6.390000000000001,4.36,0.40000000000000036,27.47,-0.02207191171235323,1929.77,0.07048277315818963,-0.3,0.5,3.6,2003-10-31T04:00:00+00:00,2003-09-13T00:00:00+08:00,2003-10-15T00:00:00+08:00,2003-09-13T00:00:00+08:00
2003-11-2,2003-11-14 16:00:00+00:00,1.725,-0.007708237459733036,16.47,-0.9000000000000021,4.3,-0.07000000000000028,29.01,-0.07758346581875986,1970.4,0.013929697992620893,-0.3,0.7,3.6,2003-11-14T04:00:00+00:00,2003-09-13T00:00:00+08:00,2003-11-14T00:00:00+08:00,2003-09-13T00:00:00+08:00
2003-12-1,2003-11-30 16:00:00+00:00,1.724,-0.005594970294745316,16.32,-0.00999999999999801,4.34,-0.020000000000000462,28.95,0.053876956680014576,1963.06,0.017250760453318303,-0.3,0.7,3.6,2003-11-29T04:00:00+00:00,2003-09-13T00:00:00+08:00,2003-11-14T00:00:00+08:00,2003-09-13T00:00:00+08:00
2003-12-2,2003-12-14 16:00:00+00:00,1.71,-0.008695652173913104,16.41,-0.05999999999999872,4.26,-0.040000000000000036,30.24,0.04239917269906912,1949.02,-0.010850588712951748,5.3,0.6,4.8,2003-12-13T04:00:00+00:00,2003-12-14T00:00:00+08:00,2003-12-15T00:00:00+08:00,2003-12-14T00:00:00+08:00
2004-01-1,2003-12-31 16:00:00+00:00,1.7034,-0.01194895591647327,17.68,1.3599999999999994,4.29,-0.04999999999999982,30.1,0.039723661485319584,2010.13,0.023977871282589547,5.3,0.6,4.8,2003-12-31T04:00:00+00:00,2003-12-14T00:00:00+08:00,2003-12-15T00:00:00+08:00,2003-12-14T00:00:00+08:00
2004-01-2,2004-01-14 16:00:00+00:00,1.6942,-0.009239766081871381,18.04,1.629999999999999,4.05,-0.20999999999999996,32.55,0.07638888888888884,2089.35,0.07200028732388586,5.3,0.6,4.8,2004-01-14T04:00:00+00:00,2003-12-14T00:00:00+08:00,2004-01-14T00:00:00+08:00,2003-12-14T00:00:00+08:00
2004-02-1,2004-01-31 16:00:00+00:00,1.6936,-0.0031783402001177574,16.63,-1.6799999999999997,4.16,-0.10999999999999943,29.53,-0.025412541254125398,2065.44,0.034468251344772716,5.3,0.6,4.8,2004-01-31T04:00:00+00:00,2003-12-14T00:00:00+08:00,2004-01-14T00:00:00+08:00,2003-12-14T00:00:00+08:00
2004-02-2,2004-02-14 16:00:00+00:00,1.676,-0.010917674830333457,15.58,-1.17,4.05,0.040000000000000036,30.96,-0.027638190954773822,2049.76,-0.029345607629763126,5.3,0.7,4.8,2004-02-14T04:00:00+00:00,2003-12-14T00:00:00+08:00,2004-02-14T00:00:00+08:00,2003-12-14T00:00:00+08:00
2004-03-1,2004-02-29 16:00:00+00:00,1.703,-0.00029351335485761076,14.55,-2.59,3.99,-0.22999999999999954,32.94,0.11774686121479472,2018.83,-0.01089624559667235,5.3,0.7,4.8,2004-02-28T04:00:00+00:00,2003-12-14T00:00:00+08:00,2004-02-14T00:00:00+08:00,2003-12-14T00:00:00+08:00
2004-03-2,2004-03-14 16:00:00+00:00,1.7118,0.022031166039763628,18.3,2.99,3.78,-0.31999999999999984,32.76,0.08584686774941974,1984.73,-0.042146462940262364,8.9,0.7,3.9,2004-03-13T04:00:00+00:00,2004-03-15T00:00:00+08:00,2004-02-14T00:00:00+08:00,2004-03-15T00:00:00+08:00
2004-04-1,2004-03-31 16:00:00+00:00,1.6836,-0.011391661773341166,16.28,1.7300000000000004,3.91,-0.08000000000000007,33.04,0.0030358227079538835,2000.68,-0.008990355800141625,8.9,0.7,3.9,2004-03-31T04:00:00+00:00,2004-03-15T00:00:00+08:00,2004-03-16T00:00:00+08:00,2004-03-15T00:00:00+08:00
2004-04-2,2004-04-14 16:00:00+00:00,1.6713,-0.023659305993690816,17.26,-1.0399999999999991,4.35,0.5699999999999998,34.15,0.0424297924297925,2026.2,0.020894529734523104,8.9,2.0,3.9,2004-04-14T04:00:00+00:00,2004-03-15T00:00:00+08:00,2004-04-14T00:00:00+08:00,2004-03-15T00:00:00+08:00
2004-05-1,2004-04-30 16:00:00+00:00,1.7049,0.012651461154668642,16.6,0.3200000000000003,4.55,0.6399999999999997,34.66,0.049031476997578594,1946.1,-0.027280724553651825,8.9,2.0,3.9,2004-04-30T04:00:00+00:00,2004-03-15T00:00:00+08:00,2004-04-14T00:00:00+08:00,2004-03-15T00:00:00+08:00
2004-05-2,2004-05-14 16:00:00+00:00,1.7257,0.0325495123556514,18.86,1.5999999999999979,4.85,0.5,38.3,0.12152269399707172,1937.87,-0.04359391965255166,8.9,1.0,3.9,2004-05-14T04:00:00+00:00,2004-03-15T00:00:00+08:00,2004-05-15T00:00:00+08:00,2004-03-15T00:00:00+08:00
2004-06-1,2004-05-31 16:00:00+00:00,1.6984,-0.0019392372333548735,15.5,-1.6900000000000013,4.66,0.1299999999999999,37.0,0.050241271643485685,1990.81,0.03720973851067266,8.9,1.0,3.9,2004-05-29T04:00:00+00:00,2004-03-15T00:00:00+08:00,2004-05-15T00:00:00+08:00,2004-03-15T00:00:00+08:00
2004-06-2,2004-06-14 16:00:00+00:00,1.7167,-0.0062518089725036585,15.04,-3.4299999999999997,4.81,0.019999999999999574,35.23,-0.09759221311475419,1988.89,0.04812470686193393,10.3,1.5,3.7,2004-06-12T04:00:00+00:00,2004-06-14T00:00:00+08:00,2004-06-14T00:00:00+08:00,2004-06-14T00:00:00+08:00
2004-07-1,2004-06-30 16:00:00+00:00,1.7157,0.010186057465850329,15.47,-0.02999999999999936,4.7,0.040000000000000036,32.61,-0.11864864864864866,2037.6,0.023502996267850795,10.3,1.5,3.7,2004-06-30T04:00:00+00:00,2004-06-14T00:00:00+08:00,2004-06-14T00:00:00+08:00,2004-06-14T00:00:00+08:00
2004-07-2,2004-07-14 16:00:00+00:00,1.7038,-0.007514417195782608,14.46,-0.5799999999999983,4.5,-0.3099999999999996,36.68,0.0411581038887312,1930.59,-0.029312832786127063,10.3,2.4,3.7,2004-07-14T04:00:00+00:00,2004-06-14T00:00:00+08:00,2004-07-15T00:00:00+08:00,2004-06-14T00:00:00+08:00
2004-08-1,2004-07-31 16:00:00+00:00,1.7197,-0.0019152640742891025,15.32,0.9800000000000004,4.5,-0.1200000000000001,41.47,0.2483443708609272,1896.31,-0.0775131953396736,10.3,2.4,3.7,2004-07-31T04:00:00+00:00,2004-06-14T00:00:00+08:00,2004-07-15T00:00:00+08:00,2004-06-14T00:00:00+08:00
2004-08-2,2004-08-14 16:00:00+00:00,1.715,0.006987258528565521,17.98,4.220000000000001,4.22,-0.28000000000000025,44.13,0.17648627032791264,1757.22,-0.09313199289872431,10.3,1.9,3.7,2004-08-14T04:00:00+00:00,2004-06-14T00:00:00+08:00,2004-08-14T00:00:00+08:00,2004-06-14T00:00:00+08:00
2004-09-1,2004-08-31 16:00:00+00:00,1.7155,-0.0024422864453101933,15.44,0.11999999999999922,4.19,-0.3099999999999996,40.78,-0.016638533879913098,1836.49,-0.031545475159652114,10.3,1.9,3.7,2004-08-31T04:00:00+00:00,2004-06-14T00:00:00+08:00,2004-08-14T00:00:00+08:00,2004-06-14T00:00:00+08:00
2004-09-2,2004-09-14 16:00:00+00:00,1.6975,-0.010204081632653073,13.17,-4.8100000000000005,4.16,-0.05999999999999961,40.63,-0.0793111262179923,1910.38,0.08716040108808243,13.5,2.0,3.6,2004-09-14T04:00:00+00:00,2004-09-13T00:00:00+08:00,2004-09-14T00:00:00+08:00,2004-09-13T00:00:00+08:00
2004-10-1,2004-09-30 16:00:00+00:00,1.6911,-0.014223258525211335,13.21,-2.2299999999999986,4.1,-0.09000000000000075,46.54,0.14124570868072572,1893.94,0.031282500857614304,13.5,2.0,3.6,2004-09-30T04:00:00+00:00,2004-09-13T00:00:00+08:00,2004-09-14T00:00:00+08:00,2004-09-13T00:00:00+08:00
2004-10-2,2004-10-14 16:00:00+00:00,1.6858,-0.006892488954344689,15.42,2.25,4.09,-0.07000000000000028,50.42,0.24095495938961364,1920.53,0.005313079073273386,13.5,1.8,3.6,2004-10-14T04:00:00+00:00,2004-09-13T00:00:00+08:00,2004-10-15T00:00:00+08:00,2004-09-13T00:00:00+08:00
2004-11-1,2004-10-31 16:00:00+00:00,1.6635,-0.012583842820680258,16.27,2.9299999999999997,4.05,-0.08999999999999986,48.16,0.008375209380234505,1974.99,0.04120010122097817,13.5,1.8,3.6,2004-10-30T04:00:00+00:00,2004-09-13T00:00:00+08:00,2004-10-15T00:00:00+08:00,2004-09-13T00:00:00+08:00
2004-11-2,2004-11-14 16:00:00+00:00,1.6514,-0.01865937722842892,13.33,-3.0999999999999996,4.2,0.16999999999999993,41.33,-0.19450399532254925,2085.34,0.09580561423421718,13.5,1.9,3.6,2004-11-13T04:00:00+00:00,2004-09-13T00:00:00+08:00,2004-11-14T00:00:00+08:00,2004-09-13T00:00:00+08:00
2004-12-1,2004-11-30 16:00:00+00:00,1.6367,-0.016110610159302596,13.3,-2.969999999999999,4.34,0.29000000000000004,44.05,-0.08534053156146182,2106.87,0.06677502164567906,13.5,1.9,3.6,2004-11-30T04:00:00+00:00,2004-09-13T00:00:00+08:00,2004-11-14T00:00:00+08:00,2004-09-13T00:00:00+08:00
2004-12-2,2004-12-14 16:00:00+00:00,1.646,-0.0032699527673489825,12.54,-0.7900000000000009,4.16,-0.040000000000000036,36.77,-0.11033147834502777,2148.5,0.030287626957714364,8.4,1.9,3.0,2004-12-14T04:00:00+00:00,2004-12-14T00:00:00+08:00,2004-12-15T00:00:00+08:00,2004-12-14T00:00:00+08:00
2005-01-1,2004-12-31 16:00:00+00:00,1.6369,-0.0010374710118393748,12.56,-0.6799999999999997,4.27,-0.09000000000000075,39.8,-0.100158263621976,2178.34,0.03888287446168226,8.4,1.9,3.0,2004-12-31T04:00:00+00:00,2004-12-14T00:00:00+08:00,2004-12-15T00:00:00+08:00,2004-12-14T00:00:00+08:00
2005-01-2,2005-01-14 16:00:00+00:00,1.631,-0.01121551985450131,12.84,0.10999999999999943,4.2,0.0600000000000005,45.76,0.235754793410748,2070.56,-0.04133639528853994,8.4,1.8,3.0,2005-01-14T04:00:00+00:00,2004-12-14T00:00:00+08:00,2005-01-14T00:00:00+08:00,2004-12-14T00:00:00+08:00
2005-02-1,2005-01-31 16:00:00+00:00,1.6341,0.0013481218211901513,13.24,-0.049999999999998934,4.16,-0.08000000000000007,44.75,0.10822189202575516,2035.83,-0.0641755231125658,8.4,1.8,3.0,2005-01-29T04:00:00+00:00,2004-12-14T00:00:00+08:00,2005-01-14T00:00:00+08:00,2004-12-14T00:00:00+08:00
2005-02-2,2005-02-14 16:00:00+00:00,1.6483,0.006656895077562064,11.43,-1.0,4.1,-0.13000000000000078,44.41,-0.0187803800265135,2076.66,-0.005388163282900149,8.4,1.3,3.0,2005-02-12T04:00:00+00:00,2004-12-14T00:00:00+08:00,2005-02-14T00:00:00+08:00,2004-12-14T00:00:00+08:00
2005-03-1,2005-02-28 16:00:00+00:00,1.6317,-0.0014686983660732178,11.49,-1.75,4.27,0.10999999999999943,50.05,0.11843575418994412,2065.4,0.014524788415535728,8.4,1.3,3.0,2005-02-26T04:00:00+00:00,2004-12-14T00:00:00+08:00,2005-02-14T00:00:00+08:00,2004-12-14T00:00:00+08:00
2005-03-2,2005-03-14 16:00:00+00:00,1.6184,-0.01813990171692048,12.8,1.370000000000001,4.56,0.45999999999999996,53.15,0.19680252195451486,2041.6,-0.016882879238777626,8.4,1.3,3.0,2005-03-12T04:00:00+00:00,2004-12-14T00:00:00+08:00,2005-02-14T00:00:00+08:00,2004-12-14T00:00:00+08:00
2005-04-1,2005-03-31 16:00:00+00:00,1.6504,0.01625615763546806,13.64,1.5600000000000005,4.56,0.1999999999999993,50.63,0.009974067424695754,2005.67,-0.022444583081511982,7.8,0.4,3.2,2005-03-31T04:00:00+00:00,2005-03-16T00:00:00+08:00,2005-03-17T00:00:00+08:00,2005-03-16T00:00:00+08:00
2005-04-2,2005-04-14 16:00:00+00:00,1.644,0.012751801885048986,13.31,0.9199999999999999,4.38,-0.13999999999999968,49.67,-0.07470193740685538,1974.37,-0.037381035962243625,7.8,0.0,3.2,2005-04-14T04:00:00+00:00,2005-03-16T00:00:00+08:00,2005-04-14T00:00:00+08:00,2005-03-16T00:00:00+08:00
2005-05-1,2005-04-30 16:00:00+00:00,1.6337,-0.010118759088705853,15.31,1.67,4.21,-0.34999999999999964,50.61,-0.00039502271380609244,1921.65,-0.04189123833930808,7.8,0.0,3.2,2005-04-30T04:00:00+00:00,2005-03-16T00:00:00+08:00,2005-04-14T00:00:00+08:00,2005-03-16T00:00:00+08:00
2005-05-2,2005-05-14 16:00:00+00:00,1.6575,0.008211678832116931,16.32,3.01,4.12,-0.2599999999999998,46.85,-0.05677471310650295,1976.78,0.0012206425340741678,7.8,0.4,3.2,2005-05-14T04:00:00+00:00,2005-03-16T00:00:00+08:00,2005-05-15T00:00:00+08:00,2005-03-16T00:00:00+08:00
2005-06-1,2005-05-31 16:00:00+00:00,1.6591,0.015547530146293731,12.15,-3.16,4.08,-0.1299999999999999,49.33,-0.02529144437858133,2075.73,0.08018109437202403,7.8,0.4,3.2,2005-05-31T04:00:00+00:00,2005-03-16T00:00:00+08:00,2005-05-15T00:00:00+08:00,2005-03-16T00:00:00+08:00
2005-06-2,2005-06-14 16:00:00+00:00,1.6793,0.013152337858220342,11.65,-4.67,4.09,-0.03000000000000025,52.0,0.10992529348986113,2068.96,0.04663139044304376,5.4,0.4,3.2,2005-06-14T04:00:00+00:00,2005-06-14T00:00:00+08:00,2005-06-14T00:00:00+08:00,2005-06-14T00:00:00+08:00
2005-07-1,2005-06-30 16:00:00+00:00,1.6846,0.015369778795732758,11.77,-0.3800000000000008,3.99,-0.08999999999999986,55.42,0.12345428745185494,2068.89,-0.003295226257750361,5.4,0.4,3.2,2005-06-30T04:00:00+00:00,2005-06-14T00:00:00+08:00,2005-06-14T00:00:00+08:00,2005-06-14T00:00:00+08:00
2005-07-2,2005-07-14 16:00:00+00:00,1.6924,0.0078008694098730125,10.84,-0.8100000000000005,4.17,0.08000000000000007,58.33,0.1217307692307692,2144.11,0.036322596860258294,5.4,0.0,3.2,2005-07-14T04:00:00+00:00,2005-06-14T00:00:00+08:00,2005-07-15T00:00:00+08:00,2005-06-14T00:00:00+08:00
2005-08-1,2005-07-31 16:00:00+00:00,1.661,-0.015295233578373257,11.57,-0.46999999999999886,4.28,0.3400000000000003,59.77,0.07966040462427748,2184.83,0.062164553515867915,5.4,0.0,3.2,2005-07-30T04:00:00+00:00,2005-06-14T00:00:00+08:00,2005-07-15T00:00:00+08:00,2005-06-14T00:00:00+08:00
2005-08-2,2005-08-14 16:00:00+00:00,1.651,-0.022498519834221464,12.74,1.9299999999999997,4.24,0.04999999999999982,67.26,0.18436344426835727,2156.9,0.0018951886363003378,5.4,-0.2,3.2,2005-08-13T04:00:00+00:00,2005-06-14T00:00:00+08:00,2005-08-14T00:00:00+08:00,2005-06-14T00:00:00+08:00
2005-09-1,2005-08-31 16:00:00+00:00,1.686,0.015051173991571298,13.65,2.08,4.16,-0.1200000000000001,66.15,0.10674251296637105,2129.76,-0.02520562240540436,5.4,-0.2,3.2,2005-08-31T04:00:00+00:00,2005-06-14T00:00:00+08:00,2005-08-14T00:00:00+08:00,2005-06-14T00:00:00+08:00
2005-09-2,2005-09-14 16:00:00+00:00,1.6827,0.019200484554815267,12.39,-0.34999999999999964,4.14,-0.10000000000000053,61.31,-0.0884626821290515,2171.75,0.006884881079326721,6.2,0.1,3.3,2005-09-14T04:00:00+00:00,2005-09-13T00:00:00+08:00,2005-09-14T00:00:00+08:00,2005-09-13T00:00:00+08:00
2005-10-1,2005-09-30 16:00:00+00:00,1.6908,0.00284697508896814,12.24,-1.4100000000000001,4.29,0.1299999999999999,62.02,-0.06243386243386251,2141.22,0.00538088798737868,6.2,0.1,3.3,2005-09-30T04:00:00+00:00,2005-09-13T00:00:00+08:00,2005-09-14T00:00:00+08:00,2005-09-13T00:00:00+08:00
2005-10-2,2005-10-14 16:00:00+00:00,1.6945,0.007012539371248572,16.47,4.079999999999998,4.48,0.34000000000000075,59.48,-0.029848311857772036,2047.22,-0.057340854149879106,6.2,0.7,3.3,2005-10-14T04:00:00+00:00,2005-09-13T00:00:00+08:00,2005-10-15T00:00:00+08:00,2005-09-13T00:00:00+08:00
2005-11-1,2005-10-31 16:00:00+00:00,1.6924,0.0014793774779573443,14.25,2.33,4.58,0.2400000000000002,59.47,-0.03614262560777959,2089.88,-0.028726257035167624,6.2,0.7,3.3,2005-10-29T04:00:00+00:00,2005-09-13T00:00:00+08:00,2005-10-15T00:00:00+08:00,2005-09-13T00:00:00+08:00
2005-11-2,2005-11-14 16:00:00+00:00,1.7024,0.008471062140868346,11.63,-3.2399999999999984,4.55,0.0699999999999994,54.3,-0.0710008554319933,2202.47,0.06665924071231033,6.2,0.6,3.3,2005-11-12T04:00:00+00:00,2005-09-13T00:00:00+08:00,2005-11-14T00:00:00+08:00,2005-09-13T00:00:00+08:00
2005-12-1,2005-11-30 16:00:00+00:00,1.6927,0.00017726305837872935,11.89,-2.3599999999999994,4.48,-0.09999999999999964,53.24,-0.10475870186648728,2232.71,0.06834363695523193,6.2,0.6,3.3,2005-11-30T04:00:00+00:00,2005-09-13T00:00:00+08:00,2005-11-14T00:00:00+08:00,2005-09-13T00:00:00+08:00
2005-12-2,2005-12-14 16:00:00+00:00,1.6741,-0.016623590225563922,11.11,-0.5200000000000014,4.54,-0.009999999999999787,59.16,0.08950276243093924,2265.0,0.02839085208879122,8.5,1.1,3.3,2005-12-14T04:00:00+00:00,2005-12-14T00:00:00+08:00,2005-12-15T00:00:00+08:00,2005-12-14T00:00:00+08:00
2006-01-1,2005-12-31 16:00:00+00:00,1.6628,-0.016560208185474323,12.07,0.009999999999999787,4.39,-0.10000000000000053,58.34,0.09558685446009396,2205.32,-0.012316263738232358,8.5,1.1,3.3,2005-12-31T04:00:00+00:00,2005-12-14T00:00:00+08:00,2005-12-15T00:00:00+08:00,2005-12-14T00:00:00+08:00
2006-01-2,2006-01-14 16:00:00+00:00,1.6285,-0.024324486250074884,11.23,0.75,4.36,-0.08999999999999986,61.58,0.03339486491021981,2317.04,0.024065341047206923,8.5,1.0,3.3,2006-01-14T04:00:00+00:00,2005-12-14T00:00:00+08:00,2006-01-14T00:00:00+08:00,2005-12-14T00:00:00+08:00
2006-02-1,2006-01-31 16:00:00+00:00,1.6296,-0.019966321866730863,12.39,0.3200000000000003,4.54,0.15000000000000036,65.14,0.11655810764484054,2306.78,0.04600692869968981,8.5,1.0,3.3,2006-01-31T04:00:00+00:00,2005-12-14T00:00:00+08:00,2006-01-14T00:00:00+08:00,2005-12-14T00:00:00+08:00
2006-02-2,2006-02-14 16:00:00+00:00,1.6282,-0.0001842186060792006,13.35,2.119999999999999,4.58,0.21999999999999975,59.16,-0.039298473530367084,2239.81,-0.033331319269412685,8.5,1.3,3.3,2006-02-14T04:00:00+00:00,2005-12-14T00:00:00+08:00,2006-02-14T00:00:00+08:00,2005-12-14T00:00:00+08:00
2006-03-1,2006-02-28 16:00:00+00:00,1.6217,-0.0020307692307692804,11.59,-0.3800000000000008,4.59,0.07000000000000028,59.44,-0.08483448806774452,2307.18,0.0012802541412966217,8.5,1.3,3.3,2006-02-28T04:00:00+00:00,2005-12-14T00:00:00+08:00,2006-02-14T00:00:00+08:00,2005-12-14T00:00:00+08:00
2006-03-2,2006-03-14 16:00:00+00:00,1.6267,0.0012309964916599192,11.37,-1.5,4.77,0.17999999999999972,60.99,0.022292993630573354,2267.03,0.0022768670309654127,8.5,1.3,3.3,2006-03-14T04:00:00+00:00,2005-12-14T00:00:00+08:00,2006-02-14T00:00:00+08:00,2005-12-14T00:00:00+08:00
2006-04-1,2006-03-31 16:00:00+00:00,1.6177,-0.0020973413114552253,11.57,-0.7699999999999996,4.86,0.3100000000000005,65.95,0.10321177651388425,2340.82,0.026049908170019176,9.2,1.7,2.7,2006-03-31T04:00:00+00:00,2006-03-16T00:00:00+08:00,2006-03-17T00:00:00+08:00,2006-03-16T00:00:00+08:00
2006-04-2,2006-04-14 16:00:00+00:00,1.608,-0.00832562442183149,12.38,1.6400000000000006,5.05,0.33999999999999986,69.39,0.1121974675428754,2326.11,0.013158238599242145,9.2,1.2,2.7,2006-04-14T04:00:00+00:00,2006-03-16T00:00:00+08:00,2006-04-14T00:00:00+08:00,2006-03-16T00:00:00+08:00
2006-05-1,2006-04-30 16:00:00+00:00,1.5809,-0.022748346417753584,11.59,0.019999999999999574,5.07,0.20999999999999996,72.15,0.09401061410159217,2322.57,-0.007796413222716847,9.2,1.2,2.7,2006-04-29T04:00:00+00:00,2006-03-16T00:00:00+08:00,2006-04-14T00:00:00+08:00,2006-03-16T00:00:00+08:00
2006-05-2,2006-05-14 16:00:00+00:00,1.5686,-0.02450248756218909,14.19,1.8099999999999987,5.19,0.14000000000000057,71.3,0.02752558005476291,2243.78,-0.03539385497676373,9.2,1.2,2.7,2006-05-13T04:00:00+00:00,2006-03-16T00:00:00+08:00,2006-05-15T00:00:00+08:00,2006-03-16T00:00:00+08:00
2006-06-1,2006-05-31 16:00:00+00:00,1.5753,-0.0035422860395977196,18.66,7.07,5.09,0.019999999999999574,69.82,-0.032293832293832425,2164.74,-0.067954894793268,9.2,1.2,2.7,2006-05-31T04:00:00+00:00,2006-03-16T00:00:00+08:00,2006-05-15T00:00:00+08:00,2006-03-16T00:00:00+08:00
2006-06-2,2006-06-14 16:00:00+00:00,1.5975,0.018424072421267423,23.81,9.62,4.97,-0.22000000000000064,65.67,-0.07896213183730705,2072.47,-0.07634883990409058,10.2,1.1,2.4,2006-06-14T04:00:00+00:00,2006-06-14T00:00:00+08:00,2006-06-14T00:00:00+08:00,2006-06-14T00:00:00+08:00
2006-07-1,2006-06-30 16:00:00+00:00,1.5955,0.012822954357900151,13.03,-5.630000000000001,5.22,0.1299999999999999,73.02,0.04583213978802636,2174.38,0.004453190683407771,10.2,1.1,2.4,2006-06-30T04:00:00+00:00,2006-06-14T00:00:00+08:00,2006-06-14T00:00:00+08:00,2006-06-14T00:00:00+08:00
2006-07-2,2006-07-14 16:00:00+00:00,1.5835,-0.008763693270735562,17.79,-6.02,5.08,0.11000000000000032,75.23,0.14557636668189433,2054.11,-0.008858994340086745,10.2,1.1,2.4,2006-07-14T04:00:00+00:00,2006-06-14T00:00:00+08:00,2006-07-15T00:00:00+08:00,2006-06-14T00:00:00+08:00
2006-08-1,2006-07-31 16:00:00+00:00,1.5791,-0.002463676563487005,14.33,1.25,5.0,-0.15000000000000036,73.95,0.010245901639344357,2094.14,-0.03588709491779818,10.2,1.1,2.4,2006-07-29T04:00:00+00:00,2006-06-14T00:00:00+08:00,2006-07-15T00:00:00+08:00,2006-06-14T00:00:00+08:00
2006-08-2,2006-08-14 16:00:00+00:00,1.5792,-0.006229941476307399,14.3,-3.75,4.97,-0.10000000000000053,75.19,-0.012347300669906747,2057.71,0.0099933737453064,10.2,1.4,2.4,2006-08-12T04:00:00+00:00,2006-06-14T00:00:00+08:00,2006-08-14T00:00:00+08:00,2006-06-14T00:00:00+08:00
2006-09-1,2006-08-31 16:00:00+00:00,1.574,-0.0032928064842957516,12.22,-2.7299999999999986,4.76,-0.23000000000000043,67.15,-0.10167224080267556,2185.73,0.04506877937527198,10.2,1.4,2.4,2006-08-31T04:00:00+00:00,2006-06-14T00:00:00+08:00,2006-08-14T00:00:00+08:00,2006-06-14T00:00:00+08:00
2006-09-2,2006-09-14 16:00:00+00:00,1.5756,-0.0024691358024691024,11.18,-3.08,4.77,-0.23000000000000043,61.28,-0.1694226077527785,2227.67,0.07666840660402907,8.8,1.1,2.7,2006-09-14T04:00:00+00:00,2006-09-13T00:00:00+08:00,2006-09-14T00:00:00+08:00,2006-09-13T00:00:00+08:00
2006-10-1,2006-09-30 16:00:00+00:00,1.5859,0.007560355781448536,11.98,-0.2400000000000002,4.64,-0.1200000000000001,59.09,-0.120029784065525,2258.43,0.033261198775695,8.8,1.1,2.7,2006-09-30T04:00:00+00:00,2006-09-13T00:00:00+08:00,2006-09-14T00:00:00+08:00,2006-09-13T00:00:00+08:00
2006-10-2,2006-10-14 16:00:00+00:00,1.5876,0.007616146230007725,10.75,-0.4299999999999997,4.81,0.040000000000000036,58.97,-0.03769582245430814,2357.29,0.05818635614790346,8.8,0.7,2.7,2006-10-14T04:00:00+00:00,2006-09-13T00:00:00+08:00,2006-10-15T00:00:00+08:00,2006-09-13T00:00:00+08:00
2006-11-1,2006-10-31 16:00:00+00:00,1.5612,-0.01557475250646334,11.2,-0.7800000000000011,4.68,0.040000000000000036,57.08,-0.03401590793704523,2363.77,0.04664302192230885,8.8,0.7,2.7,2006-10-31T04:00:00+00:00,2006-09-13T00:00:00+08:00,2006-10-15T00:00:00+08:00,2006-09-13T00:00:00+08:00
2006-11-2,2006-11-14 16:00:00+00:00,1.5588,-0.01814058956916098,10.86,0.10999999999999943,4.61,-0.1999999999999993,56.88,-0.03544175004239436,2406.38,0.020824760636154238,8.8,0.4,2.7,2006-11-14T04:00:00+00:00,2006-09-13T00:00:00+08:00,2006-11-14T00:00:00+08:00,2006-09-13T00:00:00+08:00
2006-12-1,2006-11-30 16:00:00+00:00,1.5446,-0.010632846528311535,10.83,-0.3699999999999992,4.52,-0.16000000000000014,62.13,0.0884723195515067,2432.23,0.02896220867512489,8.8,0.4,2.7,2006-11-30T04:00:00+00:00,2006-09-13T00:00:00+08:00,2006-11-14T00:00:00+08:00,2006-09-13T00:00:00+08:00
2006-12-2,2006-12-14 16:00:00+00:00,1.5392,-0.012573774698486084,10.18,-0.6799999999999997,4.58,-0.03000000000000025,61.89,0.08808016877637126,2432.41,0.010817077934490715,8.6,0.4,2.8,2006-12-14T04:00:00+00:00,2006-12-14T00:00:00+08:00,2006-12-15T00:00:00+08:00,2006-12-14T00:00:00+08:00
2007-01-1,2006-12-31 16:00:00+00:00,1.5338,-0.0022767189227866913,11.56,0.6500000000000004,4.71,0.25,58.96,-0.08390304536979487,2415.29,-0.006776956702319703,8.6,0.4,2.8,2006-12-30T04:00:00+00:00,2006-12-14T00:00:00+08:00,2006-12-15T00:00:00+08:00,2006-12-14T00:00:00+08:00
2007-01-2,2007-01-14 16:00:00+00:00,1.5428,0.0022086527218396768,10.15,0.17999999999999972,4.77,0.16999999999999993,49.95,-0.20525059665871115,2502.82,0.019956395052672438,8.6,0.5,2.8,2007-01-13T04:00:00+00:00,2006-12-14T00:00:00+08:00,2007-01-14T00:00:00+08:00,2006-12-14T00:00:00+08:00
2007-02-1,2007-01-31 16:00:00+00:00,1.5375,0.0024123092971704008,10.96,-0.5999999999999996,4.88,0.16999999999999993,54.69,-0.0724219810040706,2448.64,0.013807865722128554,8.6,0.5,2.8,2007-01-31T04:00:00+00:00,2006-12-14T00:00:00+08:00,2007-01-14T00:00:00+08:00,2006-12-14T00:00:00+08:00
2007-02-2,2007-02-14 16:00:00+00:00,1.5424,-0.00025926886180971387,10.34,0.1899999999999995,4.82,0.05000000000000071,56.12,0.12352352352352347,2459.88,-0.01715664730184352,8.6,0.8,2.8,2007-02-14T04:00:00+00:00,2006-12-14T00:00:00+08:00,2007-02-14T00:00:00+08:00,2006-12-14T00:00:00+08:00
2007-03-1,2007-02-28 16:00:00+00:00,1.5258,-0.00825479363015924,18.31,7.179999999999998,4.5,-0.3799999999999999,60.28,0.09025140170012658,2407.86,-0.011344739662244363,8.6,0.8,2.8,2007-02-28T04:00:00+00:00,2006-12-14T00:00:00+08:00,2007-02-14T00:00:00+08:00,2006-12-14T00:00:00+08:00
2007-03-2,2007-03-14 16:00:00+00:00,1.5288,-0.003064884251711919,18.13,7.029999999999999,4.5,-0.29000000000000004,61.52,0.07533647963642731,2350.57,-0.04441381889731766,8.6,0.8,2.8,2007-03-14T04:00:00+00:00,2006-12-14T00:00:00+08:00,2007-02-14T00:00:00+08:00,2006-12-14T00:00:00+08:00
2007-04-1,2007-03-31 16:00:00+00:00,1.5173,-0.00706760028793918,14.64,-0.7799999999999994,4.65,0.09000000000000075,68.47,0.1528876915305606,2421.64,0.002272209920741508,8.5,-0.6,2.8,2007-03-31T04:00:00+00:00,2007-03-16T00:00:00+08:00,2007-03-17T00:00:00+08:00,2007-03-16T00:00:00+08:00
2007-04-2,2007-04-14 16:00:00+00:00,1.5163,-0.011409571000130403,12.2,-5.07,4.76,0.22999999999999954,68.78,0.12957792741008367,2491.94,0.05068009140968255,8.5,0.0,2.8,2007-04-14T04:00:00+00:00,2007-03-16T00:00:00+08:00,2007-04-14T00:00:00+08:00,2007-03-16T00:00:00+08:00
2007-05-1,2007-04-30 16:00:00+00:00,1.5182,0.0005931589006786808,12.45,-2.1900000000000013,4.71,0.05999999999999961,67.28,-0.01737987439754629,2557.21,0.05598272245255287,8.5,0.0,2.8,2007-04-28T04:00:00+00:00,2007-03-16T00:00:00+08:00,2007-04-14T00:00:00+08:00,2007-03-16T00:00:00+08:00
2007-05-2,2007-05-14 16:00:00+00:00,1.5171,0.0005276000791398783,12.95,0.75,4.67,-0.08999999999999986,65.18,-0.052340796743239215,2562.22,0.02820292623417897,8.5,0.2,2.8,2007-05-12T04:00:00+00:00,2007-03-16T00:00:00+08:00,2007-05-15T00:00:00+08:00,2007-03-16T00:00:00+08:00
2007-06-1,2007-05-31 16:00:00+00:00,1.5307,0.007238270711324546,12.83,-1.3900000000000006,4.88,0.25,67.64,0.006098467945857555,2592.59,0.02673172045352845,8.5,0.2,2.8,2007-05-31T04:00:00+00:00,2007-03-16T00:00:00+08:00,2007-05-15T00:00:00+08:00,2007-03-16T00:00:00+08:00
2007-06-2,2007-06-14 16:00:00+00:00,1.5439,0.018538065707877083,14.73,0.7699999999999996,5.2,0.5099999999999998,69.24,0.051320983905253525,2582.31,0.014086332291355808,8.6,0.5,2.7,2007-06-14T04:00:00+00:00,2007-06-14T00:00:00+08:00,2007-06-14T00:00:00+08:00,2007-06-14T00:00:00+08:00
2007-07-1,2007-06-30 16:00:00+00:00,1.53,-0.0004573071143920693,16.23,3.4000000000000004,5.03,0.15000000000000036,72.22,0.06771141336487285,2603.23,0.004104004104004133,8.6,0.5,2.7,2007-06-30T04:00:00+00:00,2007-06-14T00:00:00+08:00,2007-06-14T00:00:00+08:00,2007-06-14T00:00:00+08:00
2007-07-2,2007-07-14 16:00:00+00:00,1.5157,-0.018265431698944234,15.15,0.41999999999999993,5.11,-0.08999999999999986,78.12,0.128249566724437,2707.0,0.04828622434951657,8.6,1.3,2.7,2007-07-14T04:00:00+00:00,2007-06-14T00:00:00+08:00,2007-07-15T00:00:00+08:00,2007-06-14T00:00:00+08:00
2007-08-1,2007-07-31 16:00:00+00:00,1.5133,-0.010915032679738479,20.87,4.640000000000001,4.82,-0.20999999999999996,76.07,0.053309332594849046,2583.28,-0.007663556427975893,8.6,1.3,2.7,2007-07-31T04:00:00+00:00,2007-06-14T00:00:00+08:00,2007-07-15T00:00:00+08:00,2007-06-14T00:00:00+08:00
2007-08-2,2007-08-14 16:00:00+00:00,1.5194,0.002441116315893721,26.57,11.42,4.78,-0.33000000000000007,71.3,-0.08730158730158744,2542.24,-0.06086442556335436,8.6,1.7,2.7,2007-08-14T04:00:00+00:00,2007-06-14T00:00:00+08:00,2007-08-14T00:00:00+08:00,2007-06-14T00:00:00+08:00
2007-09-1,2007-08-31 16:00:00+00:00,1.523,0.004816256515141504,25.06,1.5399999999999991,4.51,-0.27000000000000046,71.46,-0.07206856252434768,2565.3,0.007473677182702643,8.6,1.7,2.7,2007-08-31T04:00:00+00:00,2007-06-14T00:00:00+08:00,2007-08-14T00:00:00+08:00,2007-06-14T00:00:00+08:00
2007-09-2,2007-09-14 16:00:00+00:00,1.509,-0.009062253743104876,24.76,-2.919999999999998,4.49,-0.2400000000000002,77.84,0.1233944292105642,2601.06,0.04079035820608867,10.0,3.0,2.3,2007-09-14T04:00:00+00:00,2007-09-13T00:00:00+08:00,2007-09-14T00:00:00+08:00,2007-09-13T00:00:00+08:00
2007-10-1,2007-09-30 16:00:00+00:00,1.484,-0.025607353906762942,18.0,-7.059999999999999,4.59,0.08000000000000007,80.97,0.13308144416456757,2701.5,0.05309320547304397,10.0,3.0,2.3,2007-09-29T04:00:00+00:00,2007-09-13T00:00:00+08:00,2007-09-14T00:00:00+08:00,2007-09-13T00:00:00+08:00
2007-10-2,2007-10-14 16:00:00+00:00,1.4636,-0.030086149768058235,17.73,-7.030000000000001,4.7,0.20999999999999996,80.82,0.0382836587872557,2805.68,0.07866792769101827,10.0,3.5,2.3,2007-10-13T04:00:00+00:00,2007-09-13T00:00:00+08:00,2007-10-15T00:00:00+08:00,2007-09-13T00:00:00+08:00
2007-11-1,2007-10-31 16:00:00+00:00,1.4507,-0.02243935309973033,21.07,3.0700000000000003,4.4,-0.1899999999999995,89.87,0.10991725330369273,2816.71,0.042646677771608354,10.0,3.5,2.3,2007-10-31T04:00:00+00:00,2007-09-13T00:00:00+08:00,2007-10-15T00:00:00+08:00,2007-09-13T00:00:00+08:00
2007-11-2,2007-11-14 16:00:00+00:00,1.4475,-0.011000273298715446,24.1,6.370000000000001,4.26,-0.4400000000000004,89.09,0.10232615689185853,2673.65,-0.047058110689743526,10.0,3.0,2.3,2007-11-14T04:00:00+00:00,2007-09-13T00:00:00+08:00,2007-11-14T00:00:00+08:00,2007-09-13T00:00:00+08:00
2007-12-1,2007-11-30 16:00:00+00:00,1.4485,-0.001516509271386357,23.97,2.8999999999999986,3.94,-0.4600000000000004,92.34,0.02748414376321362,2668.13,-0.05274948432746007,10.0,3.0,2.3,2007-11-30T04:00:00+00:00,2007-09-13T00:00:00+08:00,2007-11-14T00:00:00+08:00,2007-09-13T00:00:00+08:00
2007-12-2,2007-12-14 16:00:00+00:00,1.4416,-0.004075993091537167,22.56,-1.5400000000000027,4.18,-0.08000000000000007,92.57,0.03906162307778649,2668.49,-0.0019299459540329522,11.0,4.1,1.7,2007-12-14T04:00:00+00:00,2007-12-14T00:00:00+08:00,2007-12-15T00:00:00+08:00,2007-12-14T00:00:00+08:00
2008-01-1,2007-12-31 16:00:00+00:00,1.4465,0.0006918021445865286,20.74,-2.1300000000000026,4.11,0.14000000000000012,95.92,0.08127606808702525,2674.46,0.0050733569839456205,11.0,4.1,1.7,2007-12-29T04:00:00+00:00,2007-12-14T00:00:00+08:00,2007-12-15T00:00:00+08:00,2007-12-14T00:00:00+08:00
2008-01-2,2008-01-14 16:00:00+00:00,1.4315,-0.013371011096560803,23.68,0.41000000000000014,3.82,-0.4200000000000004,91.86,0.0,2439.94,-0.07428653812591524,11.0,4.9,1.7,2008-01-12T04:00:00+00:00,2007-12-14T00:00:00+08:00,2008-01-14T00:00:00+08:00,2007-12-14T00:00:00+08:00
2008-02-1,2008-01-31 16:00:00+00:00,1.4194,-0.011559888579387168,27.62,5.120000000000001,3.78,-0.26000000000000023,92.46,-0.01302305721605479,2349.0,-0.1143469015337748,11.0,4.9,1.7,2008-01-31T04:00:00+00:00,2007-12-14T00:00:00+08:00,2008-01-14T00:00:00+08:00,2007-12-14T00:00:00+08:00
2008-02-2,2008-02-14 16:00:00+00:00,1.4191,-0.007205820624038073,24.88,1.9800000000000004,3.7,-0.10999999999999988,93.82,0.013393821559732011,2373.93,-0.04211354557559632,11.0,3.8,1.7,2008-02-14T04:00:00+00:00,2007-12-14T00:00:00+08:00,2008-02-14T00:00:00+08:00,2007-12-14T00:00:00+08:00
2008-03-1,2008-02-29 16:00:00+00:00,1.3934,-0.020456942003515,23.53,-3.789999999999999,3.71,0.020000000000000018,99.83,0.07935993080333015,2331.57,-0.011233810844507697,11.0,3.8,1.7,2008-02-29T04:00:00+00:00,2007-12-14T00:00:00+08:00,2008-02-14T00:00:00+08:00,2007-12-14T00:00:00+08:00
2008-03-2,2008-03-14 16:00:00+00:00,1.3795,-0.02529499046138628,27.29,0.9600000000000009,3.56,-0.10000000000000009,109.18,0.15803988120492152,2263.61,-0.02432285650247401,6.6,3.8,1.7,2008-03-14T04:00:00+00:00,2008-03-15T00:00:00+08:00,2008-02-14T00:00:00+08:00,2008-03-15T00:00:00+08:00
2008-04-1,2008-03-31 16:00:00+00:00,1.3807,-0.009185504126300592,25.71,-0.8299999999999983,3.47,-0.05999999999999961,102.68,0.017641228939544007,2261.18,-0.00453448852730387,6.6,6.6,1.7,2008-03-29T04:00:00+00:00,2008-03-15T00:00:00+08:00,2008-03-16T00:00:00+08:00,2008-03-15T00:00:00+08:00
2008-04-2,2008-04-14 16:00:00+00:00,1.3567,-0.017738198667825,23.46,-7.699999999999999,3.49,0.050000000000000266,107.15,-0.01841333821912783,2290.24,0.03514140176904745,6.6,6.6,1.7,2008-04-12T04:00:00+00:00,2008-03-15T00:00:00+08:00,2008-04-14T00:00:00+08:00,2008-03-15T00:00:00+08:00
2008-05-1,2008-04-30 16:00:00+00:00,1.3608,-0.014412978923734387,20.24,-5.470000000000002,3.85,0.3799999999999999,113.86,0.1088819633813789,2426.1,0.0729353700280384,6.6,6.6,1.7,2008-04-30T04:00:00+00:00,2008-03-15T00:00:00+08:00,2008-04-14T00:00:00+08:00,2008-03-15T00:00:00+08:00
2008-05-2,2008-05-14 16:00:00+00:00,1.3707,0.010319156777474747,17.98,-5.48,3.9,0.4099999999999997,123.11,0.14895006999533367,2495.12,0.08945787341064704,6.6,6.7,1.7,2008-05-14T04:00:00+00:00,2008-03-15T00:00:00+08:00,2008-05-15T00:00:00+08:00,2008-03-15T00:00:00+08:00
2008-06-1,2008-05-31 16:00:00+00:00,1.3635,0.00434590453741901,17.83,-2.960000000000001,4.06,0.2899999999999996,127.85,0.15055795536357075,2522.66,0.045532161803713445,6.6,6.7,1.7,2008-05-31T04:00:00+00:00,2008-03-15T00:00:00+08:00,2008-05-15T00:00:00+08:00,2008-03-15T00:00:00+08:00
2008-06-2,2008-06-14 16:00:00+00:00,1.3802,0.0010153756890050047,21.22,3.5599999999999987,4.27,0.34999999999999964,134.29,0.10818616933487357,2454.5,-0.016902311050586705,8.2,7.6,1.9,2008-06-14T04:00:00+00:00,2008-06-14T00:00:00+08:00,2008-06-14T00:00:00+08:00,2008-06-14T00:00:00+08:00
2008-07-1,2008-06-30 16:00:00+00:00,1.3632,-0.00022002200220017087,23.44,5.610000000000003,3.99,-0.0699999999999994,139.38,0.09018380915134916,2315.63,-0.08206813442953065,8.2,7.6,1.9,2008-06-28T04:00:00+00:00,2008-06-14T00:00:00+08:00,2008-06-14T00:00:00+08:00,2008-06-14T00:00:00+08:00
2008-07-2,2008-07-14 16:00:00+00:00,1.3561,-0.01746123750181139,27.49,6.27,3.96,-0.3099999999999996,143.68,0.06992330032020266,2239.08,-0.08776532898757383,8.2,7.5,1.9,2008-07-12T04:00:00+00:00,2008-06-14T00:00:00+08:00,2008-07-15T00:00:00+08:00,2008-06-14T00:00:00+08:00
2008-08-1,2008-07-31 16:00:00+00:00,1.3681,0.005364491475602584,21.21,-2.7399999999999984,4.07,0.08000000000000007,122.46,-0.11517341040462437,2329.72,0.016022817468970496,8.2,7.5,1.9,2008-07-31T04:00:00+00:00,2008-06-14T00:00:00+08:00,2008-07-15T00:00:00+08:00,2008-06-14T00:00:00+08:00
2008-08-2,2008-08-14 16:00:00+00:00,1.4032,0.037332741923560286,21.55,-6.93,3.94,0.040000000000000036,110.68,-0.22291652039598397,2428.62,0.09749781957367576,8.2,7.6,1.9,2008-08-14T04:00:00+00:00,2008-06-14T00:00:00+08:00,2008-08-14T00:00:00+08:00,2008-06-14T00:00:00+08:00
2008-09-1,2008-08-31 16:00:00+00:00,1.4167,0.035902310617139666,20.65,-2.2900000000000027,3.83,-0.16000000000000014,113.49,-0.08549556809024983,2367.52,0.01804734363913907,8.2,7.6,1.9,2008-08-30T04:00:00+00:00,2008-06-14T00:00:00+08:00,2008-08-14T00:00:00+08:00,2008-06-14T00:00:00+08:00
2008-09-2,2008-09-14 16:00:00+00:00,1.4287,0.013262411347517933,25.66,5.32,3.74,-0.1499999999999999,94.37,-0.15605437309962433,2261.27,-0.07841315254292558,3.3,6.6,2.2,2008-09-13T04:00:00+00:00,2008-09-13T00:00:00+08:00,2008-09-14T00:00:00+08:00,2008-09-13T00:00:00+08:00
2008-10-1,2008-09-30 16:00:00+00:00,1.4288,0.008540975506458715,46.72,26.07,3.61,-0.2200000000000002,95.96,-0.15446294827738127,1983.73,-0.16210633912279515,3.3,6.6,2.2,2008-09-30T04:00:00+00:00,2008-09-13T00:00:00+08:00,2008-09-14T00:00:00+08:00,2008-09-13T00:00:00+08:00
2008-10-2,2008-10-14 16:00:00+00:00,1.483,0.038006579407853236,54.99,29.330000000000002,3.89,0.1499999999999999,74.37,-0.21193175797393238,1844.25,-0.18441849049427972,3.3,6.4,2.2,2008-10-14T04:00:00+00:00,2008-09-13T00:00:00+08:00,2008-10-15T00:00:00+08:00,2008-09-13T00:00:00+08:00
2008-11-1,2008-10-31 16:00:00+00:00,1.4732,0.02798129928127846,62.9,23.509999999999998,4.0,0.1499999999999999,60.86,-0.3492301112061591,1698.52,-0.18804137904659923,3.3,6.4,2.2,2008-10-31T04:00:00+00:00,2008-09-13T00:00:00+08:00,2008-10-15T00:00:00+08:00,2008-09-13T00:00:00+08:00
2008-11-2,2008-11-14 16:00:00+00:00,1.519,0.03898768809849518,59.83,4.699999999999996,3.84,-0.2400000000000002,51.32,-0.31555081355028014,1596.7,-0.10247834469733164,3.3,6.8,2.2,2008-11-14T04:00:00+00:00,2008-09-13T00:00:00+08:00,2008-11-14T00:00:00+08:00,2008-09-13T00:00:00+08:00
2008-12-1,2008-11-30 16:00:00+00:00,1.5082,0.023757806136301962,55.84,-7.059999999999995,2.93,-1.0699999999999998,47.72,-0.21590535655603027,1535.57,-0.09593646233191255,3.3,6.8,2.2,2008-11-29T04:00:00+00:00,2008-09-13T00:00:00+08:00,2008-11-14T00:00:00+08:00,2008-09-13T00:00:00+08:00
2008-12-2,2008-12-14 16:00:00+00:00,1.488,-0.020408163265306034,54.28,-5.549999999999997,2.6,-1.2399999999999998,42.38,-0.17420109119251748,1540.72,-0.03505981085989851,-0.1,6.4,2.3,2008-12-13T04:00:00+00:00,2008-12-14T00:00:00+08:00,2008-12-15T00:00:00+08:00,2008-12-14T00:00:00+08:00
2009-01-1,2008-12-31 16:00:00+00:00,1.4372,-0.04707598461742468,41.63,-14.21,2.11,-0.8200000000000003,35.22,-0.2619446772841576,1550.7,0.00985301874873823,-0.1,6.4,2.3,2008-12-31T04:00:00+00:00,2008-12-14T00:00:00+08:00,2008-12-15T00:00:00+08:00,2008-12-14T00:00:00+08:00
2009-01-2,2009-01-14 16:00:00+00:00,1.4872,-0.0005376344086021057,43.27,-11.009999999999998,2.33,-0.27,43.05,0.015809344030202732,1546.46,0.0037255309206085663,-0.1,5.5,2.3,2009-01-14T04:00:00+00:00,2008-12-14T00:00:00+08:00,2009-01-14T00:00:00+08:00,2008-12-14T00:00:00+08:00
2009-02-1,2009-01-31 16:00:00+00:00,1.5106,0.050705988732002494,44.84,4.840000000000003,2.87,0.6200000000000001,44.17,0.23310999441652713,1476.42,-0.0637971376574954,-0.1,5.5,2.3,2009-01-31T04:00:00+00:00,2008-12-14T00:00:00+08:00,2009-01-14T00:00:00+08:00,2008-12-14T00:00:00+08:00
2009-02-2,2009-02-14 16:00:00+00:00,1.5077,0.010184254606365295,42.93,-6.210000000000001,2.89,0.6499999999999999,43.36,0.025786609888809986,1534.36,0.030020676136516045,-0.1,5.4,2.3,2009-02-14T04:00:00+00:00,2008-12-14T00:00:00+08:00,2009-02-14T00:00:00+08:00,2008-12-14T00:00:00+08:00
2009-03-1,2009-02-28 16:00:00+00:00,1.5461,0.03155858019749136,46.35,6.690000000000005,3.02,0.31000000000000005,44.41,0.036164255716285565,1377.84,-0.11582838148286001,-0.1,5.4,2.3,2009-02-28T04:00:00+00:00,2008-12-14T00:00:00+08:00,2009-02-14T00:00:00+08:00,2008-12-14T00:00:00+08:00
2009-03-2,2009-03-14 16:00:00+00:00,1.5429,0.025182724252491795,42.36,-2.1700000000000017,2.89,0.11000000000000032,44.97,0.01650090415913197,1431.5,-0.06468474354786014,-0.1,5.4,2.3,2009-03-14T04:00:00+00:00,2008-12-14T00:00:00+08:00,2009-02-14T00:00:00+08:00,2008-12-14T00:00:00+08:00
2009-04-1,2009-03-31 16:00:00+00:00,1.5226,-0.015199534312140273,45.54,-0.8100000000000023,2.73,-0.29000000000000004,49.05,0.10448097275388424,1501.8,0.08996690472043212,-3.4,4.3,2.7,2009-03-31T04:00:00+00:00,2009-03-16T00:00:00+08:00,2009-03-17T00:00:00+08:00,2009-03-16T00:00:00+08:00
2009-04-2,2009-04-14 16:00:00+00:00,1.5148,-0.018212457061377973,37.81,-4.549999999999997,2.88,-0.010000000000000231,50.73,0.12808539026017352,1653.31,0.15494935382465935,-3.4,3.2,2.7,2009-04-14T04:00:00+00:00,2009-03-16T00:00:00+08:00,2009-04-14T00:00:00+08:00,2009-03-16T00:00:00+08:00
2009-05-1,2009-04-30 16:00:00+00:00,1.482,-0.026664915276500722,36.08,-9.46,3.12,0.3900000000000001,50.22,0.023853211009174258,1711.94,0.13992542282594234,-3.4,3.2,2.7,2009-04-30T04:00:00+00:00,2009-03-16T00:00:00+08:00,2009-04-14T00:00:00+08:00,2009-03-16T00:00:00+08:00
2009-05-2,2009-05-14 16:00:00+00:00,1.4635,-0.03386585687879584,33.65,-4.160000000000004,3.11,0.22999999999999998,56.84,0.12044155332150619,1664.19,0.006580738034609457,-3.4,2.6,2.7,2009-05-14T04:00:00+00:00,2009-03-16T00:00:00+08:00,2009-05-15T00:00:00+08:00,2009-03-16T00:00:00+08:00
2009-06-1,2009-05-31 16:00:00+00:00,1.4453,-0.021594909287841912,28.92,-7.579999999999998,3.47,0.31000000000000005,64.98,0.29184890656063645,1774.33,0.03320910731962967,-3.4,2.6,2.7,2009-05-30T04:00:00+00:00,2009-03-16T00:00:00+08:00,2009-05-15T00:00:00+08:00,2009-03-16T00:00:00+08:00
2009-06-2,2009-06-14 16:00:00+00:00,1.4494,-0.010445825083634785,28.15,-3.2200000000000024,3.81,0.71,70.62,0.25546666666666673,1858.8,0.10039604312074868,-7.7,0.3,3.2,2009-06-13T04:00:00+00:00,2009-06-14T00:00:00+08:00,2009-06-14T00:00:00+08:00,2009-06-14T00:00:00+08:00
2009-07-1,2009-06-30 16:00:00+00:00,1.4527,0.0051200442814640645,25.35,-3.5700000000000003,3.51,0.03999999999999959,69.75,0.07340720221606634,1844.06,0.03929934115976175,-7.7,0.3,3.2,2009-06-30T04:00:00+00:00,2009-06-14T00:00:00+08:00,2009-06-14T00:00:00+08:00,2009-06-14T00:00:00+08:00
2009-07-2,2009-07-14 16:00:00+00:00,1.4625,0.00903822271284671,26.31,-1.8399999999999999,3.38,-0.43000000000000016,58.25,-0.1751628433871425,1793.21,-0.03528620615450828,-7.7,0.2,3.2,2009-07-14T04:00:00+00:00,2009-06-14T00:00:00+08:00,2009-07-15T00:00:00+08:00,2009-06-14T00:00:00+08:00
2009-08-1,2009-07-31 16:00:00+00:00,1.443,-0.0034530386740331265,25.4,-0.9500000000000028,3.67,0.14000000000000012,68.82,0.010424313610336133,1984.3,0.08133882640160439,-7.7,0.2,3.2,2009-07-31T04:00:00+00:00,2009-06-14T00:00:00+08:00,2009-07-15T00:00:00+08:00,2009-06-14T00:00:00+08:00
2009-08-2,2009-08-14 16:00:00+00:00,1.4425,-0.01158010141153909,24.71,-0.3099999999999987,3.59,0.08999999999999986,73.76,0.21957671957671976,2009.35,0.11647302650953195,-7.7,0.0,3.2,2009-08-14T04:00:00+00:00,2009-06-14T00:00:00+08:00,2009-08-14T00:00:00+08:00,2009-06-14T00:00:00+08:00
2009-09-1,2009-08-31 16:00:00+00:00,1.4381,-0.0006254343293955467,24.76,-1.1600000000000001,3.46,-0.06000000000000005,72.8,0.038812785388127935,2028.77,0.02540813747788717,-7.7,0.0,3.2,2009-08-29T04:00:00+00:00,2009-06-14T00:00:00+08:00,2009-08-14T00:00:00+08:00,2009-06-14T00:00:00+08:00
2009-09-2,2009-09-14 16:00:00+00:00,1.4217,-0.015988372093023284,24.15,-0.120000000000001,3.34,-0.20999999999999996,68.76,-0.03602972101500057,2080.9,0.048037793625851144,-1.2,-0.3,3.2,2009-09-12T04:00:00+00:00,2009-09-13T00:00:00+08:00,2009-09-14T00:00:00+08:00,2009-09-13T00:00:00+08:00
2009-10-1,2009-09-30 16:00:00+00:00,1.4186,-0.01355955774980866,25.19,0.4299999999999997,3.31,-0.1499999999999999,64.63,-0.11222527472527477,2124.04,0.046959487768450936,-1.2,-0.3,3.2,2009-09-30T04:00:00+00:00,2009-09-13T00:00:00+08:00,2009-09-14T00:00:00+08:00,2009-09-13T00:00:00+08:00
2009-10-2,2009-10-14 16:00:00+00:00,1.3975,-0.017021875219807248,22.99,-1.1600000000000001,3.34,0.0,70.81,0.02981384525887143,2139.89,0.02834831082704592,-1.2,-0.3,3.2,2009-10-14T04:00:00+00:00,2009-09-13T00:00:00+08:00,2009-10-15T00:00:00+08:00,2009-09-13T00:00:00+08:00
2009-11-1,2009-10-31 16:00:00+00:00,1.398,-0.0075956555689643546,30.69,5.080000000000002,3.41,0.10000000000000009,74.91,0.1381039197812215,2045.11,-0.03642540119297788,-1.2,-0.3,3.2,2009-10-31T04:00:00+00:00,2009-09-13T00:00:00+08:00,2009-10-15T00:00:00+08:00,2009-09-13T00:00:00+08:00
2009-11-2,2009-11-14 16:00:00+00:00,1.3862,-0.003737243064539264,23.36,0.5,3.43,-0.020000000000000018,74.81,0.03672394678492252,2167.88,-0.002002550374499923,-1.2,-0.4,3.2,2009-11-14T04:00:00+00:00,2009-09-13T00:00:00+08:00,2009-11-14T00:00:00+08:00,2009-09-13T00:00:00+08:00
2009-12-1,2009-11-30 16:00:00+00:00,1.387,-0.007868383404864066,24.85,-5.84,3.21,-0.20000000000000018,76.0,0.014550794286477098,2138.44,0.045635687077956844,-1.2,-0.4,3.2,2009-11-28T04:00:00+00:00,2009-09-13T00:00:00+08:00,2009-11-14T00:00:00+08:00,2009-09-13T00:00:00+08:00
2009-12-2,2009-12-14 16:00:00+00:00,1.3924,0.0044726590679555756,21.59,-1.7699999999999996,3.55,0.11999999999999966,70.07,-0.06336051330036108,2190.31,0.010346513644666544,2.8,-0.9,3.3,2009-12-12T04:00:00+00:00,2009-12-14T00:00:00+08:00,2009-12-15T00:00:00+08:00,2009-12-14T00:00:00+08:00
2010-01-1,2009-12-31 16:00:00+00:00,1.4048,0.014662332972192216,19.96,-4.550000000000001,3.8,0.5899999999999999,77.62,-0.0019287643050017733,2291.28,0.06839503870185593,2.8,-0.9,3.3,2009-12-31T04:00:00+00:00,2009-12-14T00:00:00+08:00,2009-12-15T00:00:00+08:00,2009-12-14T00:00:00+08:00
2010-01-2,2010-01-14 16:00:00+00:00,1.3885,-0.0020125062890821166,17.85,-3.299999999999997,3.8,0.23999999999999977,77.57,0.08961932855738164,2307.9,0.043307264590208394,2.8,-0.8,3.3,2010-01-14T04:00:00+00:00,2009-12-14T00:00:00+08:00,2010-01-14T00:00:00+08:00,2009-12-14T00:00:00+08:00
2010-02-1,2010-01-31 16:00:00+00:00,1.4055,0.0014250089063057025,24.62,2.9400000000000013,3.63,-0.2200000000000002,71.2,-0.08612501604415346,2147.35,-0.05367648679020787,2.8,-0.8,3.3,2010-01-30T04:00:00+00:00,2009-12-14T00:00:00+08:00,2010-01-14T00:00:00+08:00,2009-12-14T00:00:00+08:00
2010-02-2,2010-02-14 16:00:00+00:00,1.4115,0.017004106924130014,22.73,5.100000000000001,3.69,-0.06999999999999984,71.49,-0.07885581754928495,2183.53,-0.057498899315417185,2.8,-0.5,3.3,2010-02-13T04:00:00+00:00,2009-12-14T00:00:00+08:00,2010-02-14T00:00:00+08:00,2009-12-14T00:00:00+08:00
2010-03-1,2010-02-28 16:00:00+00:00,1.4049,0.0017112299465240621,19.5,-4.23,3.61,-0.07000000000000028,76.36,0.08082094833687181,2238.26,0.02719596145020664,2.8,-0.5,3.3,2010-02-27T04:00:00+00:00,2009-12-14T00:00:00+08:00,2010-02-14T00:00:00+08:00,2009-12-14T00:00:00+08:00
2010-03-2,2010-03-14 16:00:00+00:00,1.394,-0.013376742869276037,17.58,-6.380000000000003,3.71,-0.020000000000000018,79.38,0.09716655148583286,2367.66,0.08737444946059769,2.8,-0.5,3.3,2010-03-13T04:00:00+00:00,2009-12-14T00:00:00+08:00,2010-02-14T00:00:00+08:00,2009-12-14T00:00:00+08:00
2010-04-1,2010-03-31 16:00:00+00:00,1.3997,-0.003701331055591228,17.13,-2.370000000000001,3.88,0.27,79.46,0.04059717129387108,2410.69,0.07703752021659671,6.8,0.2,2.3,2010-03-31T04:00:00+00:00,2010-03-16T00:00:00+08:00,2010-03-17T00:00:00+08:00,2010-03-16T00:00:00+08:00
2010-04-2,2010-04-14 16:00:00+00:00,1.3922,-0.0012912482065995379,16.2,-1.379999999999999,3.84,0.1299999999999999,83.44,0.051146384479717755,2465.99,0.041530456231046564,6.8,1.0,2.3,2010-04-14T04:00:00+00:00,2010-03-16T00:00:00+08:00,2010-04-14T00:00:00+08:00,2010-03-16T00:00:00+08:00
2010-05-1,2010-04-30 16:00:00+00:00,1.3683,-0.022433378581124486,18.44,1.3100000000000023,3.76,-0.1200000000000001,86.82,0.09262522023659714,2511.92,0.041992126735499014,6.8,1.0,2.3,2010-04-30T04:00:00+00:00,2010-03-16T00:00:00+08:00,2010-04-14T00:00:00+08:00,2010-03-16T00:00:00+08:00
2010-05-2,2010-05-14 16:00:00+00:00,1.3813,-0.00782933486568027,26.68,10.48,3.55,-0.29000000000000004,79.41,-0.04829817833173544,2394.36,-0.029047157531052248,6.8,1.6,2.3,2010-05-14T04:00:00+00:00,2010-03-16T00:00:00+08:00,2010-05-15T00:00:00+08:00,2010-03-16T00:00:00+08:00
2010-06-1,2010-05-31 16:00:00+00:00,1.404,0.02474271950952467,32.07,10.02,3.31,-0.3799999999999999,73.0,-0.15303399466295386,2257.04,-0.08294767978091899,6.8,1.6,2.3,2010-05-29T04:00:00+00:00,2010-03-16T00:00:00+08:00,2010-05-15T00:00:00+08:00,2010-03-16T00:00:00+08:00
2010-06-2,2010-06-14 16:00:00+00:00,1.403,0.011681569079896148,28.79,-2.4499999999999993,3.24,-0.19999999999999973,73.28,-0.04121418291246903,2243.6,-0.043995142424952616,16.3,3.2,2.2,2010-06-12T04:00:00+00:00,2010-06-14T00:00:00+08:00,2010-06-14T00:00:00+08:00,2010-06-14T00:00:00+08:00
2010-07-1,2010-06-30 16:00:00+00:00,1.4012,-0.00199430199430195,34.13,2.0600000000000023,2.97,-0.33999999999999986,74.21,0.016575342465753318,2135.18,-0.05399106794740016,16.3,3.2,2.2,2010-06-30T04:00:00+00:00,2010-06-14T00:00:00+08:00,2010-06-14T00:00:00+08:00,2010-06-14T00:00:00+08:00
2010-07-2,2010-07-14 16:00:00+00:00,1.3755,-0.01960085531004996,24.56,-4.23,3.15,-0.0900000000000003,76.45,0.04325873362445409,2242.03,-0.0006997682296308039,16.3,3.3,2.2,2010-07-14T04:00:00+00:00,2010-06-14T00:00:00+08:00,2010-07-15T00:00:00+08:00,2010-06-14T00:00:00+08:00
2010-08-1,2010-07-31 16:00:00+00:00,1.3595,-0.026215887114103498,23.5,-11.04,2.94,-0.03000000000000025,77.5,0.03416066186282363,2254.7,0.06896322846143632,16.3,3.3,2.2,2010-07-31T04:00:00+00:00,2010-06-14T00:00:00+08:00,2010-07-15T00:00:00+08:00,2010-06-14T00:00:00+08:00
2010-08-2,2010-08-14 16:00:00+00:00,1.3625,-0.007792018642586607,26.24,1.3499999999999979,2.68,-0.3899999999999997,75.14,-0.019444081952238013,2173.48,-0.033940191302492706,16.3,2.7,2.2,2010-08-14T04:00:00+00:00,2010-06-14T00:00:00+08:00,2010-08-14T00:00:00+08:00,2010-06-14T00:00:00+08:00
2010-09-1,2010-08-31 16:00:00+00:00,1.354,-0.0040456050018388146,27.21,3.710000000000001,2.54,-0.3999999999999999,76.05,-0.01870967741935492,2119.97,-0.05975517807247088,16.3,2.7,2.2,2010-08-31T04:00:00+00:00,2010-06-14T00:00:00+08:00,2010-08-14T00:00:00+08:00,2010-06-14T00:00:00+08:00
2010-09-2,2010-09-14 16:00:00+00:00,1.3362,-0.01930275229357792,21.21,-5.029999999999998,2.74,0.06000000000000005,78.52,0.04498269896193774,2285.71,0.05163608590831292,18.6,3.1,2.2,2010-09-14T04:00:00+00:00,2010-09-13T00:00:00+08:00,2010-09-14T00:00:00+08:00,2010-09-13T00:00:00+08:00
2010-10-1,2010-09-30 16:00:00+00:00,1.315,-0.028803545051698798,23.25,-3.960000000000001,2.52,-0.020000000000000018,78.79,0.03602892833662086,2376.56,0.12103473162356071,18.6,3.1,2.2,2010-09-30T04:00:00+00:00,2010-09-13T00:00:00+08:00,2010-09-14T00:00:00+08:00,2010-09-13T00:00:00+08:00
2010-10-2,2010-10-14 16:00:00+00:00,1.3027,-0.025071097141146637,19.07,-2.1400000000000006,2.46,-0.28000000000000025,84.01,0.06991849210392265,2441.23,0.06804012757523914,18.6,3.3,2.2,2010-10-14T04:00:00+00:00,2010-09-13T00:00:00+08:00,2010-10-15T00:00:00+08:00,2010-09-13T00:00:00+08:00
2010-11-1,2010-10-31 16:00:00+00:00,1.2945,-0.016486856100896508,21.2,-2.5,2.63,0.10000000000000009,82.47,0.021047418596013445,2507.41,0.058595300217003876,18.6,3.3,2.2,2010-10-30T04:00:00+00:00,2010-09-13T00:00:00+08:00,2010-10-15T00:00:00+08:00,2010-09-13T00:00:00+08:00
2010-11-2,2010-11-14 16:00:00+00:00,1.2934,-0.002929386370644327,20.61,0.7300000000000004,2.76,0.23999999999999977,86.07,0.030161579892280077,2518.21,0.03401111941462931,18.6,3.7,2.2,2010-11-13T04:00:00+00:00,2010-09-13T00:00:00+08:00,2010-11-14T00:00:00+08:00,2010-09-13T00:00:00+08:00
2010-12-1,2010-11-30 16:00:00+00:00,1.3223,0.021475473155658564,21.53,0.33000000000000185,2.84,0.20999999999999996,85.9,0.04159088153267865,2525.22,0.0071029468654906225,18.6,3.7,2.2,2010-11-30T04:00:00+00:00,2010-09-13T00:00:00+08:00,2010-11-14T00:00:00+08:00,2010-09-13T00:00:00+08:00
2010-12-2,2010-12-14 16:00:00+00:00,1.3043,0.008427400649450911,17.55,-3.0599999999999987,3.29,0.5300000000000002,90.4,0.05030788892761717,2624.91,0.042371366963041224,10.3,3.5,2.1,2010-12-14T04:00:00+00:00,2010-12-14T00:00:00+08:00,2010-12-15T00:00:00+08:00,2010-12-14T00:00:00+08:00
2011-01-1,2010-12-31 16:00:00+00:00,1.2885,-0.024011513407059537,17.52,-6.02,3.38,0.5699999999999998,92.5,0.07533131829807016,2662.98,0.06594669025670163,10.3,3.5,2.1,2010-12-31T04:00:00+00:00,2010-12-14T00:00:00+08:00,2010-12-15T00:00:00+08:00,2010-12-14T00:00:00+08:00
2011-01-2,2011-01-14 16:00:00+00:00,1.2842,-0.013064863203196997,16.39,-1.2199999999999989,3.34,-0.15000000000000036,97.86,0.07977490897053952,2735.29,0.040936629473459885,10.3,3.8,2.1,2011-01-14T04:00:00+00:00,2010-12-14T00:00:00+08:00,2011-01-14T00:00:00+08:00,2010-12-14T00:00:00+08:00
2011-02-1,2011-01-31 16:00:00+00:00,1.2841,-0.0034148234381062847,20.04,2.289999999999999,3.36,0.06000000000000005,97.06,0.041081197039579465,2686.89,0.012823847380384334,10.3,3.8,2.1,2011-01-29T04:00:00+00:00,2010-12-14T00:00:00+08:00,2011-01-14T00:00:00+08:00,2010-12-14T00:00:00+08:00
2011-02-2,2011-02-14 16:00:00+00:00,1.2829,-0.004423405246003487,15.69,0.22999999999999865,3.64,0.29000000000000004,99.93,0.021152667075413856,2809.44,0.01964940296882367,10.3,4.6,2.1,2011-02-12T04:00:00+00:00,2010-12-14T00:00:00+08:00,2011-02-14T00:00:00+08:00,2010-12-14T00:00:00+08:00
2011-03-1,2011-02-28 16:00:00+00:00,1.2727,-0.008877813254419498,19.22,-0.8200000000000003,3.42,0.06000000000000005,111.47,0.14846486709252016,2781.05,0.035044233295743465,10.3,4.6,2.1,2011-02-26T04:00:00+00:00,2010-12-14T00:00:00+08:00,2011-02-14T00:00:00+08:00,2010-12-14T00:00:00+08:00
2011-03-2,2011-03-14 16:00:00+00:00,1.2682,-0.011458414529581407,20.08,4.389999999999999,3.4,-0.2400000000000002,114.07,0.14149904933453405,2715.61,-0.0333981149268181,10.3,4.6,2.1,2011-03-12T04:00:00+00:00,2010-12-14T00:00:00+08:00,2011-02-14T00:00:00+08:00,2010-12-14T00:00:00+08:00
2011-04-1,2011-03-31 16:00:00+00:00,1.2621,-0.0077830188679245405,17.71,-0.6400000000000006,3.47,0.050000000000000266,115.35,0.027433864790237905,2776.79,-0.001969614739044001,13.3,5.5,2.2,2011-03-31T04:00:00+00:00,2011-03-16T00:00:00+08:00,2011-03-17T00:00:00+08:00,2011-03-16T00:00:00+08:00
2011-04-2,2011-04-14 16:00:00+00:00,1.2556,-0.009388560157790993,16.92,-4.209999999999997,3.49,0.13000000000000034,122.7,0.0863213811420982,2761.52,0.022417872097801883,13.3,5.0,2.2,2011-04-14T04:00:00+00:00,2011-03-16T00:00:00+08:00,2011-04-14T00:00:00+08:00,2011-03-16T00:00:00+08:00
2011-05-1,2011-04-30 16:00:00+00:00,1.223,-0.030980112510894497,14.75,-2.960000000000001,3.32,-0.15000000000000036,126.59,0.09744256610316437,2873.54,0.03484238995386768,13.3,5.0,2.2,2011-04-30T04:00:00+00:00,2011-03-16T00:00:00+08:00,2011-04-14T00:00:00+08:00,2011-03-16T00:00:00+08:00
2011-05-2,2011-05-14 16:00:00+00:00,1.2458,-0.007805033450143384,17.07,0.14999999999999858,3.18,-0.31000000000000005,113.08,-0.07840260798696008,2828.47,0.02424389466670518,13.3,5.0,2.2,2011-05-14T04:00:00+00:00,2011-03-16T00:00:00+08:00,2011-05-15T00:00:00+08:00,2011-03-16T00:00:00+08:00
2011-06-1,2011-05-31 16:00:00+00:00,1.236,0.01062959934587071,15.98,1.2300000000000004,3.07,-0.25,114.85,-0.09274034283908683,2796.86,-0.026684855613633318,13.3,5.0,2.2,2011-05-28T04:00:00+00:00,2011-03-16T00:00:00+08:00,2011-05-15T00:00:00+08:00,2011-03-16T00:00:00+08:00
2011-06-2,2011-06-14 16:00:00+00:00,1.2371,-0.006983464440520115,19.61,2.539999999999999,3.0,-0.18000000000000016,120.49,0.06552882914750624,2639.69,-0.06674279734273292,9.2,4.5,1.9,2011-06-14T04:00:00+00:00,2011-06-14T00:00:00+08:00,2011-06-14T00:00:00+08:00,2011-06-14T00:00:00+08:00
2011-07-1,2011-06-30 16:00:00+00:00,1.2327,-0.002669902912621369,17.27,1.2899999999999991,3.14,0.07000000000000028,111.49,-0.029255550718328305,2740.49,-0.020154744963995497,9.2,4.5,1.9,2011-06-30T04:00:00+00:00,2011-06-14T00:00:00+08:00,2011-06-14T00:00:00+08:00,2011-06-14T00:00:00+08:00
2011-07-2,2011-07-14 16:00:00+00:00,1.2176,-0.015762670762266673,19.91,0.3000000000000007,2.92,-0.08000000000000007,118.46,-0.016847871192630093,2796.92,0.05956381241736719,9.2,4.5,1.9,2011-07-14T04:00:00+00:00,2011-06-14T00:00:00+08:00,2011-07-15T00:00:00+08:00,2011-06-14T00:00:00+08:00
2011-08-1,2011-07-31 16:00:00+00:00,1.2031,-0.01971808033895539,25.25,8.73,2.82,-0.3600000000000003,115.93,0.037776385283323055,2756.38,-0.006179872508581097,9.2,4.5,1.9,2011-07-30T04:00:00+00:00,2011-06-14T00:00:00+08:00,2011-07-15T00:00:00+08:00,2011-06-14T00:00:00+08:00
2011-08-2,2011-08-14 16:00:00+00:00,1.211,-0.005338809034907577,36.36,15.559999999999999,2.24,-0.7399999999999998,108.17,-0.078463111262566,2507.98,-0.09218980189454407,9.2,5.2,1.9,2011-08-13T04:00:00+00:00,2011-06-14T00:00:00+08:00,2011-08-14T00:00:00+08:00,2011-06-14T00:00:00+08:00
2011-09-1,2011-08-31 16:00:00+00:00,1.2063,0.0026597955282186003,32.89,7.640000000000001,2.19,-0.6299999999999999,115.59,-0.00293280427844389,2576.11,-0.06540099695978052,9.2,5.2,1.9,2011-08-31T04:00:00+00:00,2011-06-14T00:00:00+08:00,2011-08-14T00:00:00+08:00,2011-06-14T00:00:00+08:00
2011-09-2,2011-09-14 16:00:00+00:00,1.241,0.024772914946325386,36.91,0.5499999999999972,2.0,-0.2400000000000002,114.08,0.05463622076361285,2532.15,0.009637237936506615,2.9,5.4,2.0,2011-09-14T04:00:00+00:00,2011-09-13T00:00:00+08:00,2011-09-14T00:00:00+08:00,2011-09-13T00:00:00+08:00
2011-10-1,2011-09-30 16:00:00+00:00,1.292,0.07104368730829824,38.84,5.950000000000003,1.99,-0.19999999999999996,107.08,-0.07362228566484996,2480.76,-0.03701317102142376,2.9,5.4,2.0,2011-09-30T04:00:00+00:00,2011-09-13T00:00:00+08:00,2011-09-14T00:00:00+08:00,2011-09-13T00:00:00+08:00
2011-10-2,2011-10-14 16:00:00+00:00,1.2803,0.03166800966962113,30.7,-6.209999999999997,2.19,0.18999999999999995,112.45,-0.0142882187938288,2620.24,0.034788618367790125,2.9,5.7,2.0,2011-10-14T04:00:00+00:00,2011-09-13T00:00:00+08:00,2011-10-15T00:00:00+08:00,2011-09-13T00:00:00+08:00
2011-11-1,2011-10-31 16:00:00+00:00,1.2421,-0.04497924035060741,24.53,-18.43,2.34,0.41999999999999993,110.01,0.04354012521343198,2737.15,0.13320775026910647,2.9,5.7,2.0,2011-10-29T04:00:00+00:00,2011-09-13T00:00:00+08:00,2011-10-15T00:00:00+08:00,2011-09-13T00:00:00+08:00
2011-11-2,2011-11-14 16:00:00+00:00,1.2902,0.01895435160322223,30.04,1.8000000000000007,2.04,-0.21999999999999975,114.43,0.0008746610688359358,2678.75,0.0040856869764043235,2.9,5.5,2.0,2011-11-12T04:00:00+00:00,2011-09-13T00:00:00+08:00,2011-11-14T00:00:00+08:00,2011-09-13T00:00:00+08:00
2011-12-1,2011-11-30 16:00:00+00:00,1.2944,0.042106110619112735,30.64,6.109999999999999,2.0,-0.33999999999999986,111.25,0.011271702572493325,2515.51,-0.0809747364959903,2.9,5.5,2.0,2011-11-30T04:00:00+00:00,2011-09-13T00:00:00+08:00,2011-11-14T00:00:00+08:00,2011-09-13T00:00:00+08:00
2011-12-2,2011-12-14 16:00:00+00:00,1.3013,0.008603317315144743,25.41,-4.629999999999999,1.96,-0.08000000000000007,109.25,-0.045267849340208,2579.27,-0.03713672421838543,7.8,5.4,2.1,2011-12-14T04:00:00+00:00,2011-12-14T00:00:00+08:00,2011-12-15T00:00:00+08:00,2011-12-14T00:00:00+08:00
2012-01-1,2011-12-31 16:00:00+00:00,1.2948,0.009590643274853816,23.4,-4.400000000000002,1.89,-0.19000000000000017,108.09,-0.02814242042798054,2605.15,-0.005796957646717615,7.8,5.4,2.1,2011-12-31T04:00:00+00:00,2011-12-14T00:00:00+08:00,2011-12-15T00:00:00+08:00,2011-12-14T00:00:00+08:00
2012-01-2,2012-01-14 16:00:00+00:00,1.2929,-0.012073049591197371,20.91,-5.129999999999999,1.89,-0.030000000000000027,109.88,0.039349224366250546,2710.67,0.06748289889773207,7.8,5.7,2.1,2012-01-14T04:00:00+00:00,2011-12-14T00:00:00+08:00,2012-01-14T00:00:00+08:00,2011-12-14T00:00:00+08:00
2012-02-1,2012-01-31 16:00:00+00:00,1.2575,-0.028807537843682285,19.4,-4.0,1.87,-0.019999999999999796,110.24,0.01989083171431205,2811.94,0.07937738709863162,7.8,5.7,2.1,2012-01-31T04:00:00+00:00,2011-12-14T00:00:00+08:00,2012-01-14T00:00:00+08:00,2011-12-14T00:00:00+08:00
2012-02-2,2012-02-14 16:00:00+00:00,1.2551,-0.02923659989171612,19.04,-1.870000000000001,1.99,0.10000000000000009,118.73,0.08054240990171113,2931.39,0.08142636322385233,7.8,5.5,2.1,2012-02-14T04:00:00+00:00,2011-12-14T00:00:00+08:00,2012-02-14T00:00:00+08:00,2011-12-14T00:00:00+08:00
2012-03-1,2012-02-29 16:00:00+00:00,1.252,-0.00047900367236142216,17.96,-0.5700000000000003,1.94,0.010000000000000009,124.02,0.12235294117647055,2986.76,0.06043208890309071,7.8,5.5,2.1,2012-02-29T04:00:00+00:00,2011-12-14T00:00:00+08:00,2012-02-14T00:00:00+08:00,2011-12-14T00:00:00+08:00
2012-03-2,2012-03-14 16:00:00+00:00,1.2581,-0.0007942180922881903,14.8,-5.989999999999998,2.14,0.18000000000000016,128.14,0.08473715398290005,3039.88,0.0468338912076256,5.3,5.5,2.1,2012-03-14T04:00:00+00:00,2012-03-15T00:00:00+08:00,2012-02-14T00:00:00+08:00,2012-03-15T00:00:00+08:00
2012-04-1,2012-03-31 16:00:00+00:00,1.2573,0.007936507936507908,15.5,-2.9299999999999997,2.23,0.25,123.41,0.009653931113474457,3091.57,0.042023802702493285,5.3,4.8,2.1,2012-03-31T04:00:00+00:00,2012-03-15T00:00:00+08:00,2012-03-16T00:00:00+08:00,2012-03-15T00:00:00+08:00
2012-04-2,2012-04-14 16:00:00+00:00,1.2474,-0.016711335330285237,19.55,4.24,2.02,-0.27,120.62,-0.05008662781540396,3011.33,-0.009668730863970243,5.3,4.6,2.1,2012-04-14T04:00:00+00:00,2012-03-15T00:00:00+08:00,2012-04-14T00:00:00+08:00,2012-03-15T00:00:00+08:00
2012-05-1,2012-04-30 16:00:00+00:00,1.2385,-0.014952676369999307,16.32,0.8200000000000003,1.96,-0.27,119.3,-0.033303622072765604,3069.2,-0.0072358057556517474,5.3,4.6,2.1,2012-04-28T04:00:00+00:00,2012-03-15T00:00:00+08:00,2012-04-14T00:00:00+08:00,2012-03-15T00:00:00+08:00
2012-05-2,2012-05-14 16:00:00+00:00,1.2503,0.002324835658168878,19.89,0.33999999999999986,1.84,-0.17999999999999994,112.5,-0.0673188525949262,2933.82,-0.02573945731620242,5.3,5.3,2.1,2012-05-12T04:00:00+00:00,2012-03-15T00:00:00+08:00,2012-05-15T00:00:00+08:00,2012-03-15T00:00:00+08:00
2012-06-1,2012-05-31 16:00:00+00:00,1.288,0.04139715394566634,24.14,6.990000000000002,1.63,-0.32000000000000006,103.85,-0.12481038260576438,2837.36,-0.06860646804711201,5.3,5.3,2.1,2012-05-31T04:00:00+00:00,2012-03-15T00:00:00+08:00,2012-05-15T00:00:00+08:00,2012-03-15T00:00:00+08:00
2012-06-2,2012-06-14 16:00:00+00:00,1.2793,0.01871317088708402,24.27,2.3999999999999986,1.61,-0.16999999999999993,97.29,-0.12185215272136474,2818.61,-0.028929435192139308,4.8,5.5,2.1,2012-06-14T04:00:00+00:00,2012-06-14T00:00:00+08:00,2012-06-14T00:00:00+08:00,2012-06-14T00:00:00+08:00
2012-07-1,2012-06-30 16:00:00+00:00,1.2673,-0.016071428571428514,17.08,-7.060000000000002,1.67,0.040000000000000036,94.17,-0.09321136254212803,2935.06,0.03443341697916358,4.8,5.5,2.1,2012-06-30T04:00:00+00:00,2012-06-14T00:00:00+08:00,2012-06-14T00:00:00+08:00,2012-06-14T00:00:00+08:00
2012-07-2,2012-07-14 16:00:00+00:00,1.2651,-0.011099820214179767,16.74,-7.530000000000001,1.52,-0.09000000000000008,101.91,0.04748689485044699,2908.47,0.03188096260213347,4.8,5.0,2.1,2012-07-14T04:00:00+00:00,2012-06-14T00:00:00+08:00,2012-07-15T00:00:00+08:00,2012-06-14T00:00:00+08:00
2012-08-1,2012-07-31 16:00:00+00:00,1.2468,-0.016176122465083376,18.03,0.9500000000000028,1.53,-0.1399999999999999,106.54,0.13135818201125637,2945.84,0.003672838033975445,4.8,5.0,2.1,2012-07-31T04:00:00+00:00,2012-06-14T00:00:00+08:00,2012-07-15T00:00:00+08:00,2012-06-14T00:00:00+08:00
2012-08-2,2012-08-14 16:00:00+00:00,1.2458,-0.015255711010987216,13.7,-3.039999999999999,1.65,0.1299999999999999,114.48,0.12334412717103338,3022.52,0.0392130570368614,4.8,5.3,2.1,2012-08-14T04:00:00+00:00,2012-06-14T00:00:00+08:00,2012-08-14T00:00:00+08:00,2012-06-14T00:00:00+08:00
2012-09-1,2012-08-31 16:00:00+00:00,1.2537,0.008040524242180602,17.83,-1.1000000000000014,1.63,0.11999999999999988,112.28,0.05994524686113456,3048.71,0.0371455203570652,4.8,5.3,2.1,2012-08-31T04:00:00+00:00,2012-06-14T00:00:00+08:00,2012-08-14T00:00:00+08:00,2012-06-14T00:00:00+08:00
2012-09-2,2012-09-14 16:00:00+00:00,1.2299,-0.013633811853396294,14.05,-0.7999999999999989,1.75,0.020000000000000018,116.0,0.01843722563652328,3155.83,0.04602284403608903,6.2,4.0,1.9,2012-09-14T04:00:00+00:00,2012-09-13T00:00:00+08:00,2012-09-14T00:00:00+08:00,2012-09-13T00:00:00+08:00
2012-10-1,2012-09-30 16:00:00+00:00,1.2262,-0.021935072186328508,15.73,-2.099999999999998,1.65,0.020000000000000018,111.36,-0.008193801211257568,3116.23,0.022147072040305638,6.2,4.0,1.9,2012-09-29T04:00:00+00:00,2012-09-13T00:00:00+08:00,2012-09-14T00:00:00+08:00,2012-09-13T00:00:00+08:00
2012-10-2,2012-10-14 16:00:00+00:00,1.2223,-0.006179364175949331,16.14,2.09,1.69,-0.06000000000000005,115.17,-0.007155172413793043,3044.11,-0.03540114644958692,6.2,3.9,1.9,2012-10-13T04:00:00+00:00,2012-09-13T00:00:00+08:00,2012-10-15T00:00:00+08:00,2012-09-13T00:00:00+08:00
2012-11-1,2012-10-31 16:00:00+00:00,1.2188,-0.006034904583265277,17.81,2.0799999999999983,1.74,0.09000000000000008,109.4,-0.017600574712643646,2987.95,-0.04116512580907061,6.2,3.9,1.9,2012-10-31T04:00:00+00:00,2012-09-13T00:00:00+08:00,2012-10-15T00:00:00+08:00,2012-09-13T00:00:00+08:00
2012-11-2,2012-11-14 16:00:00+00:00,1.2232,0.0007363167798413173,16.65,0.509999999999998,1.59,-0.09999999999999987,108.82,-0.05513588608144493,2883.89,-0.052632789222465726,6.2,4.7,1.9,2012-11-14T04:00:00+00:00,2012-09-13T00:00:00+08:00,2012-11-14T00:00:00+08:00,2012-09-13T00:00:00+08:00
2012-12-1,2012-11-30 16:00:00+00:00,1.221,0.0018050541516245744,15.06,-2.7499999999999982,1.62,-0.11999999999999988,110.47,0.009780621572212045,3012.03,0.008059037132482239,6.2,4.7,1.9,2012-11-30T04:00:00+00:00,2012-09-13T00:00:00+08:00,2012-11-14T00:00:00+08:00,2012-09-13T00:00:00+08:00
2012-12-2,2012-12-14 16:00:00+00:00,1.2212,-0.0016350555918901444,16.56,-0.08999999999999986,1.74,0.1499999999999999,110.18,0.012497702628193386,2992.16,0.037543040823332374,2.0,4.1,1.9,2012-12-14T04:00:00+00:00,2012-12-14T00:00:00+08:00,2012-12-15T00:00:00+08:00,2012-12-14T00:00:00+08:00
2013-01-1,2012-12-31 16:00:00+00:00,1.223,0.0019662461084712923,22.72,6.85,1.73,0.10999999999999988,110.05,-0.007127390833634117,2960.31,-0.016586717338152424,2.0,4.1,1.9,2012-12-29T04:00:00+00:00,2012-12-14T00:00:00+08:00,2012-12-15T00:00:00+08:00,2012-12-14T00:00:00+08:00
2013-01-2,2013-01-14 16:00:00+00:00,1.225,0.004510045100450943,13.36,-3.6400000000000006,1.89,0.16999999999999993,110.3,0.009333821376281026,3125.63,0.05192960728024154,2.0,3.6,1.9,2013-01-12T04:00:00+00:00,2012-12-14T00:00:00+08:00,2013-01-14T00:00:00+08:00,2012-12-14T00:00:00+08:00
2013-02-1,2013-01-31 16:00:00+00:00,1.2347,0.01088914360569837,14.32,-3.6999999999999993,2.03,0.24999999999999978,115.42,0.041696750902527224,3142.31,0.040668850243913646,2.0,3.6,1.9,2013-01-31T04:00:00+00:00,2012-12-14T00:00:00+08:00,2013-01-14T00:00:00+08:00,2012-12-14T00:00:00+08:00
2013-02-2,2013-02-14 16:00:00+00:00,1.2375,0.009133164804697058,12.98,-0.5399999999999991,2.05,0.15999999999999992,118.43,0.06386992454186147,3196.88,0.025462710505212538,2.0,4.3,1.9,2013-02-14T04:00:00+00:00,2012-12-14T00:00:00+08:00,2013-02-14T00:00:00+08:00,2012-12-14T00:00:00+08:00
2013-03-1,2013-02-28 16:00:00+00:00,1.2375,-0.0004038772213246222,14.73,1.1600000000000001,1.91,-0.09000000000000008,112.24,-0.014747191011236005,3162.26,0.002523539295564703,2.0,4.3,1.9,2013-02-28T04:00:00+00:00,2012-12-14T00:00:00+08:00,2013-02-14T00:00:00+08:00,2012-12-14T00:00:00+08:00
2013-03-2,2013-03-14 16:00:00+00:00,1.249,0.006852075775896971,11.83,-1.1099999999999994,2.04,0.050000000000000044,107.51,-0.09113196381773603,3245.12,0.016641604010025013,2.0,4.3,1.9,2013-03-14T04:00:00+00:00,2012-12-14T00:00:00+08:00,2013-02-14T00:00:00+08:00,2012-12-14T00:00:00+08:00
2013-04-1,2013-03-31 16:00:00+00:00,1.24,0.0025062656641603454,12.7,-2.8100000000000005,1.87,-0.019999999999999796,108.46,-0.03333333333333344,3267.52,0.03396314778541787,4.7,3.6,1.9,2013-03-30T04:00:00+00:00,2013-03-16T00:00:00+08:00,2013-03-17T00:00:00+08:00,2013-03-16T00:00:00+08:00
2013-04-2,2013-04-14 16:00:00+00:00,1.2366,-0.010324129651860803,12.06,0.7599999999999998,1.75,-0.29000000000000004,100.58,-0.06956521739130428,3294.95,0.011052707483744761,4.7,4.9,1.9,2013-04-13T04:00:00+00:00,2013-03-16T00:00:00+08:00,2013-04-14T00:00:00+08:00,2013-03-16T00:00:00+08:00
2013-05-1,2013-04-30 16:00:00+00:00,1.2339,-0.004919354838709644,13.71,1.0100000000000016,1.7,-0.17000000000000015,102.88,-0.05144753826295412,3307.02,0.01208867887572218,4.7,4.9,1.9,2013-04-30T04:00:00+00:00,2013-03-16T00:00:00+08:00,2013-04-14T00:00:00+08:00,2013-03-16T00:00:00+08:00
2013-05-2,2013-05-14 16:00:00+00:00,1.2413,0.0038007439754166317,12.55,0.4900000000000002,1.92,0.16999999999999993,102.17,0.015808311791608798,3438.79,0.04365468368260528,4.7,3.5,1.9,2013-05-14T04:00:00+00:00,2013-03-16T00:00:00+08:00,2013-05-15T00:00:00+08:00,2013-03-16T00:00:00+08:00
2013-06-1,2013-05-31 16:00:00+00:00,1.2604,0.02305194805194799,14.53,1.0099999999999998,2.13,0.42999999999999994,101.79,0.00256081946222797,3491.3,0.04881954103443009,4.7,3.5,1.9,2013-05-31T04:00:00+00:00,2013-03-16T00:00:00+08:00,2013-05-15T00:00:00+08:00,2013-03-16T00:00:00+08:00
2013-06-2,2013-06-14 16:00:00+00:00,1.251,0.006841046277666019,16.41,3.6400000000000006,2.19,0.22999999999999998,103.38,0.006621226874391262,3445.37,-0.0049789031972992115,3.4,1.5,1.9,2013-06-14T04:00:00+00:00,2013-06-14T00:00:00+08:00,2013-06-14T00:00:00+08:00,2013-06-14T00:00:00+08:00
2013-07-1,2013-06-30 16:00:00+00:00,1.2682,0.006188511583624212,16.86,2.33,2.52,0.3900000000000001,102.49,0.006876903428627346,3403.25,-0.025219832154211974,3.4,1.5,1.9,2013-06-29T04:00:00+00:00,2013-06-14T00:00:00+08:00,2013-06-14T00:00:00+08:00,2013-06-14T00:00:00+08:00
2013-07-2,2013-07-14 16:00:00+00:00,1.2627,0.009352517985611541,13.84,-2.5700000000000003,2.61,0.41999999999999993,109.03,0.05465273747339916,3600.08,0.04490374038201983,3.4,1.6,1.9,2013-07-13T04:00:00+00:00,2013-06-14T00:00:00+08:00,2013-07-15T00:00:00+08:00,2013-06-14T00:00:00+08:00
2013-08-1,2013-07-31 16:00:00+00:00,1.2696,0.0011039268254218193,13.39,-3.469999999999999,2.63,0.10999999999999988,107.47,0.048590106351839246,3616.47,0.06265187688239182,3.4,1.6,1.9,2013-07-31T04:00:00+00:00,2013-06-14T00:00:00+08:00,2013-07-15T00:00:00+08:00,2013-06-14T00:00:00+08:00
2013-08-2,2013-08-14 16:00:00+00:00,1.2678,0.004038964124495115,12.31,-1.5299999999999994,2.71,0.10000000000000009,110.69,0.015225167385123362,3684.44,0.0234328126041643,3.4,1.8,1.9,2013-08-14T04:00:00+00:00,2013-06-14T00:00:00+08:00,2013-08-14T00:00:00+08:00,2013-06-14T00:00:00+08:00
2013-09-1,2013-08-31 16:00:00+00:00,1.2758,0.0009414718343010442,17.01,3.5600000000000023,2.78,0.17999999999999972,115.97,0.07489109277968309,3589.87,-0.01006516158031312,3.4,1.8,1.9,2013-08-31T04:00:00+00:00,2013-06-14T00:00:00+08:00,2013-08-14T00:00:00+08:00,2013-06-14T00:00:00+08:00
2013-09-2,2013-09-14 16:00:00+00:00,1.2685,-0.0015741833923652582,14.16,1.120000000000001,2.9,0.18999999999999995,113.31,0.027661890077997464,3722.18,0.014419761969002076,4.6,1.9,2.0,2013-09-14T04:00:00+00:00,2013-09-13T00:00:00+08:00,2013-09-14T00:00:00+08:00,2013-09-13T00:00:00+08:00
2013-10-1,2013-09-30 16:00:00+00:00,1.2556,-0.01583320269634736,15.46,-1.5500000000000007,2.64,-0.13999999999999968,109.45,-0.05622143657842538,3781.59,0.0534058336374299,4.6,1.9,2.0,2013-09-28T04:00:00+00:00,2013-09-13T00:00:00+08:00,2013-09-14T00:00:00+08:00,2013-09-13T00:00:00+08:00
2013-10-2,2013-10-14 16:00:00+00:00,1.2466,-0.017264485612928704,15.72,1.5600000000000005,2.7,-0.19999999999999973,110.65,-0.023475421410290354,3791.87,0.018722898946316402,4.6,2.0,2.0,2013-10-12T04:00:00+00:00,2013-09-13T00:00:00+08:00,2013-10-15T00:00:00+08:00,2013-09-13T00:00:00+08:00
2013-11-1,2013-10-31 16:00:00+00:00,1.2366,-0.014425759145612504,13.65,-2.950000000000001,2.55,-0.0900000000000003,108.41,0.005192396847473413,3930.62,0.042195636726165775,4.6,2.0,2.0,2013-10-31T04:00:00+00:00,2013-09-13T00:00:00+08:00,2013-10-15T00:00:00+08:00,2013-09-13T00:00:00+08:00
2013-11-2,2013-11-14 16:00:00+00:00,1.2473,0.0005615273544041788,12.52,-3.5500000000000007,2.75,0.04999999999999982,106.9,-0.029328974847906975,3965.58,0.039396949626107736,4.6,1.6,2.0,2013-11-14T04:00:00+00:00,2013-09-13T00:00:00+08:00,2013-11-14T00:00:00+08:00,2013-09-13T00:00:00+08:00
2013-12-1,2013-11-30 16:00:00+00:00,1.2548,0.014717774543101969,13.7,0.049999999999998934,2.75,0.20000000000000018,111.07,0.024536481874365856,4059.89,0.0328879413425871,4.6,1.6,2.0,2013-11-30T04:00:00+00:00,2013-09-13T00:00:00+08:00,2013-11-14T00:00:00+08:00,2013-09-13T00:00:00+08:00
2013-12-2,2013-12-14 16:00:00+00:00,1.2554,0.006494027098532751,15.76,3.24,2.88,0.1299999999999999,108.08,0.011038353601496631,4000.98,0.008926815245184905,6.1,2.0,1.8,2013-12-14T04:00:00+00:00,2013-12-14T00:00:00+08:00,2013-12-15T00:00:00+08:00,2013-12-14T00:00:00+08:00
2014-01-1,2013-12-31 16:00:00+00:00,1.2671,0.009802358941664036,13.56,-0.1399999999999988,2.99,0.2400000000000002,110.47,-0.00540199873953362,4154.2,0.02322969341533887,6.1,2.0,1.8,2013-12-31T04:00:00+00:00,2013-12-14T00:00:00+08:00,2013-12-15T00:00:00+08:00,2013-12-14T00:00:00+08:00
2014-01-2,2014-01-14 16:00:00+00:00,1.2647,0.007407997451011505,13.28,-2.4800000000000004,2.84,-0.040000000000000036,108.02,-0.0005551443375277909,4113.3,0.028073122085089164,6.1,2.6,1.8,2014-01-14T04:00:00+00:00,2013-12-14T00:00:00+08:00,2014-01-14T00:00:00+08:00,2013-12-14T00:00:00+08:00
2014-02-1,2014-01-31 16:00:00+00:00,1.2746,0.009824116621771406,17.29,3.5699999999999985,2.72,-0.31999999999999984,109.36,-0.00536607548885859,4123.13,-0.01279991572071959,6.1,2.6,1.8,2014-01-31T04:00:00+00:00,2013-12-14T00:00:00+08:00,2014-01-14T00:00:00+08:00,2013-12-14T00:00:00+08:00
2014-02-2,2014-02-14 16:00:00+00:00,1.2654,-0.0018930430667297715,14.14,1.8600000000000012,2.73,-0.1499999999999999,108.98,0.01736370425690814,4240.67,0.013781908764481043,6.1,1.5,1.8,2014-02-14T04:00:00+00:00,2013-12-14T00:00:00+08:00,2014-02-14T00:00:00+08:00,2013-12-14T00:00:00+08:00
2014-03-1,2014-02-28 16:00:00+00:00,1.2638,-0.008784313725490045,14.04,-1.7600000000000016,2.65,-0.1200000000000001,108.54,-0.005132905591200609,4318.93,0.053921951409969804,6.1,1.5,1.8,2014-02-28T04:00:00+00:00,2013-12-14T00:00:00+08:00,2014-02-14T00:00:00+08:00,2013-12-14T00:00:00+08:00
2014-03-2,2014-03-14 16:00:00+00:00,1.2658,-0.0011836187169573797,16.22,1.709999999999999,2.66,-0.08999999999999986,107.48,-0.015841040197783984,4260.42,0.016554363594716293,6.1,1.5,1.8,2014-03-14T04:00:00+00:00,2013-12-14T00:00:00+08:00,2014-02-14T00:00:00+08:00,2013-12-14T00:00:00+08:00
2014-04-1,2014-03-31 16:00:00+00:00,1.2593,-0.005998894940405619,14.41,0.41000000000000014,2.73,0.06999999999999984,106.64,-0.021471829693521793,4155.76,-0.03536577439811328,5.1,1.4,1.9,2014-03-29T04:00:00+00:00,2014-03-16T00:00:00+08:00,2014-03-17T00:00:00+08:00,2014-03-16T00:00:00+08:00
2014-04-2,2014-04-14 16:00:00+00:00,1.2481,-0.013203668564199855,17.03,-0.7899999999999991,2.63,-0.020000000000000018,107.34,-0.0068467801628422365,3999.73,-0.057867338766665055,5.1,0.4,1.9,2014-04-12T04:00:00+00:00,2014-03-16T00:00:00+08:00,2014-04-14T00:00:00+08:00,2014-03-16T00:00:00+08:00
2014-05-1,2014-04-30 16:00:00+00:00,1.2551,-0.0033351862145636346,13.71,-0.6999999999999993,2.71,-0.020000000000000018,109.89,0.030476369092273137,4103.54,-0.012565691955262137,5.1,0.4,1.9,2014-04-30T04:00:00+00:00,2014-03-16T00:00:00+08:00,2014-04-14T00:00:00+08:00,2014-03-16T00:00:00+08:00
2014-05-2,2014-05-14 16:00:00+00:00,1.2516,0.0028042624789681447,12.13,-4.9,2.61,-0.020000000000000018,108.78,0.013415315818893214,4130.17,0.03261220132358944,5.1,1.2,1.9,2014-05-14T04:00:00+00:00,2014-03-16T00:00:00+08:00,2014-05-15T00:00:00+08:00,2014-03-16T00:00:00+08:00
2014-06-1,2014-05-31 16:00:00+00:00,1.2543,-0.0007966223213575763,11.4,-2.01,2.48,-0.18999999999999995,109.21,0.005339224891834693,4242.62,0.031123619536475244,5.1,1.2,1.9,2014-05-31T04:00:00+00:00,2014-03-16T00:00:00+08:00,2014-05-15T00:00:00+08:00,2014-03-16T00:00:00+08:00
2014-06-2,2014-06-14 16:00:00+00:00,1.2507,0.0008802816901407606,12.18,0.009999999999999787,2.6,0.06000000000000005,113.15,0.029853463183762585,4310.65,0.051216520388330355,4.3,2.3,2.1,2014-06-14T04:00:00+00:00,2014-06-14T00:00:00+08:00,2014-06-14T00:00:00+08:00,2014-06-14T00:00:00+08:00
2014-07-1,2014-06-30 16:00:00+00:00,1.2497,-0.0036673841983575484,11.26,-0.14000000000000057,2.54,0.06000000000000005,112.62,0.0312242468638404,4397.93,0.036607096558259,4.3,2.3,2.1,2014-06-28T04:00:00+00:00,2014-06-14T00:00:00+08:00,2014-06-14T00:00:00+08:00,2014-06-14T00:00:00+08:00
2014-07-2,2014-07-14 16:00:00+00:00,1.2409,-0.00783561205724792,12.08,-0.09999999999999964,2.53,-0.07000000000000028,105.77,-0.06522315510384458,4415.49,0.024321158062009296,4.3,2.3,2.1,2014-07-12T04:00:00+00:00,2014-06-14T00:00:00+08:00,2014-07-15T00:00:00+08:00,2014-06-14T00:00:00+08:00
2014-08-1,2014-07-31 16:00:00+00:00,1.2454,-0.0008824709185718538,13.33,1.7599999999999998,2.57,0.040000000000000036,106.47,-0.041069981086192975,4462.9,0.01241328620882065,4.3,2.3,2.1,2014-07-31T04:00:00+00:00,2014-06-14T00:00:00+08:00,2014-07-15T00:00:00+08:00,2014-06-14T00:00:00+08:00
2014-08-2,2014-08-14 16:00:00+00:00,1.2495,0.006687077022236476,12.9,1.08,2.43,-0.11999999999999966,102.27,-0.023488971641363543,4434.13,-0.0014165326703329262,4.3,1.9,2.1,2014-08-14T04:00:00+00:00,2014-06-14T00:00:00+08:00,2014-08-14T00:00:00+08:00,2014-06-14T00:00:00+08:00
2014-09-1,2014-08-31 16:00:00+00:00,1.2485,0.0015241456762393746,11.98,-4.969999999999999,2.35,-0.22999999999999998,101.12,-0.03640175338288543,4580.27,0.04817187174611015,4.3,1.9,2.1,2014-08-30T04:00:00+00:00,2014-06-14T00:00:00+08:00,2014-08-14T00:00:00+08:00,2014-06-14T00:00:00+08:00
2014-09-2,2014-09-14 16:00:00+00:00,1.2631,0.014538152610441557,13.31,0.8900000000000006,2.62,0.2200000000000002,96.31,-0.047849728126544755,4567.6,0.025735459240961323,3.3,1.3,1.9,2014-09-13T04:00:00+00:00,2014-09-13T00:00:00+08:00,2014-09-14T00:00:00+08:00,2014-09-13T00:00:00+08:00
2014-10-1,2014-09-30 16:00:00+00:00,1.2734,0.019943932719263202,15.98,4.0,2.5,0.1499999999999999,95.7,-0.05359968354430378,4505.85,-0.016247950448336046,3.3,1.3,1.9,2014-09-30T04:00:00+00:00,2014-09-13T00:00:00+08:00,2014-09-14T00:00:00+08:00,2014-09-13T00:00:00+08:00
2014-10-2,2014-10-14 16:00:00+00:00,1.273,0.007837859235215072,24.64,11.33,2.31,-0.31000000000000005,87.82,-0.08815283978818411,4213.66,-0.07748927226552249,3.3,1.0,1.9,2014-10-14T04:00:00+00:00,2014-09-13T00:00:00+08:00,2014-10-15T00:00:00+08:00,2014-09-13T00:00:00+08:00
2014-11-1,2014-10-31 16:00:00+00:00,1.2767,0.001019288066488766,14.52,-1.7899999999999991,2.32,-0.20000000000000018,85.5,-0.09686278652160141,4566.14,0.016190448636775434,3.3,1.0,1.9,2014-10-31T04:00:00+00:00,2014-09-13T00:00:00+08:00,2014-10-15T00:00:00+08:00,2014-09-13T00:00:00+08:00
2014-11-2,2014-11-14 16:00:00+00:00,1.2909,0.012470588235294233,13.79,-9.0,2.35,0.14000000000000012,77.74,-0.0998147290412228,4680.14,0.1071567975737906,3.3,0.7,1.9,2014-11-14T04:00:00+00:00,2014-09-13T00:00:00+08:00,2014-11-14T00:00:00+08:00,2014-09-13T00:00:00+08:00
2014-12-1,2014-11-30 16:00:00+00:00,1.3036,0.021069945954413916,13.33,-1.1899999999999995,2.18,-0.13999999999999968,71.89,-0.15918128654970765,4791.63,0.049383067536255876,3.3,0.7,1.9,2014-11-29T04:00:00+00:00,2014-09-13T00:00:00+08:00,2014-11-14T00:00:00+08:00,2014-09-13T00:00:00+08:00
2014-12-2,2014-12-14 16:00:00+00:00,1.3123,0.016577581532264407,21.08,7.289999999999999,2.1,-0.25,61.67,-0.20671468999228193,4653.6,-0.00567077053250542,3.7,0.2,1.9,2014-12-13T04:00:00+00:00,2014-12-14T00:00:00+08:00,2014-12-15T00:00:00+08:00,2014-12-14T00:00:00+08:00
2015-01-1,2014-12-31 16:00:00+00:00,1.321,0.013347652654188247,15.92,2.59,2.2,0.020000000000000018,55.6,-0.2265961886215051,4777.44,-0.0029614139656026772,3.7,0.2,1.9,2014-12-31T04:00:00+00:00,2014-12-14T00:00:00+08:00,2014-12-15T00:00:00+08:00,2014-12-14T00:00:00+08:00
2015-01-2,2015-01-14 16:00:00+00:00,1.334,0.016535853082374485,20.56,-0.5199999999999996,1.91,-0.19000000000000017,45.13,-0.2682017188260094,4661.5,0.0016976104521229107,3.7,-0.3,1.9,2015-01-14T04:00:00+00:00,2014-12-14T00:00:00+08:00,2015-01-14T00:00:00+08:00,2014-12-14T00:00:00+08:00
2015-02-1,2015-01-31 16:00:00+00:00,1.3537,0.02212322561159752,20.97,1.7699999999999996,1.68,-0.49,47.52,-0.14022073457571915,4635.24,-0.02128567054824171,3.7,-0.3,1.9,2015-01-31T04:00:00+00:00,2014-12-14T00:00:00+08:00,2015-01-14T00:00:00+08:00,2014-12-14T00:00:00+08:00
2015-02-2,2015-02-14 16:00:00+00:00,1.3543,0.015826582658265975,14.69,-6.790000000000001,2.02,0.15999999999999992,60.33,0.3166739415102575,4893.84,0.05486148832156457,3.7,-0.1,1.9,2015-02-14T04:00:00+00:00,2014-12-14T00:00:00+08:00,2015-02-14T00:00:00+08:00,2014-12-14T00:00:00+08:00
2015-03-1,2015-02-28 16:00:00+00:00,1.3614,0.007772596047079583,13.34,-7.100000000000001,2.0,0.27,61.89,0.3148502230720205,4963.53,0.07018988829212658,3.7,-0.1,1.9,2015-02-28T04:00:00+00:00,2014-12-14T00:00:00+08:00,2015-02-14T00:00:00+08:00,2014-12-14T00:00:00+08:00
2015-03-2,2015-03-14 16:00:00+00:00,1.391,0.02211771621720926,16.0,-0.9600000000000009,2.13,0.1299999999999999,54.8,0.024682124158563967,4871.76,0.014700552780774645,3.7,-0.1,1.9,2015-03-14T04:00:00+00:00,2014-12-14T00:00:00+08:00,2015-02-14T00:00:00+08:00,2014-12-14T00:00:00+08:00
2015-04-1,2015-03-31 16:00:00+00:00,1.375,0.009989716468341348,14.51,1.17,1.96,-0.040000000000000036,53.99,-0.12764582323477136,4947.44,-0.003241644555387002,4.5,-0.4,1.9,2015-03-31T04:00:00+00:00,2015-03-16T00:00:00+08:00,2015-03-17T00:00:00+08:00,2015-03-16T00:00:00+08:00
2015-04-2,2015-04-14 16:00:00+00:00,1.3731,-0.012868439971243761,13.94,-2.0600000000000005,1.94,-0.18999999999999995,57.14,0.042700729927007464,4988.25,0.023911276417557525,4.5,-0.3,1.9,2015-04-14T04:00:00+00:00,2015-03-16T00:00:00+08:00,2015-04-14T00:00:00+08:00,2015-03-16T00:00:00+08:00
2015-05-1,2015-04-30 16:00:00+00:00,1.3171,-0.042109090909090985,13.39,-1.1199999999999992,2.06,0.10000000000000009,63.97,0.1848490461196517,5023.64,0.015401904823504786,4.5,-0.3,1.9,2015-04-30T04:00:00+00:00,2015-03-16T00:00:00+08:00,2015-04-14T00:00:00+08:00,2015-03-16T00:00:00+08:00
2015-05-2,2015-05-14 16:00:00+00:00,1.3239,-0.03583133056587273,13.76,-0.17999999999999972,2.27,0.33000000000000007,66.33,0.16083304165208245,4981.69,-0.001315090462587154,4.5,-0.3,1.9,2015-05-14T04:00:00+00:00,2015-03-16T00:00:00+08:00,2015-05-15T00:00:00+08:00,2015-03-16T00:00:00+08:00
2015-06-1,2015-05-31 16:00:00+00:00,1.3478,0.016363773471080645,13.84,-0.7100000000000009,2.12,0.07000000000000028,63.16,-0.011580594679186262,5070.03,0.026026931529803177,4.5,-0.3,1.9,2015-05-30T04:00:00+00:00,2015-03-16T00:00:00+08:00,2015-05-15T00:00:00+08:00,2015-03-16T00:00:00+08:00
2015-06-2,2015-06-14 16:00:00+00:00,1.343,0.017501325858019445,13.78,1.0399999999999991,2.39,0.16000000000000014,63.19,-0.03644403781640748,5051.1,5.93965312425393e-05,3.0,-0.5,1.8,2015-06-13T04:00:00+00:00,2015-06-14T00:00:00+08:00,2015-06-14T00:00:00+08:00,2015-06-14T00:00:00+08:00
2015-07-1,2015-06-30 16:00:00+00:00,1.3471,-0.0005193648909335158,18.85,5.010000000000002,2.33,0.20999999999999996,59.03,-0.06538948701709935,4958.47,-0.022003814573089198,3.0,-0.5,1.8,2015-06-30T04:00:00+00:00,2015-06-14T00:00:00+08:00,2015-06-14T00:00:00+08:00,2015-06-14T00:00:00+08:00
2015-07-2,2015-07-14 16:00:00+00:00,1.3572,0.010573343261355062,13.9,0.120000000000001,2.44,0.04999999999999982,57.63,-0.08798860579205559,5071.51,0.004040704005068063,3.0,-0.4,1.8,2015-07-14T04:00:00+00:00,2015-06-14T00:00:00+08:00,2015-07-15T00:00:00+08:00,2015-06-14T00:00:00+08:00
2015-08-1,2015-07-31 16:00:00+00:00,1.3753,0.021085455490385208,12.13,-6.1,2.28,-0.07000000000000028,54.29,-0.09981760902006309,5128.78,0.028456727366063195,3.0,-0.4,1.8,2015-07-31T04:00:00+00:00,2015-06-14T00:00:00+08:00,2015-07-15T00:00:00+08:00,2015-06-14T00:00:00+08:00
2015-08-2,2015-08-14 16:00:00+00:00,1.398,0.027185892725936744,13.49,0.120000000000001,2.19,-0.2200000000000002,48.01,-0.1606643356643357,5033.56,-0.013972876986575566,3.0,-0.3,1.8,2015-08-14T04:00:00+00:00,2015-06-14T00:00:00+08:00,2015-08-14T00:00:00+08:00,2015-06-14T00:00:00+08:00
2015-09-1,2015-08-31 16:00:00+00:00,1.409,0.028917774207682267,26.05,13.930000000000001,2.19,-0.010000000000000231,47.97,-0.09983111277913304,4828.32,-0.05849134602634798,3.0,-0.3,1.8,2015-08-29T04:00:00+00:00,2015-06-14T00:00:00+08:00,2015-08-14T00:00:00+08:00,2015-06-14T00:00:00+08:00
2015-09-2,2015-09-14 16:00:00+00:00,1.4144,0.006905389051042876,23.2,10.37,2.2,0.0,46.87,-0.0192508893073865,4822.34,-0.04474826870354809,3.1,-0.4,2.0,2015-09-12T04:00:00+00:00,2015-09-13T00:00:00+08:00,2015-09-14T00:00:00+08:00,2015-09-13T00:00:00+08:00
2015-10-1,2015-09-30 16:00:00+00:00,1.4273,0.012987934705464887,26.83,0.7799999999999976,2.05,-0.14000000000000012,47.58,-0.008130081300813052,4517.32,-0.0644116380024522,3.1,-0.4,2.0,2015-09-30T04:00:00+00:00,2015-09-13T00:00:00+08:00,2015-09-14T00:00:00+08:00,2015-09-13T00:00:00+08:00
2015-10-2,2015-10-14 16:00:00+00:00,1.4009,-0.009544683257918574,17.67,-5.529999999999998,2.06,-0.14000000000000012,48.94,0.044164710902496296,4796.61,-0.005335583969608204,3.1,-0.8,2.0,2015-10-14T04:00:00+00:00,2015-09-13T00:00:00+08:00,2015-10-15T00:00:00+08:00,2015-09-13T00:00:00+08:00
2015-11-1,2015-10-31 16:00:00+00:00,1.4005,-0.01608823942672466,15.07,-9.43,2.16,0.10000000000000009,48.0,0.015013744977796506,5053.75,0.09384739922426943,3.1,-0.8,2.0,2015-10-31T04:00:00+00:00,2015-09-13T00:00:00+08:00,2015-10-15T00:00:00+08:00,2015-09-13T00:00:00+08:00
2015-11-2,2015-11-14 16:00:00+00:00,1.424,0.029124810291248027,20.08,2.049999999999997,2.28,0.2899999999999998,41.98,-0.1299481865284975,4927.88,0.030322924616076108,3.1,-0.6,2.0,2015-11-14T04:00:00+00:00,2015-09-13T00:00:00+08:00,2015-11-14T00:00:00+08:00,2015-09-13T00:00:00+08:00
2015-12-1,2015-11-30 16:00:00+00:00,1.4135,0.009282399143162978,15.12,0.049999999999998934,2.22,0.06000000000000005,43.07,-0.10270833333333329,5127.52,0.014597081375216536,3.1,-0.6,2.0,2015-11-28T04:00:00+00:00,2015-09-13T00:00:00+08:00,2015-11-14T00:00:00+08:00,2015-09-13T00:00:00+08:00
2015-12-2,2015-12-14 16:00:00+00:00,1.412,-0.008426966292134797,24.39,4.310000000000002,2.13,-0.1499999999999999,36.99,-0.1188661267270128,4933.47,0.0011343620380366293,3.7,-0.8,1.9,2015-12-12T04:00:00+00:00,2015-12-14T00:00:00+08:00,2015-12-15T00:00:00+08:00,2015-12-14T00:00:00+08:00
2016-01-1,2015-12-31 16:00:00+00:00,1.4152,0.0040439872295139345,17.29,1.1600000000000001,2.31,0.10000000000000009,35.65,-0.18477018065401318,5065.85,-0.008381829321525869,3.7,-0.8,1.9,2015-12-31T04:00:00+00:00,2015-12-14T00:00:00+08:00,2015-12-15T00:00:00+08:00,2015-12-14T00:00:00+08:00
2016-01-2,2016-01-14 16:00:00+00:00,1.4338,0.018757993463123457,25.22,2.4899999999999984,2.08,-0.1499999999999999,28.58,-0.21720076691317447,4526.06,-0.08605618075089383,3.7,-0.8,1.9,2016-01-14T04:00:00+00:00,2015-12-14T00:00:00+08:00,2016-01-14T00:00:00+08:00,2015-12-14T00:00:00+08:00
2016-02-1,2016-01-31 16:00:00+00:00,1.4241,0.005294366793731298,20.2,1.9899999999999984,1.94,-0.33000000000000007,33.14,-0.0947828462168806,4613.95,-0.07857555103336855,3.7,-0.8,1.9,2016-01-30T04:00:00+00:00,2015-12-14T00:00:00+08:00,2016-01-14T00:00:00+08:00,2015-12-14T00:00:00+08:00
2016-02-2,2016-02-14 16:00:00+00:00,1.3961,-0.028597272474255586,25.4,1.4499999999999993,1.74,-0.3600000000000001,31.8,0.10263522884882104,4337.51,-0.060127843986998886,3.7,-0.6,1.9,2016-02-13T04:00:00+00:00,2015-12-14T00:00:00+08:00,2016-02-14T00:00:00+08:00,2015-12-14T00:00:00+08:00
2016-03-1,2016-02-29 16:00:00+00:00,1.4075,-0.011656484797415878,19.81,-0.39000000000000057,1.76,-0.17999999999999994,35.76,0.07905853952926978,4590.47,-0.00508891513778853,3.7,-0.6,1.9,2016-02-27T04:00:00+00:00,2015-12-14T00:00:00+08:00,2016-02-14T00:00:00+08:00,2015-12-14T00:00:00+08:00
2016-03-2,2016-03-14 16:00:00+00:00,1.3713,-0.017763770503545495,16.5,-8.899999999999999,1.98,0.24,39.41,0.23930817610062882,4748.47,0.09474560289198175,2.2,-0.6,1.9,2016-03-12T04:00:00+00:00,2016-03-15T00:00:00+08:00,2016-02-14T00:00:00+08:00,2016-03-15T00:00:00+08:00
2016-04-1,2016-03-31 16:00:00+00:00,1.3515,-0.0384204909284952,13.56,-6.99,1.83,0.09000000000000008,36.75,0.02310690423162587,4869.29,0.0683070239910486,2.2,-0.6,1.9,2016-03-31T04:00:00+00:00,2016-03-15T00:00:00+08:00,2016-03-16T00:00:00+08:00,2016-03-15T00:00:00+08:00
2016-04-2,2016-04-14 16:00:00+00:00,1.3519,-0.017585931254995968,13.84,-3.080000000000002,1.77,-0.19999999999999996,42.81,0.12480294272201786,4947.42,0.0415007115370043,2.2,-0.8,1.9,2016-04-14T04:00:00+00:00,2016-03-15T00:00:00+08:00,2016-04-14T00:00:00+08:00,2016-03-15T00:00:00+08:00
2016-05-1,2016-04-30 16:00:00+00:00,1.3454,-0.004513503514613437,15.7,2.139999999999999,1.83,0.0,45.64,0.24190476190476184,4775.36,-0.019290286674237933,2.2,-0.8,1.9,2016-04-30T04:00:00+00:00,2016-03-15T00:00:00+08:00,2016-04-14T00:00:00+08:00,2016-03-15T00:00:00+08:00
2016-05-2,2016-05-14 16:00:00+00:00,1.372,0.01486796360677567,15.04,1.1999999999999993,1.71,-0.06000000000000005,47.05,0.09904227984115854,4717.68,-0.04643632438725631,2.2,-1.0,1.9,2016-05-14T04:00:00+00:00,2016-03-15T00:00:00+08:00,2016-05-15T00:00:00+08:00,2016-03-15T00:00:00+08:00
2016-06-1,2016-05-31 16:00:00+00:00,1.3748,0.02185223725286156,13.12,-2.58,1.85,0.020000000000000018,49.09,0.07559158632778273,4933.5,0.03311582791663881,2.2,-1.0,1.9,2016-05-28T04:00:00+00:00,2016-03-15T00:00:00+08:00,2016-05-15T00:00:00+08:00,2016-03-15T00:00:00+08:00
2016-06-2,2016-06-14 16:00:00+00:00,1.3549,-0.012463556851312063,20.97,5.93,1.62,-0.08999999999999986,49.36,0.04909670563230617,4848.44,0.027717013447287497,3.5,-0.5,1.9,2016-06-14T04:00:00+00:00,2016-06-14T00:00:00+08:00,2016-06-14T00:00:00+08:00,2016-06-14T00:00:00+08:00
2016-07-1,2016-06-30 16:00:00+00:00,1.3472,-0.020075647366889826,16.64,3.5200000000000014,1.5,-0.3500000000000001,48.4,-0.014055815848441733,4779.25,-0.0312658356136617,3.5,-0.5,1.9,2016-06-30T04:00:00+00:00,2016-06-14T00:00:00+08:00,2016-06-14T00:00:00+08:00,2016-06-14T00:00:00+08:00
2016-07-2,2016-07-14 16:00:00+00:00,1.3463,-0.006347331906413678,13.04,-7.93,1.48,-0.14000000000000012,44.67,-0.09501620745542949,5005.73,0.03244136258260388,3.5,-1.6,1.9,2016-07-14T04:00:00+00:00,2016-06-14T00:00:00+08:00,2016-07-15T00:00:00+08:00,2016-06-14T00:00:00+08:00
2016-08-1,2016-07-31 16:00:00+00:00,1.3431,-0.004299799836904206,11.87,-3.7600000000000016,1.46,-0.030000000000000027,40.76,-0.15171696149843916,5162.13,0.06596774093630176,3.5,-1.6,1.9,2016-07-30T04:00:00+00:00,2016-06-14T00:00:00+08:00,2016-07-15T00:00:00+08:00,2016-06-14T00:00:00+08:00
2016-08-2,2016-08-14 16:00:00+00:00,1.3456,0.0024584668106979457,11.55,-1.2699999999999996,1.51,-0.020000000000000018,45.12,-0.019343620951966956,5232.89,0.039496946798409205,3.5,-0.7,1.9,2016-08-13T04:00:00+00:00,2016-06-14T00:00:00+08:00,2016-08-14T00:00:00+08:00,2016-06-14T00:00:00+08:00
2016-09-1,2016-08-31 16:00:00+00:00,1.3638,0.015412106321197161,13.12,1.25,1.57,0.1100000000000001,47.94,0.17615309126594703,5222.99,0.011789706962048507,3.5,-0.7,1.9,2016-08-31T04:00:00+00:00,2016-06-14T00:00:00+08:00,2016-08-14T00:00:00+08:00,2016-06-14T00:00:00+08:00
2016-09-2,2016-09-14 16:00:00+00:00,1.366,0.015160523186682706,17.85,6.300000000000001,1.73,0.21999999999999997,46.48,0.03014184397163122,5155.25,-0.014836925675869472,3.4,-0.6,2.1,2016-09-14T04:00:00+00:00,2016-09-13T00:00:00+08:00,2016-09-14T00:00:00+08:00,2016-09-13T00:00:00+08:00
2016-10-1,2016-09-30 16:00:00+00:00,1.3621,-0.0012465170846164275,14.02,0.9000000000000004,1.56,-0.010000000000000009,48.43,0.010221109720484067,5269.15,0.008837849584242052,3.4,-0.6,2.1,2016-09-30T04:00:00+00:00,2016-09-13T00:00:00+08:00,2016-09-14T00:00:00+08:00,2016-09-13T00:00:00+08:00
2016-10-2,2016-10-14 16:00:00+00:00,1.3838,0.013030746705710028,16.69,-1.1600000000000001,1.75,0.020000000000000018,49.29,0.060456110154905485,5213.33,0.011266184957082537,3.4,-0.3,2.1,2016-10-14T04:00:00+00:00,2016-09-13T00:00:00+08:00,2016-10-15T00:00:00+08:00,2016-09-13T00:00:00+08:00
2016-11-1,2016-10-31 16:00:00+00:00,1.3938,0.02274728500146761,16.19,2.900000000000002,1.86,0.26,47.78,-0.009535655058043102,5190.1,-0.02294804216867463,3.4,-0.3,2.1,2016-10-29T04:00:00+00:00,2016-09-13T00:00:00+08:00,2016-10-15T00:00:00+08:00,2016-09-13T00:00:00+08:00
2016-11-2,2016-11-14 16:00:00+00:00,1.4089,0.013524206891590618,14.17,-1.950000000000001,2.15,0.34999999999999987,41.61,-0.14855739717618166,5237.11,0.004401475980790659,3.4,-0.2,2.1,2016-11-12T04:00:00+00:00,2016-09-13T00:00:00+08:00,2016-11-14T00:00:00+08:00,2016-09-13T00:00:00+08:00
2016-12-1,2016-11-30 16:00:00+00:00,1.4263,0.023317549146218974,12.9,-3.290000000000001,2.3,0.4399999999999997,44.68,-0.0648807032231059,5379.92,0.036573476426273066,3.4,-0.2,2.1,2016-11-30T04:00:00+00:00,2016-09-13T00:00:00+08:00,2016-11-14T00:00:00+08:00,2016-09-13T00:00:00+08:00
2016-12-2,2016-12-14 16:00:00+00:00,1.4236,0.010433671658740762,12.72,-1.4499999999999993,2.48,0.33000000000000007,53.28,0.28046142754145653,5463.83,0.043291051744187126,3.5,-0.1,2.1,2016-12-14T04:00:00+00:00,2016-12-14T00:00:00+08:00,2016-12-15T00:00:00+08:00,2016-12-14T00:00:00+08:00
2017-01-1,2016-12-31 16:00:00+00:00,1.4465,0.008998325892856984,14.04,0.7099999999999991,2.45,0.08000000000000007,54.96,0.14619395203336794,5383.12,0.011165209028341172,3.5,-0.1,2.1,2016-12-31T04:00:00+00:00,2016-12-14T00:00:00+08:00,2016-12-15T00:00:00+08:00,2016-12-14T00:00:00+08:00
2017-01-2,2017-01-14 16:00:00+00:00,1.4313,0.006044844310114428,11.23,-1.959999999999999,2.4,-0.14000000000000012,54.37,0.022953904045155182,5574.12,0.025282020060073407,3.5,0.0,2.1,2017-01-14T04:00:00+00:00,2016-12-14T00:00:00+08:00,2017-01-14T00:00:00+08:00,2016-12-14T00:00:00+08:00
2017-02-1,2017-01-31 16:00:00+00:00,1.422,-0.016937435188385752,11.88,-2.1599999999999984,2.49,0.040000000000000036,54.77,-0.0034570596797670605,5613.71,0.04283575324347222,3.5,0.0,2.1,2017-01-31T04:00:00+00:00,2016-12-14T00:00:00+08:00,2017-01-14T00:00:00+08:00,2016-12-14T00:00:00+08:00
2017-02-2,2017-02-14 16:00:00+00:00,1.4235,-0.00544959128065392,11.07,-0.16000000000000014,2.43,0.03000000000000025,54.15,-0.004046349089571466,5763.96,0.03405739381283501,3.5,0.2,2.1,2017-02-14T04:00:00+00:00,2016-12-14T00:00:00+08:00,2017-02-14T00:00:00+08:00,2016-12-14T00:00:00+08:00
2017-03-1,2017-02-28 16:00:00+00:00,1.4004,-0.0193964008122679,12.09,1.5099999999999998,2.36,-0.13000000000000034,54.65,-0.0027372262773722733,5861.9,0.035528672727080046,3.5,0.2,2.1,2017-02-28T04:00:00+00:00,2016-12-14T00:00:00+08:00,2017-02-14T00:00:00+08:00,2016-12-14T00:00:00+08:00
2017-03-2,2017-03-14 16:00:00+00:00,1.413,-0.004508947442581346,11.35,0.5,2.62,0.20999999999999996,50.1,-0.09239130434782605,5875.78,0.02470296278598494,3.5,0.2,2.1,2017-03-14T04:00:00+00:00,2016-12-14T00:00:00+08:00,2017-02-14T00:00:00+08:00,2016-12-14T00:00:00+08:00
2017-04-1,2017-03-31 16:00:00+00:00,1.3942,-0.003431022158684738,11.54,-1.3800000000000008,2.42,0.06000000000000005,52.25,-0.02080209895052476,5914.34,0.015260649839325513,5.2,0.6,2.2,2017-03-31T04:00:00+00:00,2017-03-16T00:00:00+08:00,2017-03-17T00:00:00+08:00,2017-03-16T00:00:00+08:00
2017-04-2,2017-04-14 16:00:00+00:00,1.3975,-0.0116690240452616,15.96,3.66,2.24,-0.3599999999999999,55.05,0.1098790322580645,5805.15,-0.00882219361359915,5.2,0.7,2.2,2017-04-14T04:00:00+00:00,2017-03-16T00:00:00+08:00,2017-04-14T00:00:00+08:00,2017-03-16T00:00:00+08:00
2017-05-1,2017-04-30 16:00:00+00:00,1.397,0.002008320183617851,10.82,-0.7199999999999989,2.29,-0.1299999999999999,49.46,-0.05339712918660289,6047.61,0.022533368051210978,5.2,0.7,2.2,2017-04-29T04:00:00+00:00,2017-03-16T00:00:00+08:00,2017-04-14T00:00:00+08:00,2017-03-16T00:00:00+08:00
2017-05-2,2017-05-14 16:00:00+00:00,1.4044,0.004937388193202219,10.4,-5.5600000000000005,2.33,0.08999999999999986,49.08,-0.10844686648501356,6121.23,0.054448205472726885,5.2,0.7,2.2,2017-05-13T04:00:00+00:00,2017-03-16T00:00:00+08:00,2017-05-15T00:00:00+08:00,2017-03-16T00:00:00+08:00
2017-06-1,2017-05-31 16:00:00+00:00,1.384,-0.009305654974946398,10.38,-0.4399999999999995,2.21,-0.08000000000000007,50.65,0.024059846340477087,6203.19,0.025725865259168534,5.2,0.7,2.2,2017-05-31T04:00:00+00:00,2017-03-16T00:00:00+08:00,2017-05-15T00:00:00+08:00,2017-03-16T00:00:00+08:00
2017-06-2,2017-06-14 16:00:00+00:00,1.3818,-0.01609228140131025,10.42,0.019999999999999574,2.21,-0.1200000000000001,46.95,-0.04339853300733487,6220.37,0.016196091308446237,4.6,0.4,2.3,2017-06-14T04:00:00+00:00,2017-06-14T00:00:00+08:00,2017-06-14T00:00:00+08:00,2017-06-14T00:00:00+08:00
2017-07-1,2017-06-30 16:00:00+00:00,1.3799,-0.0029624277456646864,11.44,1.0599999999999987,2.27,0.06000000000000005,47.02,-0.07166831194471857,6144.35,-0.009485442167658786,4.6,0.4,2.3,2017-06-30T04:00:00+00:00,2017-06-14T00:00:00+08:00,2017-06-14T00:00:00+08:00,2017-06-14T00:00:00+08:00
2017-07-2,2017-07-14 16:00:00+00:00,1.3768,-0.0036184686640613473,9.9,-0.5199999999999996,2.35,0.14000000000000012,47.65,0.014909478168263934,6274.44,0.008692408972456489,4.6,1.4,2.3,2017-07-14T04:00:00+00:00,2017-06-14T00:00:00+08:00,2017-07-15T00:00:00+08:00,2017-06-14T00:00:00+08:00
2017-08-1,2017-07-31 16:00:00+00:00,1.3571,-0.014093715946240537,10.29,-0.8900000000000006,2.3,-0.010000000000000231,52.0,0.10450297366185213,6374.68,0.038150484820256736,4.6,1.4,2.3,2017-07-29T04:00:00+00:00,2017-06-14T00:00:00+08:00,2017-07-15T00:00:00+08:00,2017-06-14T00:00:00+08:00
2017-08-2,2017-08-14 16:00:00+00:00,1.3615,-0.007436028286068375,15.51,6.0,2.19,-0.14000000000000012,51.47,0.07475464606389637,6256.56,-0.008857071795984717,4.6,0.5,2.3,2017-08-12T04:00:00+00:00,2017-06-14T00:00:00+08:00,2017-08-14T00:00:00+08:00,2017-06-14T00:00:00+08:00
2017-09-1,2017-08-31 16:00:00+00:00,1.3562,0.00022125525481220265,11.22,0.9600000000000009,2.15,-0.1499999999999999,51.91,-0.0015387574533565207,6368.31,0.0031804691782764127,4.6,0.5,2.3,2017-08-31T04:00:00+00:00,2017-06-14T00:00:00+08:00,2017-08-14T00:00:00+08:00,2017-06-14T00:00:00+08:00
2017-09-2,2017-09-14 16:00:00+00:00,1.3494,-0.009178353770467829,10.5,-1.83,2.2,-0.020000000000000018,55.52,0.08247221680639516,6460.19,0.01892044925814984,3.5,0.6,2.2,2017-09-14T04:00:00+00:00,2017-09-13T00:00:00+08:00,2017-09-14T00:00:00+08:00,2017-09-13T00:00:00+08:00
2017-10-1,2017-09-30 16:00:00+00:00,1.3573,0.0008110898097624109,9.51,-1.7100000000000009,2.33,0.18000000000000016,57.02,0.0984396070121365,6495.96,0.02004456441347857,3.5,0.6,2.2,2017-09-30T04:00:00+00:00,2017-09-13T00:00:00+08:00,2017-09-14T00:00:00+08:00,2017-09-13T00:00:00+08:00
2017-10-2,2017-10-14 16:00:00+00:00,1.3505,0.0008151771157551835,9.61,-0.8900000000000006,2.28,0.07999999999999963,56.86,0.02413544668587897,6605.8,0.022539584749055486,3.5,0.4,2.2,2017-10-14T04:00:00+00:00,2017-09-13T00:00:00+08:00,2017-10-15T00:00:00+08:00,2017-09-13T00:00:00+08:00
2017-11-1,2017-10-31 16:00:00+00:00,1.361,0.0027260001473514706,10.5,0.9900000000000002,2.37,0.040000000000000036,60.65,0.06366187302700799,6698.96,0.03125019242729321,3.5,0.4,2.2,2017-10-31T04:00:00+00:00,2017-09-13T00:00:00+08:00,2017-10-15T00:00:00+08:00,2017-09-13T00:00:00+08:00
2017-11-2,2017-11-14 16:00:00+00:00,1.3623,0.008737504627915671,11.5,1.8900000000000006,2.4,0.1200000000000001,62.94,0.10692930003517409,6757.6,0.022979805625359617,3.5,0.4,2.2,2017-11-14T04:00:00+00:00,2017-09-13T00:00:00+08:00,2017-11-14T00:00:00+08:00,2017-09-13T00:00:00+08:00
2017-12-1,2017-11-30 16:00:00+00:00,1.3466,-0.01058045554739162,10.7,0.1999999999999993,2.37,0.0,63.74,0.05094806265457552,6824.34,0.01871633805844497,3.5,0.4,2.2,2017-11-30T04:00:00+00:00,2017-09-13T00:00:00+08:00,2017-11-14T00:00:00+08:00,2017-09-13T00:00:00+08:00
2017-12-2,2017-12-14 16:00:00+00:00,1.3502,-0.008882037730309045,10.18,-1.3200000000000003,2.36,-0.040000000000000036,63.66,0.011439466158245981,6875.8,0.01749141707114954,5.0,0.4,2.1,2017-12-14T04:00:00+00:00,2017-12-14T00:00:00+08:00,2017-12-15T00:00:00+08:00,2017-12-14T00:00:00+08:00
2018-01-1,2017-12-31 16:00:00+00:00,1.3363,-0.008826583592938753,11.04,-0.2400000000000002,2.4,-0.020000000000000018,66.73,0.05036990398237062,6903.39,0.004279913936197088,5.0,0.4,2.1,2017-12-30T04:00:00+00:00,2017-12-14T00:00:00+08:00,2017-12-15T00:00:00+08:00,2017-12-14T00:00:00+08:00
2018-01-2,2018-01-14 16:00:00+00:00,1.3275,-0.014183870488638117,10.16,-0.33000000000000007,2.55,0.19999999999999973,69.64,0.0929064657878218,7261.06,0.05899923138963881,5.0,0.6,2.1,2018-01-13T04:00:00+00:00,2017-12-14T00:00:00+08:00,2018-01-14T00:00:00+08:00,2017-12-14T00:00:00+08:00
2018-02-1,2018-01-31 16:00:00+00:00,1.3117,-0.018409039886253087,14.79,3.75,2.73,0.33000000000000007,67.78,0.015735051700884073,7402.48,0.07229636453974053,5.0,0.6,2.1,2018-01-31T04:00:00+00:00,2017-12-14T00:00:00+08:00,2018-01-14T00:00:00+08:00,2017-12-14T00:00:00+08:00
2018-02-2,2018-02-14 16:00:00+00:00,1.3222,-0.003992467043314352,24.97,14.809999999999999,2.83,0.28000000000000025,61.94,-0.11056863871338318,7013.51,-0.03409281840392453,5.0,0.4,2.1,2018-02-14T04:00:00+00:00,2017-12-14T00:00:00+08:00,2018-02-14T00:00:00+08:00,2017-12-14T00:00:00+08:00
2018-03-1,2018-02-28 16:00:00+00:00,1.3222,0.01162968630451422,18.59,7.51,2.9,0.23999999999999977,67.59,-0.0355308219178081,7330.35,-0.023371352972446524,5.0,0.4,2.1,2018-02-28T04:00:00+00:00,2017-12-14T00:00:00+08:00,2018-02-14T00:00:00+08:00,2017-12-14T00:00:00+08:00
2018-03-2,2018-03-14 16:00:00+00:00,1.3105,-0.014809803037137304,16.35,-12.709999999999997,2.84,0.009999999999999787,64.2,0.01840101522842641,7511.01,0.09259159588565846,5.0,0.4,2.1,2018-03-14T04:00:00+00:00,2017-12-14T00:00:00+08:00,2018-02-14T00:00:00+08:00,2017-12-14T00:00:00+08:00
2018-04-1,2018-03-31 16:00:00+00:00,1.3105,-0.009523089713551425,19.97,0.11999999999999744,2.74,-0.1299999999999999,69.02,0.044491525423728806,7063.44,-0.028814754826406164,4.2,0.0,2.1,2018-03-31T04:00:00+00:00,2018-03-16T00:00:00+08:00,2018-03-17T00:00:00+08:00,2018-03-16T00:00:00+08:00
2018-04-2,2018-04-14 16:00:00+00:00,1.312,0.0024449877750611915,17.41,0.17999999999999972,2.82,0.009999999999999787,73.18,0.15044804276057233,7106.65,-0.052043469155547584,4.2,0.5,2.1,2018-04-14T04:00:00+00:00,2018-03-16T00:00:00+08:00,2018-04-14T00:00:00+08:00,2018-03-16T00:00:00+08:00
2018-05-1,2018-04-30 16:00:00+00:00,1.3244,0.010606638687523873,15.41,-4.559999999999999,2.96,0.21999999999999975,75.33,0.09142277600695459,7119.8,0.007979114992128666,4.2,0.5,2.1,2018-04-28T04:00:00+00:00,2018-03-16T00:00:00+08:00,2018-04-14T00:00:00+08:00,2018-03-16T00:00:00+08:00
2018-05-2,2018-05-14 16:00:00+00:00,1.3354,0.017835365853658525,12.65,-4.76,2.97,0.15000000000000036,77.37,0.05725608089641976,7402.88,0.041683493629206536,4.2,0.2,2.1,2018-05-12T04:00:00+00:00,2018-03-16T00:00:00+08:00,2018-05-15T00:00:00+08:00,2018-03-16T00:00:00+08:00
2018-06-1,2018-05-31 16:00:00+00:00,1.3387,0.010415880443807035,14.94,-0.9900000000000002,2.84,-0.11000000000000032,75.89,-0.0003951527924130893,7462.45,0.056066354668021345,4.2,0.2,2.1,2018-05-31T04:00:00+00:00,2018-03-16T00:00:00+08:00,2018-05-15T00:00:00+08:00,2018-03-16T00:00:00+08:00
2018-06-2,2018-06-14 16:00:00+00:00,1.3348,0.0016509079993995979,12.94,0.009999999999999787,2.98,-0.020000000000000018,75.07,-0.03965715747729315,7695.7,0.03837103242067541,4.4,0.1,2.1,2018-06-14T04:00:00+00:00,2018-06-14T00:00:00+08:00,2018-06-14T00:00:00+08:00,2018-06-14T00:00:00+08:00
2018-07-1,2018-06-30 16:00:00+00:00,1.3626,0.017853141107044168,16.09,1.1500000000000004,2.85,0.010000000000000231,77.44,0.02042429832652526,7510.3,0.006412103263673474,4.4,0.1,2.1,2018-06-30T04:00:00+00:00,2018-06-14T00:00:00+08:00,2018-06-14T00:00:00+08:00,2018-06-14T00:00:00+08:00
2018-07-2,2018-07-14 16:00:00+00:00,1.3666,0.023823793826790673,12.18,-0.7599999999999998,2.83,-0.1499999999999999,74.11,-0.012788064473158278,7825.98,0.016928934339956125,4.4,0.4,2.1,2018-07-14T04:00:00+00:00,2018-06-14T00:00:00+08:00,2018-07-15T00:00:00+08:00,2018-06-14T00:00:00+08:00
2018-08-1,2018-07-31 16:00:00+00:00,1.3605,-0.0015411712901804986,14.26,-1.83,2.98,0.1299999999999999,74.99,-0.03163739669421495,7630.0,0.01593811165998682,4.4,0.4,2.1,2018-07-31T04:00:00+00:00,2018-06-14T00:00:00+08:00,2018-07-15T00:00:00+08:00,2018-06-14T00:00:00+08:00
2018-08-2,2018-08-14 16:00:00+00:00,1.3768,0.0074637787209133055,14.78,2.5999999999999996,2.88,0.04999999999999982,70.62,-0.04709216030225338,7819.71,-0.0008011776160939954,4.4,0.6,2.1,2018-08-14T04:00:00+00:00,2018-06-14T00:00:00+08:00,2018-08-14T00:00:00+08:00,2018-06-14T00:00:00+08:00
2018-09-1,2018-08-31 16:00:00+00:00,1.3684,0.005880623346074643,13.53,0.6999999999999993,2.86,-0.10000000000000009,77.05,0.038969795037756105,8088.36,0.054298931540096795,4.4,0.6,2.1,2018-08-31T04:00:00+00:00,2018-06-14T00:00:00+08:00,2018-08-14T00:00:00+08:00,2018-06-14T00:00:00+08:00
2018-09-2,2018-09-14 16:00:00+00:00,1.3713,-0.0037053182214473734,12.37,-0.9400000000000013,2.97,0.08000000000000007,77.66,0.09735763741698467,8013.71,0.018145343156872995,4.5,0.6,2.1,2018-09-14T04:00:00+00:00,2018-09-13T00:00:00+08:00,2018-09-14T00:00:00+08:00,2018-09-13T00:00:00+08:00
2018-10-1,2018-09-30 16:00:00+00:00,1.3667,-0.0012423268050277825,12.12,-1.4100000000000001,3.05,0.18999999999999995,82.72,0.073588578844906,8046.35,-0.005193883556122492,4.5,0.6,2.1,2018-09-29T04:00:00+00:00,2018-09-13T00:00:00+08:00,2018-09-14T00:00:00+08:00,2018-09-13T00:00:00+08:00
2018-10-2,2018-10-14 16:00:00+00:00,1.378,0.004885874717421412,21.31,8.94,3.15,0.17999999999999972,80.71,0.03927375740406891,7496.89,-0.06449197687463104,4.5,0.7,2.1,2018-10-13T04:00:00+00:00,2018-09-13T00:00:00+08:00,2018-10-15T00:00:00+08:00,2018-09-13T00:00:00+08:00
2018-11-1,2018-10-31 16:00:00+00:00,1.3841,0.012731396795200078,23.35,11.230000000000002,3.12,0.07000000000000028,75.68,-0.0851063829787233,7161.65,-0.10995047443872075,4.5,0.7,2.1,2018-10-31T04:00:00+00:00,2018-09-13T00:00:00+08:00,2018-10-15T00:00:00+08:00,2018-09-13T00:00:00+08:00
2018-11-2,2018-11-14 16:00:00+00:00,1.38,0.0014513788098693414,20.02,-1.2899999999999991,3.14,-0.009999999999999787,65.45,-0.1890719861231569,7200.87,-0.03948570673972818,4.5,0.7,2.1,2018-11-14T04:00:00+00:00,2018-09-13T00:00:00+08:00,2018-11-14T00:00:00+08:00,2018-09-13T00:00:00+08:00
2018-12-1,2018-11-30 16:00:00+00:00,1.3712,-0.00932013582833624,18.79,-4.560000000000002,3.03,-0.0900000000000003,58.29,-0.22978329809725162,7273.08,0.01555926357752746,4.5,0.7,2.1,2018-11-30T04:00:00+00:00,2018-09-13T00:00:00+08:00,2018-11-14T00:00:00+08:00,2018-09-13T00:00:00+08:00
2018-12-2,2018-12-14 16:00:00+00:00,1.3713,-0.006304347826086909,20.65,0.629999999999999,2.91,-0.22999999999999998,59.03,-0.09809014514896874,7070.33,-0.018128365044779327,2.8,0.7,2.1,2018-12-14T04:00:00+00:00,2018-12-14T00:00:00+08:00,2018-12-15T00:00:00+08:00,2018-12-14T00:00:00+08:00
2019-01-1,2018-12-31 16:00:00+00:00,1.3668,-0.0034995625546806464,28.34,10.27,2.72,-0.2899999999999996,50.57,-0.12372205856870555,6584.52,-0.10176876464762485,2.8,0.7,2.1,2018-12-29T04:00:00+00:00,2018-12-14T00:00:00+08:00,2018-12-15T00:00:00+08:00,2018-12-14T00:00:00+08:00
2019-01-2,2019-01-14 16:00:00+00:00,1.3524,-0.017650904336456774,18.19,-3.4399999999999977,2.71,-0.18000000000000016,59.24,0.011612021857923427,6971.48,0.008800896007038261,2.8,0.3,2.1,2019-01-12T04:00:00+00:00,2018-12-14T00:00:00+08:00,2019-01-14T00:00:00+08:00,2018-12-14T00:00:00+08:00
2019-02-1,2019-01-31 16:00:00+00:00,1.3514,-0.008001174484328022,17.66,-7.760000000000002,2.7,0.010000000000000231,61.89,0.22384813130314418,7183.08,0.08255868629507734,2.8,0.3,2.1,2019-01-31T04:00:00+00:00,2018-12-14T00:00:00+08:00,2019-01-14T00:00:00+08:00,2018-12-14T00:00:00+08:00
2019-02-2,2019-02-14 16:00:00+00:00,1.3579,0.004066844128955971,15.65,-3.42,2.71,0.0,63.27,0.07602040816326538,7420.38,0.0744955053055929,2.8,0.5,2.1,2019-02-14T04:00:00+00:00,2018-12-14T00:00:00+08:00,2019-02-14T00:00:00+08:00,2018-12-14T00:00:00+08:00
2019-03-1,2019-02-28 16:00:00+00:00,1.3491,-0.0028824833702882913,14.7,-4.170000000000002,2.69,-0.06000000000000005,65.55,0.09780606263607439,7554.51,0.0661658443508597,2.8,0.5,2.1,2019-02-28T04:00:00+00:00,2018-12-14T00:00:00+08:00,2019-02-14T00:00:00+08:00,2018-12-14T00:00:00+08:00
2019-03-2,2019-03-14 16:00:00+00:00,1.3535,-0.005583719050767821,13.41,-2.5600000000000005,2.61,-0.040000000000000036,65.89,0.07487765089722687,7643.41,0.04591058990954999,2.8,0.5,2.1,2019-03-14T04:00:00+00:00,2018-12-14T00:00:00+08:00,2019-02-14T00:00:00+08:00,2018-12-14T00:00:00+08:00
2019-04-1,2019-03-31 16:00:00+00:00,1.3544,0.0017751479289940253,13.71,-1.0699999999999985,2.41,-0.31999999999999984,67.93,0.04459480239889291,7729.32,0.026125352305268024,1.1,0.4,2.2,2019-03-30T04:00:00+00:00,2019-03-16T00:00:00+08:00,2019-03-17T00:00:00+08:00,2019-03-16T00:00:00+08:00
2019-04-2,2019-04-14 16:00:00+00:00,1.353,-0.0019915910599689335,12.01,-1.4900000000000002,2.56,-0.06999999999999984,71.57,0.08144454517981248,7984.16,0.046291988766739456,1.1,0.5,2.2,2019-04-13T04:00:00+00:00,2019-03-16T00:00:00+08:00,2019-04-14T00:00:00+08:00,2019-03-16T00:00:00+08:00
2019-05-1,2019-04-30 16:00:00+00:00,1.3619,0.005537507383343243,13.11,-0.6000000000000014,2.54,0.1299999999999999,71.22,0.048432209627557565,8149.39,0.054347601082630925,1.1,0.5,2.2,2019-04-30T04:00:00+00:00,2019-03-16T00:00:00+08:00,2019-04-14T00:00:00+08:00,2019-03-16T00:00:00+08:00
2019-05-2,2019-05-14 16:00:00+00:00,1.3704,0.012860310421286103,20.55,8.540000000000001,2.4,-0.16000000000000014,72.35,0.010898421126170232,7647.02,-0.04222610769323254,1.1,0.7,2.2,2019-05-14T04:00:00+00:00,2019-03-16T00:00:00+08:00,2019-05-15T00:00:00+08:00,2019-03-16T00:00:00+08:00
2019-06-1,2019-05-31 16:00:00+00:00,1.379,0.01300227723499603,17.3,4.1800000000000015,2.22,-0.2899999999999996,69.55,-0.03657016207230923,7567.72,-0.06518154159342537,1.1,0.7,2.2,2019-05-31T04:00:00+00:00,2019-03-16T00:00:00+08:00,2019-05-15T00:00:00+08:00,2019-03-16T00:00:00+08:00
2019-06-2,2019-06-14 16:00:00+00:00,1.3667,-0.0010963309457682202,15.82,-2.2399999999999984,2.1,-0.31999999999999984,63.28,-0.12753343444092102,7837.13,0.013270428948773727,1.3,0.9,2.2,2019-06-14T04:00:00+00:00,2019-06-14T00:00:00+08:00,2019-06-14T00:00:00+08:00,2019-06-14T00:00:00+08:00
2019-07-1,2019-06-30 16:00:00+00:00,1.3533,-0.018636693255982606,15.08,-2.2200000000000006,2.0,-0.2200000000000002,67.52,-0.02918763479511144,8006.24,0.057946118513898526,1.3,0.9,2.2,2019-06-29T04:00:00+00:00,2019-06-14T00:00:00+08:00,2019-06-14T00:00:00+08:00,2019-06-14T00:00:00+08:00
2019-07-2,2019-07-14 16:00:00+00:00,1.3593,-0.0054145020853150205,12.39,-3.4299999999999997,2.12,0.020000000000000018,66.65,0.053255372945638424,8244.14,0.05193355220597318,1.3,0.9,2.2,2019-07-13T04:00:00+00:00,2019-06-14T00:00:00+08:00,2019-07-15T00:00:00+08:00,2019-06-14T00:00:00+08:00
2019-08-1,2019-07-31 16:00:00+00:00,1.3711,0.013153033325943975,13.94,-1.1400000000000006,2.06,0.06000000000000005,62.55,-0.07360781990521326,8273.61,0.03339520174264088,1.3,0.9,2.2,2019-07-31T04:00:00+00:00,2019-06-14T00:00:00+08:00,2019-07-15T00:00:00+08:00,2019-06-14T00:00:00+08:00
2019-08-2,2019-08-14 16:00:00+00:00,1.383,0.017435444714191117,17.52,5.129999999999999,1.68,-0.44000000000000017,59.9,-0.10127531882970753,8016.36,-0.02762932216095304,1.3,0.5,2.2,2019-08-14T04:00:00+00:00,2019-06-14T00:00:00+08:00,2019-08-14T00:00:00+08:00,2019-06-14T00:00:00+08:00
2019-09-1,2019-08-31 16:00:00+00:00,1.3879,0.014027909695331298,18.98,2.8599999999999994,1.5,-0.52,61.04,-0.04729202434836888,7962.88,-0.025997441110059194,1.3,0.5,2.2,2019-08-31T04:00:00+00:00,2019-06-14T00:00:00+08:00,2019-08-14T00:00:00+08:00,2019-06-14T00:00:00+08:00
2019-09-2,2019-09-14 16:00:00+00:00,1.3727,-0.012161773172135848,13.74,-8.360000000000001,1.9,0.30999999999999983,61.25,0.05858969927410995,8176.71,0.05181027895764578,1.1,0.2,2.3,2019-09-14T04:00:00+00:00,2019-09-13T00:00:00+08:00,2019-09-14T00:00:00+08:00,2019-09-13T00:00:00+08:00
2019-10-1,2019-09-30 16:00:00+00:00,1.3812,-0.004827437135240253,17.22,-1.7600000000000016,1.69,0.18999999999999995,62.48,0.023591087811271283,7939.63,-0.0029197978620800757,1.1,0.2,2.3,2019-09-28T04:00:00+00:00,2019-09-13T00:00:00+08:00,2019-09-14T00:00:00+08:00,2019-09-13T00:00:00+08:00
2019-10-2,2019-10-14 16:00:00+00:00,1.3714,-0.000947038682887813,15.58,1.8399999999999999,1.76,-0.1399999999999999,60.59,-0.010775510204081629,8057.04,-0.014635470745568813,1.1,0.4,2.3,2019-10-12T04:00:00+00:00,2019-09-13T00:00:00+08:00,2019-10-15T00:00:00+08:00,2019-09-13T00:00:00+08:00
2019-11-1,2019-10-31 16:00:00+00:00,1.3623,-0.014967462039045532,12.33,-3.9099999999999984,1.78,0.10000000000000009,60.22,-0.01262502049516323,8303.98,0.038084439571814066,1.1,0.4,2.3,2019-10-31T04:00:00+00:00,2019-09-13T00:00:00+08:00,2019-10-15T00:00:00+08:00,2019-09-13T00:00:00+08:00
2019-11-2,2019-11-14 16:00:00+00:00,1.3626,-0.006416800350007246,13.0,-1.5700000000000003,1.88,0.11999999999999988,62.27,0.058833531712293885,8482.1,0.05385375187143193,1.1,0.4,2.3,2019-11-14T04:00:00+00:00,2019-09-13T00:00:00+08:00,2019-11-14T00:00:00+08:00,2019-09-13T00:00:00+08:00
2019-12-1,2019-11-30 16:00:00+00:00,1.3674,0.0037436687954193193,12.62,0.28999999999999915,1.78,0.0,64.5,0.07107273331119224,8665.47,0.04353213760148744,1.1,0.4,2.3,2019-11-30T04:00:00+00:00,2019-09-13T00:00:00+08:00,2019-11-14T00:00:00+08:00,2019-09-13T00:00:00+08:00
2019-12-2,2019-12-14 16:00:00+00:00,1.3549,-0.00565096139732868,12.63,-0.3699999999999992,1.82,-0.05999999999999983,67.44,0.08302553396499102,8734.88,0.029801582155362327,0.6,0.5,2.2,2019-12-14T04:00:00+00:00,2019-12-14T00:00:00+08:00,2019-12-15T00:00:00+08:00,2019-12-14T00:00:00+08:00
2020-01-1,2019-12-31 16:00:00+00:00,1.3483,-0.01396811467017689,14.82,2.200000000000001,1.9,0.11999999999999988,68.3,0.058914728682170514,8945.99,0.032372162156236284,0.6,0.5,2.2,2019-12-31T04:00:00+00:00,2019-12-14T00:00:00+08:00,2019-12-15T00:00:00+08:00,2019-12-14T00:00:00+08:00
2020-01-2,2020-01-14 16:00:00+00:00,1.3465,-0.006199719536497117,12.32,-0.3100000000000005,1.85,0.030000000000000027,64.14,-0.048932384341636936,9273.93,0.06171235323209956,0.6,0.6,2.2,2020-01-14T04:00:00+00:00,2019-12-14T00:00:00+08:00,2020-01-14T00:00:00+08:00,2019-12-14T00:00:00+08:00
2020-02-1,2020-01-31 16:00:00+00:00,1.3628,0.013535623977390943,15.49,1.7100000000000009,1.57,-0.34999999999999987,57.72,-0.14829570606463038,9298.93,0.03636961415866091,0.6,0.6,2.2,2020-01-31T04:00:00+00:00,2019-12-14T00:00:00+08:00,2020-01-14T00:00:00+08:00,2019-12-14T00:00:00+08:00
2020-02-2,2020-02-14 16:00:00+00:00,1.3885,0.03111540175256211,14.15,1.7599999999999998,1.61,-0.20999999999999996,56.34,-0.1258339798293251,9711.97,0.049791759671312,0.6,0.8,2.2,2020-02-14T04:00:00+00:00,2019-12-14T00:00:00+08:00,2020-02-14T00:00:00+08:00,2019-12-14T00:00:00+08:00
2020-03-1,2020-02-29 16:00:00+00:00,1.3944,0.02484198147875949,40.11,23.72,1.13,-0.4700000000000002,51.31,-0.13706693575512952,8567.37,-0.07631027389284917,0.6,0.8,2.2,2020-02-29T04:00:00+00:00,2019-12-14T00:00:00+08:00,2020-02-14T00:00:00+08:00,2019-12-14T00:00:00+08:00
2020-03-2,2020-03-14 16:00:00+00:00,1.417,0.02251407129455929,57.83,44.089999999999996,0.94,-0.6800000000000002,32.25,-0.4193374144760533,7874.88,-0.19032362872148345,1.6,0.8,2.2,2020-03-14T04:00:00+00:00,2020-03-15T00:00:00+08:00,2020-02-14T00:00:00+08:00,2020-03-15T00:00:00+08:00
2020-04-1,2020-03-31 16:00:00+00:00,1.4253,0.02216006884681576,57.08,16.97,0.7,-0.42999999999999994,19.19,-0.6259988306373027,7774.15,-0.09258617288619508,1.6,0.8,2.2,2020-03-31T04:00:00+00:00,2020-03-15T00:00:00+08:00,2020-03-16T00:00:00+08:00,2020-03-15T00:00:00+08:00
2020-04-2,2020-04-14 16:00:00+00:00,1.415,-0.0014114326040931546,41.17,-16.659999999999997,0.76,-0.17999999999999994,20.23,-0.3727131782945736,8192.42,0.04032315413060261,1.6,0.3,2.2,2020-04-14T04:00:00+00:00,2020-03-15T00:00:00+08:00,2020-04-14T00:00:00+08:00,2020-03-15T00:00:00+08:00
2020-05-1,2020-04-30 16:00:00+00:00,1.4124,-0.009050726162913025,31.23,-25.849999999999998,0.63,-0.06999999999999995,17.86,-0.06930693069306937,8914.71,0.14671185917431484,1.6,0.3,2.2,2020-04-30T04:00:00+00:00,2020-03-15T00:00:00+08:00,2020-04-14T00:00:00+08:00,2020-03-15T00:00:00+08:00
2020-05-2,2020-05-14 16:00:00+00:00,1.4185,0.002473498233215521,35.28,-5.890000000000001,0.64,-0.12,27.89,0.3786455758774099,8863.17,0.08187446444396151,1.6,0.0,2.2,2020-05-14T04:00:00+00:00,2020-03-15T00:00:00+08:00,2020-05-15T00:00:00+08:00,2020-03-15T00:00:00+08:00
2020-06-1,2020-05-31 16:00:00+00:00,1.4135,0.0028378857750974706,27.51,-6.639999999999997,0.65,0.010000000000000009,34.15,0.8856985091109884,9489.87,0.06753097738355729,1.6,0.0,2.2,2020-05-30T04:00:00+00:00,2020-03-15T00:00:00+08:00,2020-05-15T00:00:00+08:00,2020-03-15T00:00:00+08:00
2020-06-2,2020-06-14 16:00:00+00:00,1.3923,-0.023495581427970147,36.09,3.480000000000004,0.71,0.07999999999999996,38.54,0.2902577837294944,9588.81,0.07212770525016432,1.4,-0.7,2.5,2020-06-13T04:00:00+00:00,2020-06-14T00:00:00+08:00,2020-06-14T00:00:00+08:00,2020-06-14T00:00:00+08:00
2020-07-1,2020-06-30 16:00:00+00:00,1.3943,-0.013583303855677298,31.78,4.27,0.64,-0.010000000000000009,41.58,0.21756954612005863,9874.15,0.04049370539322439,1.4,-0.7,2.5,2020-06-30T04:00:00+00:00,2020-06-14T00:00:00+08:00,2020-06-14T00:00:00+08:00,2020-06-14T00:00:00+08:00
2020-07-2,2020-07-14 16:00:00+00:00,1.3879,-0.003160238454356201,32.19,-3.9000000000000057,0.64,-0.06999999999999995,42.85,0.11183186299948122,10390.84,0.08364228720769318,1.4,-0.8,2.5,2020-07-14T04:00:00+00:00,2020-06-14T00:00:00+08:00,2020-07-15T00:00:00+08:00,2020-06-14T00:00:00+08:00
2020-08-1,2020-07-31 16:00:00+00:00,1.3757,-0.013269258356046643,24.76,-5.669999999999998,0.55,-0.10999999999999999,42.98,0.03218059558117181,10587.81,0.05259489977402798,1.4,-0.8,2.5,2020-07-31T04:00:00+00:00,2020-06-14T00:00:00+08:00,2020-07-15T00:00:00+08:00,2020-06-14T00:00:00+08:00
2020-08-2,2020-08-14 16:00:00+00:00,1.3719,-0.01429803132634,22.13,-7.390000000000001,0.71,0.07999999999999996,44.87,0.04421689550849428,11042.5,0.05281172475206364,1.4,-0.5,2.5,2020-08-14T04:00:00+00:00,2020-06-14T00:00:00+08:00,2020-08-14T00:00:00+08:00,2020-06-14T00:00:00+08:00
2020-09-1,2020-08-31 16:00:00+00:00,1.3582,-0.010635198135198087,22.96,-1.5,0.74,0.18999999999999995,45.22,0.048458149779735615,11695.63,0.08844449697401724,1.4,-0.5,2.5,2020-08-29T04:00:00+00:00,2020-06-14T00:00:00+08:00,2020-08-14T00:00:00+08:00,2020-06-14T00:00:00+08:00
2020-09-2,2020-09-14 16:00:00+00:00,1.3678,-0.0018244180106546937,26.87,4.82,0.67,-0.039999999999999925,38.8,-0.135086937137762,10853.55,-0.015041790313359282,-11.7,-0.4,3.0,2020-09-12T04:00:00+00:00,2020-09-13T00:00:00+08:00,2020-09-14T00:00:00+08:00,2020-09-13T00:00:00+08:00
2020-10-1,2020-09-30 16:00:00+00:00,1.3698,0.00854071565307013,26.27,3.3099999999999987,0.66,-0.07999999999999996,40.33,-0.10813799203892083,11085.42,-0.05217418813693653,-11.7,-0.4,3.0,2020-09-30T04:00:00+00:00,2020-09-13T00:00:00+08:00,2020-09-14T00:00:00+08:00,2020-09-13T00:00:00+08:00
2020-10-2,2020-10-14 16:00:00+00:00,1.3599,-0.005775698201491264,26.07,-0.8000000000000007,0.74,0.06999999999999995,41.34,0.06546391752577341,11864.0,0.09309857143515265,-11.7,-0.4,3.0,2020-10-14T04:00:00+00:00,2020-09-13T00:00:00+08:00,2020-10-15T00:00:00+08:00,2020-09-13T00:00:00+08:00
2020-11-1,2020-10-31 16:00:00+00:00,1.3654,0.0,38.02,11.650000000000002,0.88,0.19000000000000006,36.33,-0.09851116625310175,10911.59,-0.02293135190120066,-11.7,-0.4,3.0,2020-10-31T04:00:00+00:00,2020-09-13T00:00:00+08:00,2020-10-15T00:00:00+08:00,2020-09-13T00:00:00+08:00
2020-11-2,2020-11-14 16:00:00+00:00,1.3479,-0.006486327117269819,23.1,-3.299999999999997,0.89,0.16000000000000003,41.51,-0.007175316909830309,11829.29,0.005137299119793548,-11.7,0.0,3.0,2020-11-14T04:00:00+00:00,2020-09-13T00:00:00+08:00,2020-11-14T00:00:00+08:00,2020-09-13T00:00:00+08:00
2020-12-1,2020-11-30 16:00:00+00:00,1.3402,-0.018456130071773713,20.84,-17.180000000000003,0.84,-0.040000000000000036,46.88,0.2903936140930361,12205.85,0.11861332766352106,-11.7,0.0,3.0,2020-11-28T04:00:00+00:00,2020-09-13T00:00:00+08:00,2020-11-14T00:00:00+08:00,2020-09-13T00:00:00+08:00
2020-12-2,2020-12-14 16:00:00+00:00,1.3371,-0.008012463832628658,23.31,0.2099999999999973,0.9,0.010000000000000009,50.01,0.2047699349554324,12377.87,0.046374719023711375,-3.9,-0.2,3.4,2020-12-12T04:00:00+00:00,2020-12-14T00:00:00+08:00,2020-12-15T00:00:00+08:00,2020-12-14T00:00:00+08:00
2021-01-1,2020-12-31 16:00:00+00:00,1.3236,-0.012386211013281523,22.77,2.1999999999999993,0.93,0.09000000000000008,50.74,0.08326216908625095,12870.0,0.055026994591244716,-3.9,-0.2,3.4,2020-12-31T04:00:00+00:00,2020-12-14T00:00:00+08:00,2020-12-15T00:00:00+08:00,2020-12-14T00:00:00+08:00
2021-01-2,2021-01-14 16:00:00+00:00,1.3262,-0.00644291279592446,22.21,-2.509999999999998,1.1,0.20000000000000007,55.52,0.10443604535508255,13128.95,0.05537843929762287,-3.9,-0.1,3.4,2021-01-14T04:00:00+00:00,2020-12-14T00:00:00+08:00,2021-01-14T00:00:00+08:00,2020-12-14T00:00:00+08:00
2021-02-1,2021-01-31 16:00:00+00:00,1.3279,0.004919025276222344,33.09,10.340000000000003,1.11,0.18000000000000005,55.25,0.07868020304568524,13070.69,0.01415316861520699,-3.9,-0.1,3.4,2021-01-30T04:00:00+00:00,2020-12-14T00:00:00+08:00,2021-01-14T00:00:00+08:00,2020-12-14T00:00:00+08:00
2021-02-2,2021-02-14 16:00:00+00:00,1.3241,7.552870090643538e-05,19.97,-3.280000000000001,1.2,0.050000000000000044,62.47,0.1203371592539455,14095.47,0.07495286990262828,-3.9,0.0,3.4,2021-02-13T04:00:00+00:00,2020-12-14T00:00:00+08:00,2021-02-14T00:00:00+08:00,2020-12-14T00:00:00+08:00
2021-03-1,2021-02-28 16:00:00+00:00,1.3323,0.0025585070358944417,27.95,-2.2600000000000016,1.44,0.3699999999999999,65.86,0.20029159832330978,13192.35,-0.01085763385908245,-3.9,0.0,3.4,2021-02-27T04:00:00+00:00,2020-12-14T00:00:00+08:00,2021-02-14T00:00:00+08:00,2020-12-14T00:00:00+08:00
2021-03-2,2021-03-14 16:00:00+00:00,1.3433,0.013658315725928238,20.69,-0.5599999999999987,1.64,0.48,68.87,0.12735308561139314,13319.86,-0.05032950062634711,-3.9,0.0,3.4,2021-03-13T04:00:00+00:00,2020-12-14T00:00:00+08:00,2021-02-14T00:00:00+08:00,2020-12-14T00:00:00+08:00
2021-04-1,2021-03-31 16:00:00+00:00,1.3474,0.011333783682353715,19.61,-8.34,1.73,0.29000000000000004,63.28,-0.03917400546614025,13045.39,-0.011139789347614393,-0.1,0.2,3.2,2021-03-31T04:00:00+00:00,2021-03-16T00:00:00+08:00,2021-03-17T00:00:00+08:00,2021-03-16T00:00:00+08:00
2021-04-2,2021-04-14 16:00:00+00:00,1.342,-0.0009677659495271884,16.65,-4.040000000000003,1.64,0.0,62.83,-0.08770146653114574,13996.1,0.05076930238005506,-0.1,0.7,3.2,2021-04-14T04:00:00+00:00,2021-03-16T00:00:00+08:00,2021-04-14T00:00:00+08:00,2021-03-16T00:00:00+08:00
2021-05-1,2021-04-30 16:00:00+00:00,1.3264,-0.015585572213151155,17.61,-2.0,1.65,-0.08000000000000007,68.26,0.07869785082174463,14082.55,0.07950394737144695,-0.1,0.7,3.2,2021-04-30T04:00:00+00:00,2021-03-16T00:00:00+08:00,2021-04-14T00:00:00+08:00,2021-03-16T00:00:00+08:00
2021-05-2,2021-05-14 16:00:00+00:00,1.3339,-0.006035767511177292,23.13,6.48,1.66,0.020000000000000018,67.36,0.07209931561356031,13124.99,-0.06223948099827814,-0.1,1.3,3.2,2021-05-14T04:00:00+00:00,2021-03-16T00:00:00+08:00,2021-05-15T00:00:00+08:00,2021-03-16T00:00:00+08:00
2021-06-1,2021-05-31 16:00:00+00:00,1.3226,-0.005414348022259041,16.76,-1.8499999999999979,1.58,-0.06999999999999984,69.36,0.02406614498745019,13748.74,-0.015322273374452466,-0.1,1.3,3.2,2021-05-29T04:00:00+00:00,2021-03-16T00:00:00+08:00,2021-05-15T00:00:00+08:00,2021-03-16T00:00:00+08:00
2021-06-2,2021-06-14 16:00:00+00:00,1.3264,-0.004652558907399018,15.65,-3.1599999999999984,1.47,-0.15999999999999992,72.05,0.040583477758521225,14069.42,0.04761287805342973,4.9,2.1,2.9,2021-06-12T04:00:00+00:00,2021-06-14T00:00:00+08:00,2021-06-14T00:00:00+08:00,2021-06-14T00:00:00+08:00
2021-07-1,2021-06-30 16:00:00+00:00,1.3453,0.01716316346590041,16.02,-0.740000000000002,1.49,-0.09000000000000008,75.38,0.08679354094579006,14528.33,0.05670265057016133,4.9,2.1,2.9,2021-06-30T04:00:00+00:00,2021-06-14T00:00:00+08:00,2021-06-14T00:00:00+08:00,2021-06-14T00:00:00+08:00
2021-07-2,2021-07-14 16:00:00+00:00,1.3538,0.020657418576598197,17.12,1.4700000000000006,1.42,-0.050000000000000044,77.5,0.07564191533657194,14677.65,0.0432306377945928,4.9,2.4,2.9,2021-07-14T04:00:00+00:00,2021-06-14T00:00:00+08:00,2021-07-15T00:00:00+08:00,2021-06-14T00:00:00+08:00
2021-08-1,2021-07-31 16:00:00+00:00,1.3539,0.006392626180034222,18.24,2.4099999999999984,1.24,-0.20999999999999996,77.72,0.010137769690668152,14672.68,0.011633382630249045,4.9,2.4,2.9,2021-07-31T04:00:00+00:00,2021-06-14T00:00:00+08:00,2021-07-15T00:00:00+08:00,2021-06-14T00:00:00+08:00
2021-08-2,2021-08-14 16:00:00+00:00,1.355,0.0005168721848924918,15.45,-0.879999999999999,1.29,-0.08000000000000007,70.9,-0.06390282545550552,14822.9,0.012150946230611748,4.9,2.4,2.9,2021-08-14T04:00:00+00:00,2021-06-14T00:00:00+08:00,2021-08-14T00:00:00+08:00,2021-06-14T00:00:00+08:00
2021-09-1,2021-08-31 16:00:00+00:00,1.3447,-0.006795184282443412,16.19,-2.049999999999997,1.29,0.050000000000000044,72.26,-0.07025218733916616,15265.89,0.04042956024393618,4.9,2.4,2.9,2021-08-31T04:00:00+00:00,2021-06-14T00:00:00+08:00,2021-08-14T00:00:00+08:00,2021-06-14T00:00:00+08:00
2021-09-2,2021-09-14 16:00:00+00:00,1.3418,-0.00974169741697406,19.37,3.9200000000000017,1.33,0.040000000000000036,72.97,0.02919605077574028,15105.58,0.019070492278838946,18.9,2.5,2.7,2021-09-14T04:00:00+00:00,2021-09-13T00:00:00+08:00,2021-09-14T00:00:00+08:00,2021-09-13T00:00:00+08:00
2021-10-1,2021-09-30 16:00:00+00:00,1.3603,0.01160110061723807,22.56,6.369999999999997,1.55,0.26,77.86,0.07749792416274559,14512.44,-0.04935513094880151,18.9,2.5,2.7,2021-09-30T04:00:00+00:00,2021-09-13T00:00:00+08:00,2021-09-14T00:00:00+08:00,2021-09-13T00:00:00+08:00
2021-10-2,2021-10-14 16:00:00+00:00,1.353,0.008346996571769072,18.64,-0.7300000000000004,1.56,0.22999999999999998,83.53,0.14471700698917367,14571.64,-0.035347202821738755,18.9,2.4,2.7,2021-10-14T04:00:00+00:00,2021-09-13T00:00:00+08:00,2021-10-15T00:00:00+08:00,2021-09-13T00:00:00+08:00
2021-11-1,2021-10-31 16:00:00+00:00,1.3489,-0.006701030927835139,16.26,-6.879999999999999,1.55,0.030000000000000027,83.1,0.06798612003598503,15498.39,0.07265835120129438,18.9,2.4,2.7,2021-10-30T04:00:00+00:00,2021-09-13T00:00:00+08:00,2021-10-15T00:00:00+08:00,2021-09-13T00:00:00+08:00
2021-11-2,2021-11-14 16:00:00+00:00,1.3521,0.0026696329254727313,16.29,-0.5700000000000003,1.58,0.06000000000000005,82.9,-0.011447650846649116,15860.96,0.06999257256923652,18.9,2.5,2.7,2021-11-13T04:00:00+00:00,2021-09-13T00:00:00+08:00,2021-11-14T00:00:00+08:00,2021-09-13T00:00:00+08:00
2021-12-1,2021-11-30 16:00:00+00:00,1.3711,0.016457854548150408,22.96,6.699999999999999,1.52,-0.030000000000000027,73.34,-0.11744885679903716,15782.83,0.018352874072726344,18.9,2.5,2.7,2021-11-30T04:00:00+00:00,2021-09-13T00:00:00+08:00,2021-11-14T00:00:00+08:00,2021-09-13T00:00:00+08:00
2021-12-2,2021-12-14 16:00:00+00:00,1.3674,0.011315731084978742,20.31,4.02,1.42,-0.16000000000000014,74.12,-0.10591073582629673,15413.28,-0.028225277662890402,9.7,3.3,2.6,2021-12-14T04:00:00+00:00,2021-12-14T00:00:00+08:00,2021-12-15T00:00:00+08:00,2021-12-14T00:00:00+08:00
2022-01-1,2021-12-31 16:00:00+00:00,1.352,-0.012345679012345623,17.33,-9.860000000000003,1.52,0.09000000000000008,78.61,0.1093705898955688,15741.56,0.013120998037674747,9.7,3.3,2.6,2021-12-31T04:00:00+00:00,2021-12-14T00:00:00+08:00,2021-12-15T00:00:00+08:00,2021-12-14T00:00:00+08:00
2022-01-2,2022-01-14 16:00:00+00:00,1.3449,-0.01832116788321181,20.31,-1.5800000000000018,1.7,0.26,85.8,0.16941529235382302,14806.81,-0.02827406343764516,9.7,3.9,2.6,2022-01-14T04:00:00+00:00,2021-12-14T00:00:00+08:00,2022-01-14T00:00:00+08:00,2021-12-14T00:00:00+08:00
2022-02-1,2022-01-31 16:00:00+00:00,1.3554,0.002514792899408258,27.66,10.440000000000001,1.78,0.26,91.47,0.1842309684101502,13770.57,-0.11980847518403681,9.7,3.9,2.6,2022-01-29T04:00:00+00:00,2021-12-14T00:00:00+08:00,2022-01-14T00:00:00+08:00,2021-12-14T00:00:00+08:00
2022-02-2,2022-02-14 16:00:00+00:00,1.3436,-0.0031161893456004286,27.36,8.169999999999998,1.92,0.1399999999999999,97.5,0.11850407250200745,13791.15,-0.07403105329416704,9.7,4.0,2.6,2022-02-12T04:00:00+00:00,2021-12-14T00:00:00+08:00,2022-02-14T00:00:00+08:00,2021-12-14T00:00:00+08:00
2022-03-1,2022-02-28 16:00:00+00:00,1.3536,-0.0013280212483399723,27.59,-0.07000000000000028,1.97,0.18999999999999995,98.56,0.07751175248715425,13694.62,-0.005515385347156898,9.7,4.0,2.6,2022-02-26T04:00:00+00:00,2021-12-14T00:00:00+08:00,2022-02-14T00:00:00+08:00,2021-12-14T00:00:00+08:00
2022-03-2,2022-03-14 16:00:00+00:00,1.3615,0.013322417386126828,30.75,3.3900000000000006,2.0,0.08000000000000007,118.11,0.21138461538461528,12843.81,-0.06869187848729075,9.7,4.0,2.6,2022-03-12T04:00:00+00:00,2021-12-14T00:00:00+08:00,2022-02-14T00:00:00+08:00,2021-12-14T00:00:00+08:00
2022-04-1,2022-03-31 16:00:00+00:00,1.3528,-0.0015499298841242792,19.33,-10.82,2.35,0.52,115.59,0.12136204889406299,14442.27,0.05023997556612425,8.0,4.0,2.4,2022-03-31T04:00:00+00:00,2022-03-16T00:00:00+08:00,2022-03-17T00:00:00+08:00,2022-03-16T00:00:00+08:00
2022-04-2,2022-04-14 16:00:00+00:00,1.3636,-0.00021995747488812167,21.82,-9.95,2.7,0.56,108.49,-0.017211703958691982,13643.59,0.08444093657053942,8.0,4.3,2.4,2022-04-14T04:00:00+00:00,2022-03-16T00:00:00+08:00,2022-04-14T00:00:00+08:00,2022-03-16T00:00:00+08:00
2022-05-1,2022-04-30 16:00:00+00:00,1.3818,0.021437019515079703,33.4,14.07,2.89,0.54,108.36,-0.06254866337918508,12334.64,-0.14593481495637461,8.0,4.3,2.4,2022-04-30T04:00:00+00:00,2022-03-16T00:00:00+08:00,2022-04-14T00:00:00+08:00,2022-03-16T00:00:00+08:00
2022-05-2,2022-05-14 16:00:00+00:00,1.3932,0.02170724552654746,28.87,7.050000000000001,2.93,0.22999999999999998,112.12,0.03345930500506977,11805.0,-0.13475852030147495,8.0,5.4,2.4,2022-05-14T04:00:00+00:00,2022-03-16T00:00:00+08:00,2022-05-15T00:00:00+08:00,2022-03-16T00:00:00+08:00
2022-06-1,2022-05-31 16:00:00+00:00,1.3692,-0.009118541033434568,26.54,-6.859999999999999,2.74,-0.1499999999999999,123.01,0.13519748984865276,12131.13,-0.01649906280199509,8.0,5.4,2.4,2022-05-31T04:00:00+00:00,2022-03-16T00:00:00+08:00,2022-05-15T00:00:00+08:00,2022-03-16T00:00:00+08:00
2022-06-2,2022-06-14 16:00:00+00:00,1.3916,-0.001148435256962399,34.02,5.150000000000002,3.43,0.5,128.44,0.14555833036032806,10809.23,-0.08435154595510386,4.4,5.4,2.2,2022-06-14T04:00:00+00:00,2022-06-14T00:00:00+08:00,2022-06-14T00:00:00+08:00,2022-06-14T00:00:00+08:00
2022-07-1,2022-06-30 16:00:00+00:00,1.3919,0.01657902424773594,28.16,1.620000000000001,3.1,0.3599999999999999,120.8,-0.017966019022843782,11177.89,-0.07857800551144034,4.4,5.4,2.2,2022-06-30T04:00:00+00:00,2022-06-14T00:00:00+08:00,2022-06-14T00:00:00+08:00,2022-06-14T00:00:00+08:00
2022-07-2,2022-07-14 16:00:00+00:00,1.4045,0.009269905145156798,26.82,-7.200000000000003,2.91,-0.52,107.17,-0.16560261600747428,11247.58,0.040553304907010146,4.4,5.6,2.2,2022-07-14T04:00:00+00:00,2022-06-14T00:00:00+08:00,2022-07-15T00:00:00+08:00,2022-06-14T00:00:00+08:00
2022-08-1,2022-07-31 16:00:00+00:00,1.3812,-0.006545349924476862,21.33,-7.380000000000003,2.67,-0.31000000000000005,111.51,-0.06904324595090994,12390.69,0.1234909880911148,4.4,5.6,2.2,2022-07-30T04:00:00+00:00,2022-06-14T00:00:00+08:00,2022-07-15T00:00:00+08:00,2022-06-14T00:00:00+08:00
2022-08-2,2022-08-14 16:00:00+00:00,1.3716,-0.022241231822070273,19.53,-6.869999999999997,2.84,-0.1200000000000001,103.7,-0.037497679599034606,13047.19,0.15962755939593953,4.4,6.7,2.2,2022-08-13T04:00:00+00:00,2022-06-14T00:00:00+08:00,2022-08-14T00:00:00+08:00,2022-06-14T00:00:00+08:00
2022-09-1,2022-08-31 16:00:00+00:00,1.3978,0.012018534607587616,26.21,4.880000000000003,3.11,0.43999999999999995,99.34,-0.10913819388395662,11883.14,-0.040962206301666915,4.4,6.7,2.2,2022-08-31T04:00:00+00:00,2022-06-14T00:00:00+08:00,2022-08-14T00:00:00+08:00,2022-06-14T00:00:00+08:00
2022-09-2,2022-09-14 16:00:00+00:00,1.4059,0.025007290755322265,27.27,7.739999999999998,3.42,0.5800000000000001,92.04,-0.11243972999035678,11633.57,-0.10834670147365066,5.0,7.1,2.1,2022-09-14T04:00:00+00:00,2022-09-13T00:00:00+08:00,2022-09-14T00:00:00+08:00,2022-09-13T00:00:00+08:00
2022-10-1,2022-09-30 16:00:00+00:00,1.4347,0.026398626412934778,31.84,5.629999999999999,3.76,0.6499999999999999,89.41,-0.09995973424602378,10737.51,-0.09640802010243077,5.0,7.1,2.1,2022-09-30T04:00:00+00:00,2022-09-13T00:00:00+08:00,2022-09-14T00:00:00+08:00,2022-09-13T00:00:00+08:00
2022-10-2,2022-10-14 16:00:00+00:00,1.4327,0.019062522227754508,31.94,4.670000000000002,3.97,0.5500000000000003,95.16,0.03389830508474567,10649.15,-0.08461890889898804,5.0,7.5,2.1,2022-10-14T04:00:00+00:00,2022-09-13T00:00:00+08:00,2022-10-15T00:00:00+08:00,2022-09-13T00:00:00+08:00
2022-11-1,2022-10-31 16:00:00+00:00,1.4126,-0.015403917195232486,25.75,-5.870000000000001,4.02,0.1899999999999995,94.64,0.0645669291338582,11102.45,0.04981551909013371,5.0,7.5,2.1,2022-10-29T04:00:00+00:00,2022-09-13T00:00:00+08:00,2022-10-15T00:00:00+08:00,2022-09-13T00:00:00+08:00
2022-11-2,2022-11-14 16:00:00+00:00,1.3857,-0.02826086956521734,22.52,-9.500000000000004,3.82,-0.18000000000000016,96.37,0.045001084363478716,11323.33,0.09707413439468904,5.0,7.5,2.1,2022-11-12T04:00:00+00:00,2022-09-13T00:00:00+08:00,2022-11-14T00:00:00+08:00,2022-09-13T00:00:00+08:00
2022-12-1,2022-11-30 16:00:00+00:00,1.3742,-0.02718391618292504,21.89,-3.8599999999999994,3.75,-0.2699999999999996,83.22,-0.12066779374471681,10983.78,-0.01068863178847912,5.0,7.5,2.1,2022-11-30T04:00:00+00:00,2022-09-13T00:00:00+08:00,2022-11-14T00:00:00+08:00,2022-09-13T00:00:00+08:00
2022-12-2,2022-12-14 16:00:00+00:00,1.347,-0.027928122970339864,22.55,0.030000000000001137,3.51,-0.31000000000000005,80.14,-0.16841340666182425,11256.81,-0.005874596960434797,4.4,6.8,2.1,2022-12-14T04:00:00+00:00,2022-12-14T00:00:00+08:00,2022-12-15T00:00:00+08:00,2022-12-14T00:00:00+08:00
2023-01-1,2022-12-31 16:00:00+00:00,1.3404,-0.020318666861570023,21.67,1.0900000000000034,3.88,0.19999999999999973,82.82,-0.03258965074173581,10466.48,-0.08733170561562609,4.4,6.8,2.1,2022-12-31T04:00:00+00:00,2022-12-14T00:00:00+08:00,2022-12-15T00:00:00+08:00,2022-12-14T00:00:00+08:00
2023-01-2,2023-01-14 16:00:00+00:00,1.3211,-0.0194463000074222,18.35,-2.789999999999999,3.49,0.0,83.43,0.0012000480019200843,11079.16,-0.008211521194819715,4.4,6.7,2.1,2023-01-14T04:00:00+00:00,2022-12-14T00:00:00+08:00,2023-01-14T00:00:00+08:00,2022-12-14T00:00:00+08:00
2023-02-1,2023-01-31 16:00:00+00:00,1.3132,-0.02029245001492097,19.94,-1.7300000000000004,3.55,-0.33000000000000007,84.9,0.025114706592610725,11393.81,0.08859998777048261,4.4,6.7,2.1,2023-01-31T04:00:00+00:00,2022-12-14T00:00:00+08:00,2023-01-14T00:00:00+08:00,2022-12-14T00:00:00+08:00
2023-02-2,2023-02-14 16:00:00+00:00,1.3292,0.006131254257815355,20.34,1.9899999999999984,3.72,0.22999999999999998,85.98,0.030564545127651943,11891.79,0.07334761841150428,4.4,6.5,2.1,2023-02-14T04:00:00+00:00,2022-12-14T00:00:00+08:00,2023-02-14T00:00:00+08:00,2022-12-14T00:00:00+08:00
2023-03-1,2023-02-28 16:00:00+00:00,1.3473,0.026201538578718875,20.95,2.4399999999999977,3.92,0.3999999999999999,81.24,-0.048266166822867884,11466.98,-0.013313875496807182,4.4,6.5,2.1,2023-02-28T04:00:00+00:00,2022-12-14T00:00:00+08:00,2023-02-14T00:00:00+08:00,2022-12-14T00:00:00+08:00
2023-03-2,2023-03-14 16:00:00+00:00,1.3475,0.012929414417800489,26.52,5.989999999999998,3.55,-0.1900000000000004,79.67,-0.06775099461736478,11188.84,-0.04516765487979302,4.4,6.5,2.1,2023-03-14T04:00:00+00:00,2022-12-14T00:00:00+08:00,2023-02-14T00:00:00+08:00,2022-12-14T00:00:00+08:00
2023-04-1,2023-03-31 16:00:00+00:00,1.3282,-0.013883733016556543,19.02,-1.6799999999999997,3.55,-0.3700000000000001,78.45,-0.057204662901093495,12013.47,0.04870394586374793,2.4,6.6,2.0,2023-03-31T04:00:00+00:00,2023-03-16T00:00:00+08:00,2023-03-17T00:00:00+08:00,2023-03-16T00:00:00+08:00
2023-04-2,2023-04-14 16:00:00+00:00,1.3216,-0.017032354034957176,17.8,-5.93,3.45,-0.18999999999999995,86.51,0.12687247622769315,12166.27,0.0645878816781369,2.4,6.3,2.0,2023-04-14T04:00:00+00:00,2023-03-16T00:00:00+08:00,2023-04-14T00:00:00+08:00,2023-03-16T00:00:00+08:00
2023-05-1,2023-04-30 16:00:00+00:00,1.3332,0.00376449329920181,15.78,-3.24,3.44,-0.10999999999999988,81.32,0.036583811344805595,12226.58,0.017739254353654754,2.4,6.3,2.0,2023-04-29T04:00:00+00:00,2023-03-16T00:00:00+08:00,2023-04-14T00:00:00+08:00,2023-03-16T00:00:00+08:00
2023-05-2,2023-05-14 16:00:00+00:00,1.3376,0.012106537530266248,17.03,-0.7699999999999996,3.46,0.009999999999999787,74.54,-0.13836550687781757,12284.74,0.0097375777456854,2.4,5.5,2.0,2023-05-13T04:00:00+00:00,2023-03-16T00:00:00+08:00,2023-05-15T00:00:00+08:00,2023-03-16T00:00:00+08:00
2023-06-1,2023-05-31 16:00:00+00:00,1.3516,0.013801380138013686,17.46,1.6800000000000015,3.69,0.25,73.38,-0.09763895720609939,13017.43,0.0646828467159255,2.4,5.5,2.0,2023-05-31T04:00:00+00:00,2023-03-16T00:00:00+08:00,2023-05-15T00:00:00+08:00,2023-03-16T00:00:00+08:00
2023-06-2,2023-06-14 16:00:00+00:00,1.3416,0.0029904306220096544,14.61,-2.4200000000000017,3.84,0.3799999999999999,74.24,-0.0040246847330294155,13573.32,0.10489273684261935,0.5,5.8,1.8,2023-06-14T04:00:00+00:00,2023-06-14T00:00:00+08:00,2023-06-14T00:00:00+08:00,2023-06-14T00:00:00+08:00
2023-07-1,2023-06-30 16:00:00+00:00,1.3551,0.002589523527670945,13.54,-3.9200000000000017,3.85,0.16000000000000014,73.86,0.006541291905151292,13591.33,0.044087043295028217,0.5,5.8,1.8,2023-06-30T04:00:00+00:00,2023-06-14T00:00:00+08:00,2023-06-14T00:00:00+08:00,2023-06-14T00:00:00+08:00
2023-07-2,2023-07-14 16:00:00+00:00,1.3235,-0.01349135360763265,13.61,-1.0,3.76,-0.08000000000000007,81.31,0.09523168103448287,14138.57,0.04164419611414161,0.5,5.1,1.8,2023-07-14T04:00:00+00:00,2023-06-14T00:00:00+08:00,2023-07-15T00:00:00+08:00,2023-06-14T00:00:00+08:00
2023-08-1,2023-07-31 16:00:00+00:00,1.3305,-0.016120683280337222,13.33,-0.2599999999999998,3.96,0.1499999999999999,84.49,0.13394175278486098,14316.66,0.03834806120139955,0.5,5.1,1.8,2023-07-29T04:00:00+00:00,2023-06-14T00:00:00+08:00,2023-07-15T00:00:00+08:00,2023-06-14T00:00:00+08:00
2023-08-2,2023-08-14 16:00:00+00:00,1.3526,0.02469696969696966,14.84,1.5,4.16,0.33000000000000007,87.93,0.10050062578222785,13644.85,-0.03321949595074292,0.5,4.5,1.8,2023-08-12T04:00:00+00:00,2023-06-14T00:00:00+08:00,2023-08-14T00:00:00+08:00,2023-06-14T00:00:00+08:00
2023-09-1,2023-08-31 16:00:00+00:00,1.3492,0.015734397349996154,13.88,0.25,4.12,0.1499999999999999,86.62,0.016428068528514528,14019.31,-0.022773563678288533,0.5,4.5,1.8,2023-08-31T04:00:00+00:00,2023-06-14T00:00:00+08:00,2023-08-14T00:00:00+08:00,2023-06-14T00:00:00+08:00
2023-09-2,2023-09-14 16:00:00+00:00,1.3605,0.004281390713811284,13.48,-1.3399999999999999,4.25,0.05999999999999961,93.04,0.06453089244851262,13813.59,0.0018319840038640844,0.6,4.1,2.0,2023-09-14T04:00:00+00:00,2023-09-13T00:00:00+08:00,2023-09-14T00:00:00+08:00,2023-09-13T00:00:00+08:00
2023-10-1,2023-09-30 16:00:00+00:00,1.3656,0.012155351319300234,17.52,3.639999999999999,4.59,0.46999999999999975,95.86,0.10667282382821508,13219.32,-0.057063436074956564,0.6,4.1,2.0,2023-09-30T04:00:00+00:00,2023-09-13T00:00:00+08:00,2023-09-14T00:00:00+08:00,2023-09-13T00:00:00+08:00
2023-10-2,2023-10-14 16:00:00+00:00,1.3701,0.007056229327453201,19.32,5.84,4.63,0.3799999999999999,94.33,0.013865004299226102,13407.23,-0.02941740706072793,0.6,4.1,2.0,2023-10-14T04:00:00+00:00,2023-09-13T00:00:00+08:00,2023-10-15T00:00:00+08:00,2023-09-13T00:00:00+08:00
2023-11-1,2023-10-31 16:00:00+00:00,1.3633,-0.0016842413591094951,19.75,2.2300000000000004,4.88,0.29000000000000004,90.73,-0.05351554350093879,12789.48,-0.03251604469821445,0.6,4.1,2.0,2023-10-31T04:00:00+00:00,2023-09-13T00:00:00+08:00,2023-10-15T00:00:00+08:00,2023-09-13T00:00:00+08:00
2023-11-2,2023-11-14 16:00:00+00:00,1.3587,-0.008320560543026101,14.76,-4.5600000000000005,4.63,0.0,84.09,-0.10855507261740693,13767.74,0.026889223202704926,0.6,4.1,2.0,2023-11-14T04:00:00+00:00,2023-09-13T00:00:00+08:00,2023-11-14T00:00:00+08:00,2023-09-13T00:00:00+08:00
2023-12-1,2023-11-30 16:00:00+00:00,1.3328,-0.022372185139000966,12.98,-6.77,4.27,-0.6100000000000003,82.98,-0.08541827399977953,14258.49,0.11486080747614458,0.6,4.1,2.0,2023-11-30T04:00:00+00:00,2023-09-13T00:00:00+08:00,2023-11-14T00:00:00+08:00,2023-09-13T00:00:00+08:00
2023-12-2,2023-12-14 16:00:00+00:00,1.3416,-0.012585559726209006,12.19,-2.5700000000000003,4.04,-0.5899999999999999,74.14,-0.11832560352003807,14733.96,0.07018000049390816,1.6,4.8,2.0,2023-12-14T04:00:00+00:00,2023-12-14T00:00:00+08:00,2023-12-15T00:00:00+08:00,2023-12-14T00:00:00+08:00
2024-01-1,2023-12-31 16:00:00+00:00,1.3193,-0.012426079796392098,12.45,-0.47000000000000064,3.88,-0.4900000000000002,77.69,-0.04931473323543811,15011.35,0.05518893985893669,1.6,4.8,2.0,2023-12-30T04:00:00+00:00,2023-12-14T00:00:00+08:00,2023-12-15T00:00:00+08:00,2023-12-14T00:00:00+08:00
2024-01-2,2024-01-14 16:00:00+00:00,1.3312,0.004073012520741992,12.7,0.21999999999999886,3.96,0.040000000000000036,79.89,0.036859182349124,14972.76,0.014307430921935094,1.6,3.6,2.0,2024-01-13T04:00:00+00:00,2023-12-14T00:00:00+08:00,2024-01-14T00:00:00+08:00,2023-12-14T00:00:00+08:00
2024-02-1,2024-01-31 16:00:00+00:00,1.3395,0.015311149852194283,13.31,0.8600000000000012,4.06,0.17999999999999972,84.14,0.08302226798815804,15509.9,0.03321153660396958,1.6,3.6,2.0,2024-01-31T04:00:00+00:00,2023-12-14T00:00:00+08:00,2024-01-14T00:00:00+08:00,2023-12-14T00:00:00+08:00
2024-02-2,2024-02-14 16:00:00+00:00,1.3501,0.014197716346153966,15.85,3.1500000000000004,4.31,0.34999999999999964,84.72,0.06045812992865196,15655.6,0.045605486229659764,1.6,3.8,2.0,2024-02-14T04:00:00+00:00,2023-12-14T00:00:00+08:00,2024-02-14T00:00:00+08:00,2023-12-14T00:00:00+08:00
2024-03-1,2024-02-29 16:00:00+00:00,1.3456,0.003131057104517554,13.84,0.2400000000000002,4.27,0.1899999999999995,84.08,0.0010715561376355431,15947.74,0.020456819921116143,1.6,3.8,2.0,2024-02-29T04:00:00+00:00,2023-12-14T00:00:00+08:00,2024-02-14T00:00:00+08:00,2023-12-14T00:00:00+08:00
2024-03-2,2024-03-14 16:00:00+00:00,1.3319,-0.009002976190476186,13.75,-0.17999999999999972,4.19,0.020000000000000462,83.95,0.0008345255126371853,16177.77,0.014754226895948408,3.1,3.8,2.0,2024-03-14T04:00:00+00:00,2024-03-15T00:00:00+08:00,2024-02-14T00:00:00+08:00,2024-03-15T00:00:00+08:00
2024-04-1,2024-03-31 16:00:00+00:00,1.3475,0.001337593817344107,13.01,-0.39000000000000057,4.2,-0.04999999999999982,86.17,0.01891923850065047,16379.46,0.017868594922171965,3.1,3.1,2.0,2024-03-30T04:00:00+00:00,2024-03-15T00:00:00+08:00,2024-03-16T00:00:00+08:00,2024-03-15T00:00:00+08:00
2024-04-2,2024-04-14 16:00:00+00:00,1.3603,0.0182648401826484,17.31,2.9099999999999984,4.5,0.20999999999999996,93.12,0.0807799442896937,16175.09,0.002886809895260134,3.1,3.6,2.0,2024-04-13T04:00:00+00:00,2024-03-15T00:00:00+08:00,2024-04-14T00:00:00+08:00,2024-03-15T00:00:00+08:00
2024-05-1,2024-04-30 16:00:00+00:00,1.3596,0.008979591836734802,14.67,1.6600000000000001,4.63,0.4299999999999997,88.44,0.026343274921666326,15983.08,-0.0241998209953197,3.1,3.6,2.0,2024-04-30T04:00:00+00:00,2024-03-15T00:00:00+08:00,2024-04-14T00:00:00+08:00,2024-03-15T00:00:00+08:00
2024-05-2,2024-05-14 16:00:00+00:00,1.3527,-0.005587002867014634,13.6,-3.709999999999999,4.48,-0.019999999999999574,83.18,-0.10674398625429549,16388.24,0.013177670108790895,3.1,3.0,2.0,2024-05-14T04:00:00+00:00,2024-03-15T00:00:00+08:00,2024-05-15T00:00:00+08:00,2024-03-15T00:00:00+08:00
2024-06-1,2024-05-31 16:00:00+00:00,1.3492,-0.010560281607509547,14.47,-1.1799999999999997,4.55,-0.14000000000000057,81.42,-0.07718463107786466,16737.08,0.06892785841196303,3.1,3.0,2.0,2024-05-31T04:00:00+00:00,2024-03-15T00:00:00+08:00,2024-05-15T00:00:00+08:00,2024-03-15T00:00:00+08:00
2024-06-2,2024-06-14 16:00:00+00:00,1.3495,-0.00192293469417959,11.94,-1.4800000000000004,4.24,-0.20999999999999996,81.44,0.005432098765432158,17667.56,0.07003618154486846,4.3,2.6,2.0,2024-06-14T04:00:00+00:00,2024-06-14T00:00:00+08:00,2024-06-14T00:00:00+08:00,2024-06-14T00:00:00+08:00
2024-07-1,2024-06-30 16:00:00+00:00,1.3552,0.0044470797509634785,12.44,-2.030000000000001,4.36,-0.1899999999999995,87.26,0.07172684844018673,17732.6,0.05947990927927682,4.3,2.6,2.0,2024-06-29T04:00:00+00:00,2024-06-14T00:00:00+08:00,2024-06-14T00:00:00+08:00,2024-06-14T00:00:00+08:00
2024-07-2,2024-07-14 16:00:00+00:00,1.3406,-0.006595035198221466,12.46,0.5200000000000014,4.18,-0.0600000000000005,87.35,0.07256876227897835,18398.45,0.04136904020702348,4.3,3.1,2.0,2024-07-13T04:00:00+00:00,2024-06-14T00:00:00+08:00,2024-07-15T00:00:00+08:00,2024-06-14T00:00:00+08:00
2024-08-1,2024-07-31 16:00:00+00:00,1.3434,-0.008707201889020078,17.69,5.250000000000002,4.15,-0.20999999999999996,79.26,-0.09168003667201463,17147.42,-0.0330002368518999,4.3,3.1,2.0,2024-07-31T04:00:00+00:00,2024-06-14T00:00:00+08:00,2024-07-15T00:00:00+08:00,2024-06-14T00:00:00+08:00
2024-08-2,2024-08-14 16:00:00+00:00,1.3197,-0.015590034312994105,18.12,5.66,3.85,-0.3299999999999996,82.51,-0.055409273039496165,17187.61,-0.06581206569031628,4.3,2.5,2.0,2024-08-14T04:00:00+00:00,2024-06-14T00:00:00+08:00,2024-08-14T00:00:00+08:00,2024-06-14T00:00:00+08:00
2024-09-1,2024-08-31 16:00:00+00:00,1.3045,-0.024454083158839346,15.0,-1.3599999999999994,3.91,-0.17999999999999972,80.2,-0.014620960805995842,17713.62,0.006489993977067288,4.3,2.5,2.0,2024-08-31T04:00:00+00:00,2024-06-14T00:00:00+08:00,2024-08-14T00:00:00+08:00,2024-06-14T00:00:00+08:00
2024-09-2,2024-09-14 16:00:00+00:00,1.2984,-0.012773722627737127,16.56,0.36999999999999744,3.66,-0.16999999999999993,73.68,-0.10310407790626896,17683.98,0.02858090108535083,4.8,2.5,2.0,2024-09-14T04:00:00+00:00,2024-09-13T00:00:00+08:00,2024-09-14T00:00:00+08:00,2024-09-13T00:00:00+08:00
2024-10-1,2024-09-30 16:00:00+00:00,1.2807,-0.01824453813721738,16.96,1.9600000000000009,3.75,-0.16000000000000014,71.63,-0.10685785536159609,18119.59,0.022918522583187384,4.8,2.5,2.0,2024-09-28T04:00:00+00:00,2024-09-13T00:00:00+08:00,2024-09-14T00:00:00+08:00,2024-09-13T00:00:00+08:00
2024-10-2,2024-10-14 16:00:00+00:00,1.3046,0.0047751078250153345,20.46,3.900000000000002,4.08,0.41999999999999993,80.27,0.08944082519001073,18342.94,0.03726310479880657,4.8,2.2,2.0,2024-10-12T04:00:00+00:00,2024-09-13T00:00:00+08:00,2024-10-15T00:00:00+08:00,2024-09-13T00:00:00+08:00
2024-11-1,2024-10-31 16:00:00+00:00,1.3222,0.030473073026264563,20.35,3.620000000000001,4.29,0.48,73.21,0.01188666205943334,18607.93,0.02302249085582253,4.8,2.2,2.0,2024-10-31T04:00:00+00:00,2024-09-13T00:00:00+08:00,2024-10-15T00:00:00+08:00,2024-09-13T00:00:00+08:00
2024-11-2,2024-11-14 16:00:00+00:00,1.3422,0.02882109458837956,14.02,-5.68,4.44,0.3600000000000003,72.86,-0.07149229004715174,19230.73,0.039347792131846804,4.8,1.9,2.0,2024-11-14T04:00:00+00:00,2024-09-13T00:00:00+08:00,2024-11-14T00:00:00+08:00,2024-09-13T00:00:00+08:00
2024-12-1,2024-11-30 16:00:00+00:00,1.3412,0.014369989411586737,13.51,-6.840000000000002,4.18,-0.11000000000000032,74.16,0.012976369348449701,19218.17,0.03279462035809444,4.8,1.9,2.0,2024-11-30T04:00:00+00:00,2024-09-13T00:00:00+08:00,2024-11-14T00:00:00+08:00,2024-09-13T00:00:00+08:00
2024-12-2,2024-12-14 16:00:00+00:00,1.3489,0.004991804500074526,13.81,-0.20999999999999908,4.4,-0.040000000000000036,74.89,0.027861652484216348,19926.72,0.036191553830769996,7.0,1.2,1.9,2024-12-14T04:00:00+00:00,2024-12-14T00:00:00+08:00,2024-12-15T00:00:00+08:00,2024-12-14T00:00:00+08:00
2025-01-1,2024-12-31 16:00:00+00:00,1.3602,0.014166418133015224,17.4,3.889999999999999,4.55,0.3700000000000001,74.24,0.0010787486515642097,19486.78,0.01397687709079487,7.0,1.2,1.9,2024-12-31T04:00:00+00:00,2024-12-14T00:00:00+08:00,2024-12-15T00:00:00+08:00,2024-12-14T00:00:00+08:00
2025-01-2,2025-01-14 16:00:00+00:00,1.3725,0.017495737267403166,19.19,5.380000000000001,4.79,0.3899999999999997,82.69,0.10415275737748697,19088.1,-0.042085200173435644,7.0,1.6,1.9,2025-01-14T04:00:00+00:00,2024-12-14T00:00:00+08:00,2025-01-14T00:00:00+08:00,2024-12-14T00:00:00+08:00
2025-02-1,2025-01-31 16:00:00+00:00,1.3493,-0.012370077587468997,15.84,-1.5100000000000016,4.52,-0.0600000000000005,77.42,0.03807991418610901,19681.75,0.019209985712650868,7.0,1.6,1.9,2025-01-31T04:00:00+00:00,2024-12-14T00:00:00+08:00,2025-01-14T00:00:00+08:00,2024-12-14T00:00:00+08:00
2025-02-2,2025-02-14 16:00:00+00:00,1.3469,-0.01520801345324263,15.1,-3.610000000000001,4.52,-0.2600000000000007,75.61,-0.08229154023546548,19945.64,0.047323647541349434,7.0,1.5,1.9,2025-02-14T04:00:00+00:00,2024-12-14T00:00:00+08:00,2025-02-14T00:00:00+08:00,2024-12-14T00:00:00+08:00
2025-03-1,2025-02-28 16:00:00+00:00,1.3461,-0.004142931123769955,21.13,4.719999999999999,4.29,-0.2599999999999998,75.01,-0.03845660812716323,18544.42,-0.060261209440350294,7.0,1.5,1.9,2025-02-28T04:00:00+00:00,2024-12-14T00:00:00+08:00,2025-02-14T00:00:00+08:00,2024-12-14T00:00:00+08:00
2025-03-2,2025-03-14 16:00:00+00:00,1.3357,-0.013442647167442145,24.66,8.64,4.27,-0.27000000000000046,70.82,-0.08795878943979407,17303.01,-0.1191644615671259,7.0,1.5,1.9,2025-03-14T04:00:00+00:00,2024-12-14T00:00:00+08:00,2025-02-14T00:00:00+08:00,2024-12-14T00:00:00+08:00
2025-04-1,2025-03-31 16:00:00+00:00,1.3406,-0.006447787741791999,21.65,2.0199999999999996,4.27,0.02999999999999936,74.69,-0.0009363295880150391,17322.99,-0.08087586113221623,5.3,1.2,1.9,2025-03-29T04:00:00+00:00,2025-03-16T00:00:00+08:00,2025-03-17T00:00:00+08:00,2025-03-16T00:00:00+08:00
2025-04-2,2025-04-14 16:00:00+00:00,1.3192,-0.011316795323390583,37.56,15.790000000000003,4.48,0.17000000000000082,66.83,-0.07103141506811228,16724.46,-0.05799396082818109,5.3,0.9,1.9,2025-04-12T04:00:00+00:00,2025-03-16T00:00:00+08:00,2025-04-14T00:00:00+08:00,2025-03-16T00:00:00+08:00
2025-05-1,2025-04-30 16:00:00+00:00,1.3075,-0.024690437117708464,24.17,2.520000000000003,4.19,-0.07999999999999918,64.04,-0.14258936939349298,17461.32,0.007985342022364339,5.3,0.9,1.9,2025-04-30T04:00:00+00:00,2025-03-16T00:00:00+08:00,2025-04-14T00:00:00+08:00,2025-03-16T00:00:00+08:00
2025-05-2,2025-05-14 16:00:00+00:00,1.3024,-0.01273499090357788,18.22,-19.340000000000003,4.49,0.009999999999999787,66.93,0.0014963339817448684,19010.08,0.13666330631900836,5.3,0.9,1.9,2025-05-14T04:00:00+00:00,2025-03-16T00:00:00+08:00,2025-05-15T00:00:00+08:00,2025-03-16T00:00:00+08:00
2025-06-1,2025-05-31 16:00:00+00:00,1.2899,-0.011873755170828781,18.57,-6.129999999999999,4.41,0.2400000000000002,64.32,0.014991320814265352,19113.77,0.09557477384941482,5.3,0.9,1.9,2025-05-31T04:00:00+00:00,2025-03-16T00:00:00+08:00,2025-05-15T00:00:00+08:00,2025-03-16T00:00:00+08:00
2025-06-2,2025-06-14 16:00:00+00:00,1.2805,-0.014317604495419856,20.82,2.1999999999999993,4.41,-0.1200000000000001,76.0,0.15308754362008803,19406.83,0.013580330091540027,4.5,0.9,2.0,2025-06-14T04:00:00+00:00,2025-06-14T00:00:00+08:00,2025-06-14T00:00:00+08:00,2025-06-14T00:00:00+08:00
2025-07-1,2025-06-30 16:00:00+00:00,1.2753,-0.01131870687650205,16.32,-2.25,4.29,-0.1200000000000001,69.37,0.07851368159203997,20273.46,0.06067301217917764,4.5,0.9,2.0,2025-06-28T04:00:00+00:00,2025-06-14T00:00:00+08:00,2025-06-14T00:00:00+08:00,2025-06-14T00:00:00+08:00
2025-07-2,2025-07-14 16:00:00+00:00,1.2799,-0.0004685669660288161,16.4,-4.420000000000002,4.43,0.019999999999999574,72.06,-0.05184210526315791,20585.53,0.06073634900702474,4.5,0.8,2.0,2025-07-12T04:00:00+00:00,2025-06-14T00:00:00+08:00,2025-07-15T00:00:00+08:00,2025-06-14T00:00:00+08:00
2025-08-1,2025-07-31 16:00:00+00:00,1.2939,0.017296957307964433,15.48,-1.25,4.38,0.13999999999999968,73.98,0.08554658840792362,21129.67,0.03730731826096845,4.5,0.8,2.0,2025-07-31T04:00:00+00:00,2025-06-14T00:00:00+08:00,2025-07-15T00:00:00+08:00,2025-06-14T00:00:00+08:00
2025-08-2,2025-08-14 16:00:00+00:00,1.2799,-0.001715934794477847,14.49,-2.709999999999999,4.24,-0.1899999999999995,66.25,-0.06637542277339337,21713.14,0.05197639766418449,4.5,0.8,2.0,2025-08-14T04:00:00+00:00,2025-06-14T00:00:00+08:00,2025-08-14T00:00:00+08:00,2025-06-14T00:00:00+08:00
2025-09-1,2025-08-31 16:00:00+00:00,1.2833,-0.01109655544424748,15.36,-1.3599999999999994,4.23,-0.13999999999999968,67.83,-0.0762631077216398,21455.55,0.01576995092898792,4.5,0.8,2.0,2025-08-30T04:00:00+00:00,2025-06-14T00:00:00+08:00,2025-08-14T00:00:00+08:00,2025-06-14T00:00:00+08:00
2025-09-2,2025-09-14 16:00:00+00:00,1.2837,-0.00046718056528838314,14.76,-0.07000000000000028,4.06,-0.23000000000000043,67.87,-0.0036699941280093906,22141.1,0.019825735456344695,5.4,0.6,2.0,2025-09-13T04:00:00+00:00,2025-09-13T00:00:00+08:00,2025-09-14T00:00:00+08:00,2025-09-13T00:00:00+08:00
2025-10-1,2025-09-30 16:00:00+00:00,1.2897,0.004987142523182442,16.12,0.7600000000000016,4.15,-0.08000000000000007,69.0,0.017249004865103945,22591.15,0.05292803027654869,5.4,0.6,2.0,2025-09-30T04:00:00+00:00,2025-09-13T00:00:00+08:00,2025-09-14T00:00:00+08:00,2025-09-13T00:00:00+08:00
2025-10-2,2025-10-14 16:00:00+00:00,1.2972,0.010516475812105464,19.03,4.270000000000001,4.05,-0.009999999999999787,64.15,-0.05481066745248264,22694.61,0.02499920961469848,5.4,0.5,2.0,2025-10-14T04:00:00+00:00,2025-09-13T00:00:00+08:00,2025-10-15T00:00:00+08:00,2025-09-13T00:00:00+08:00
2025-11-1,2025-10-31 16:00:00+00:00,1.3004,0.00782763698364719,16.91,0.629999999999999,4.11,-0.04999999999999982,65.11,-0.04976649153531809,23581.14,0.040650026191515476,5.4,0.5,2.0,2025-10-31T04:00:00+00:00,2025-09-13T00:00:00+08:00,2025-10-15T00:00:00+08:00,2025-09-13T00:00:00+08:00
2025-11-2,2025-11-14 16:00:00+00:00,1.2987,0.00023105360443609335,20.0,-0.8099999999999987,4.11,0.08000000000000007,62.14,-0.013650793650793691,22870.36,0.015481069368653344,5.4,0.7,2.0,2025-11-14T04:00:00+00:00,2025-09-13T00:00:00+08:00,2025-11-14T00:00:00+08:00,2025-09-13T00:00:00+08:00
2025-12-1,2025-11-30 16:00:00+00:00,1.2955,-0.0037680713626575546,16.35,-0.5599999999999987,4.02,-0.09000000000000075,64.07,-0.015972968821993616,23365.69,-0.009136538776327252,5.4,0.7,2.0,2025-11-29T04:00:00+00:00,2025-09-13T00:00:00+08:00,2025-11-14T00:00:00+08:00,2025-09-13T00:00:00+08:00
2025-12-2,2025-12-14 16:00:00+00:00,1.2919,-0.005236005236005203,15.74,-4.26,4.19,0.08000000000000007,62.11,-0.0004827808175088544,23195.17,0.01420222506335711,4.5,1.2,2.0,2025-12-13T04:00:00+00:00,2025-12-14T00:00:00+08:00,2025-12-15T00:00:00+08:00,2025-12-14T00:00:00+08:00
2026-01-1,2025-12-31 16:00:00+00:00,1.2835,-0.009262832883056737,14.33,-2.0200000000000014,4.14,0.1200000000000001,62.3,-0.02762603402528474,23419.08,0.0022849742507069504,4.5,1.2,2.0,2025-12-31T04:00:00+00:00,2025-12-14T00:00:00+08:00,2025-12-15T00:00:00+08:00,2025-12-14T00:00:00+08:00
2026-01-2,2026-01-14 16:00:00+00:00,1.2886,-0.0025543772737828263,15.98,0.2400000000000002,4.18,-0.010000000000000675,67.58,0.0880695540170664,23709.87,0.02218996454865385,4.5,1.2,2.0,2026-01-14T04:00:00+00:00,2025-12-14T00:00:00+08:00,2026-01-14T00:00:00+08:00,2025-12-14T00:00:00+08:00
2026-02-1,2026-01-31 16:00:00+00:00,1.2699,-0.012442647173186105,17.44,2.490000000000002,4.26,0.08000000000000007,72.25,0.17766911165444177,23461.82,0.00945831230458305,4.5,1.2,2.0,2026-01-31T04:00:00+00:00,2025-12-14T00:00:00+08:00,2026-01-14T00:00:00+08:00,2025-12-14T00:00:00+08:00
2026-02-2,2026-02-14 16:00:00+00:00,1.2622,-0.01926961926961923,20.6,3.8500000000000014,4.04,-0.11000000000000032,69.96,0.01582692028459398,22546.67,-0.03941248522159624,4.5,1.2,2.0,2026-02-14T04:00:00+00:00,2025-12-14T00:00:00+08:00,2026-02-14T00:00:00+08:00,2025-12-14T00:00:00+08:00
2026-03-1,2026-02-28 16:00:00+00:00,1.2643,0.0003956322202880447,19.86,3.509999999999998,3.97,-0.2899999999999996,71.32,0.005923836389280401,22668.21,-0.04984774148117266,4.5,1.2,2.0,2026-02-28T04:00:00+00:00,2025-12-14T00:00:00+08:00,2026-02-14T00:00:00+08:00,2025-12-14T00:00:00+08:00
2026-03-2,2026-03-14 16:00:00+00:00,1.2823,0.016407736207989743,27.19,9.540000000000003,4.28,0.10000000000000053,103.23,0.4433724832214767,22105.36,-0.04166697375020978,4.5,1.2,2.0,2026-03-14T04:00:00+00:00,2025-12-14T00:00:00+08:00,2026-02-14T00:00:00+08:00,2025-12-14T00:00:00+08:00
2026-04-1,2026-03-31 16:00:00+00:00,1.2908,0.020960215138811966,30.61,10.75,4.35,0.37999999999999945,121.88,0.7089175546831183,20794.64,-0.08265187237986593,5.7,1.4,2.0,2026-03-31T04:00:00+00:00,2026-03-16T00:00:00+08:00,2026-03-17T00:00:00+08:00,2026-03-16T00:00:00+08:00
2026-04-2,2026-04-14 16:00:00+00:00,1.2743,-0.006238789674803069,19.12,-8.07,4.3,0.019999999999999574,123.28,0.1942264845490651,23183.74,0.04878364342403829,5.7,1.2,2.0,2026-04-14T04:00:00+00:00,2026-03-16T00:00:00+08:00,2026-04-14T00:00:00+08:00,2026-03-16T00:00:00+08:00
2026-05-1,2026-04-30 16:00:00+00:00,1.2801,-0.008289432909823313,18.81,-11.8,4.42,0.07000000000000028,124.16,0.018706924844108963,24673.24,0.18651921841397612,5.7,1.2,2.0,2026-04-30T04:00:00+00:00,2026-03-16T00:00:00+08:00,2026-04-14T00:00:00+08:00,2026-03-16T00:00:00+08:00
2026-05-2,2026-05-14 16:00:00+00:00,1.2722,-0.0016479635878521304,17.87,-1.25,4.46,0.16000000000000014,110.28,-0.10545100584036338,26402.34,0.1388300593433156,5.7,1.8,2.0,2026-05-14T04:00:00+00:00,2026-03-16T00:00:00+08:00,2026-05-15T00:00:00+08:00,2026-03-16T00:00:00+08:00
2026-06-1,2026-05-31 16:00:00+00:00,1.2752,0.0010990736379337118,15.32,-1.5700000000000003,4.45,0.04999999999999982,92.88,-0.25241468126207345,26972.62,0.08357239645496928,5.7,1.8,2.0,2026-05-30T04:00:00+00:00,2026-03-16T00:00:00+08:00,2026-05-15T00:00:00+08:00,2026-03-16T00:00:00+08:00
2026-06-2,2026-06-14 16:00:00+00:00,1.2833,0.006983678593848186,17.68,0.41999999999999815,4.48,0.010000000000000675,88.64,-0.20079343611937606,25888.84,-0.028022295291722843,6.3,1.8,2.0,2026-06-13T04:00:00+00:00,2026-06-14T00:00:00+08:00,2026-06-14T00:00:00+08:00,2026-06-14T00:00:00+08:00
2026-07-1,2026-06-30 16:00:00+00:00,1.2922,0.013331242158092893,17.65,2.3299999999999983,4.38,-0.07000000000000028,71.59,-0.22922049956933666,25820.14,-0.04272777357186652,6.3,1.8,2.0,2026-06-30T04:00:00+00:00,2026-06-14T00:00:00+08:00,2026-06-14T00:00:00+08:00,2026-06-14T00:00:00+08:00
2026-07-2,2026-07-14 16:00:00+00:00,1.293,0.007558637886698305,17.16,-0.5199999999999996,4.62,0.13999999999999968,81.62,-0.07919675090252698,25873.18,-0.0006048938461514775,6.3,1.8,2.0,2026-07-14T04:00:00+00:00,2026-06-14T00:00:00+08:00,2026-07-15T00:00:00+08:00,2026-06-14T00:00:00+08:00
2026-08-1,2026-07-31 16:00:00+00:00,1.2821,-0.00927285372073261,17.09,0.6400000000000006,4.68,0.23999999999999932,91.91,0.3044280442804428,25122.18,-0.04164002667305522,6.3,1.8,2.0,2026-07-31T04:00:00+00:00,2026-06-14T00:00:00+08:00,2026-07-15T00:00:00+08:00,2026-06-14T00:00:00+08:00
2026-08-2,2026-08-14 16:00:00+00:00,1.2804,-0.008210689388071235,14.63,-1.8699999999999992,4.63,0.04999999999999982,92.03,0.09965348309236477,26803.03,0.02666027247088043,6.3,1.9,2.0,2026-08-14T04:00:00+00:00,2026-06-14T00:00:00+08:00,2026-08-14T00:00:00+08:00,2026-06-14T00:00:00+08:00
