dealer_id,dealer_name,brand,document_date,source_url,http_status,bytes,sha256,retrieved_at_utc,error,archive_object_key
4,Performance Motors,BMW,2024-01-05,https://media.i-sgcm.com/public/new-cars/pricelist/4/2024-01-05.pdf,200,95824,76f5b891ad67bcdb153e5647a0bc9e02157997cfe44835bf580f209ee27c0b85,2026-08-24T11:34:57.394968+00:00,,4/2024-01-05.pdf
25,Cycle & Carriage Industries,Mercedes-Benz,2024-01-05,https://media.i-sgcm.com/public/new-cars/pricelist/25/2024-01-05.pdf,200,519061,c20f137d293f3fc2bd323e87c8a74eec03739206ea3f638fad1facff41e2b07f,2026-08-24T11:35:02.781512+00:00,,25/2024-01-05.pdf
44,Borneo Motors,Toyota,2024-01-05,https://media.i-sgcm.com/public/new-cars/pricelist/44/2024-01-05.pdf,200,606270,7d352487d5d7eac710de4cfe12b004fa62ea3bcb3de228f66dfb10c51c31e511,2026-08-24T11:35:08.749845+00:00,,44/2024-01-05.pdf
81,E-Auto,BYD,2024-01-05,https://media.i-sgcm.com/public/new-cars/pricelist/81/2024-01-05.pdf,200,5505,3d8c23ebc078f4868f99fbe4d87f9a9b58c19808e834ba5d38c7070f0d6d3850,2026-08-24T11:35:13.975208+00:00,,81/2024-01-05.pdf
86,Tesla Singapore,Tesla,2024-01-05,https://media.i-sgcm.com/public/new-cars/pricelist/86/2024-01-05.pdf,200,913748,c2277b2fb07223c0df304805695d3160cd5aafbace67a4f71676b507f3803889,2026-08-24T11:35:19.430170+00:00,,86/2024-01-05.pdf
13,Kah Motor,Honda,2024-01-06,https://media.i-sgcm.com/public/new-cars/pricelist/13/2024-01-06.pdf,200,441604,e97f650bd6accb1a9430533e4aa49b8b2b44beca636856afa50c7c68929debb0,2026-08-24T11:35:24.779752+00:00,,13/2024-01-06.pdf
81,E-Auto,BYD,2024-01-06,https://media.i-sgcm.com/public/new-cars/pricelist/81/2024-01-06.pdf,200,259742,ed853582e698f83776b7bd49356e411d78f158a46fc0999de70bedc2a75a1a6a,2026-08-24T11:35:30.115555+00:00,,81/2024-01-06.pdf
13,Kah Motor,Honda,2024-01-09,https://media.i-sgcm.com/public/new-cars/pricelist/13/2024-01-09.pdf,200,438662,4e5e3b6e134a8aaf8de750b0e0cde4888d6f224e19d65f44297f93747b29c907,2026-08-24T11:35:35.530459+00:00,,13/2024-01-09.pdf
13,Kah Motor,Honda,2024-01-10,https://media.i-sgcm.com/public/new-cars/pricelist/13/2024-01-10.pdf,200,436609,d4434b979eb1a19ce81487cc5f04592ab80e9869685a87ef64d8867b7f1352db,2026-08-24T11:35:41.500369+00:00,,13/2024-01-10.pdf
25,Cycle & Carriage Industries,Mercedes-Benz,2024-01-11,https://media.i-sgcm.com/public/new-cars/pricelist/25/2024-01-11.pdf,200,6716432,39cab2d357c9d8590172141bc8b50b6c16a61f7370a1d0ff395c06f31babe818,2026-08-24T11:35:47.082120+00:00,,25/2024-01-11.pdf
4,Performance Motors,BMW,2024-01-12,https://media.i-sgcm.com/public/new-cars/pricelist/4/2024-01-12.pdf,200,96125,a65304033bb4971bf66fc4f02f1aa0d7c1ab9b050de3a1c98d20cc30866037d8,2026-08-24T11:35:52.504673+00:00,,4/2024-01-12.pdf
4,Performance Motors,BMW,2024-01-18,https://media.i-sgcm.com/public/new-cars/pricelist/4/2024-01-18.pdf,200,92773,e3f9fc422900d565ae58be602619bd6b7b8974d6772ef4da4a2c346e5f2fbba1,2026-08-24T11:35:57.819591+00:00,,4/2024-01-18.pdf
13,Kah Motor,Honda,2024-01-18,https://media.i-sgcm.com/public/new-cars/pricelist/13/2024-01-18.pdf,200,446297,3eac36d902672975130f93dfa9c945ea9266bbe06e22f0d74dcd6a88a0de68e7,2026-08-24T11:36:03.237594+00:00,,13/2024-01-18.pdf
44,Borneo Motors,Toyota,2024-01-18,https://media.i-sgcm.com/public/new-cars/pricelist/44/2024-01-18.pdf,200,676694,f124f56bae4c53b13733eb37bd371a9bb2f19533cf06060c10a55e2f389917b6,2026-08-24T11:36:08.740314+00:00,,44/2024-01-18.pdf
25,Cycle & Carriage Industries,Mercedes-Benz,2024-01-19,https://media.i-sgcm.com/public/new-cars/pricelist/25/2024-01-19.pdf,200,3259668,30a8d2c447989052b0f39acd5ff4c913c3bd1553389e78fae509d8de3d5f22a7,2026-08-24T11:36:14.280742+00:00,,25/2024-01-19.pdf
81,E-Auto,BYD,2024-01-19,https://media.i-sgcm.com/public/new-cars/pricelist/81/2024-01-19.pdf,200,380828,969959914186f429623b8d858a82ebba4d06bc45991a8c6179770a0c072596a5,2026-08-24T11:36:19.608221+00:00,,81/2024-01-19.pdf
86,Tesla Singapore,Tesla,2024-01-22,https://media.i-sgcm.com/public/new-cars/pricelist/86/2024-01-22.pdf,200,1224423,1a0db665ac6697aa397841eb33b7002560d976a828f053e5e0318cd7fc6bc8f8,2026-08-24T11:36:25.033324+00:00,,86/2024-01-22.pdf
25,Cycle & Carriage Industries,Mercedes-Benz,2024-01-23,https://media.i-sgcm.com/public/new-cars/pricelist/25/2024-01-23.pdf,200,3143767,1cd96ba0d4b9c3a8685c98f08f95344e366770248c0634038919ed4e21cc24c4,2026-08-24T11:36:30.572569+00:00,,25/2024-01-23.pdf
25,Cycle & Carriage Industries,Mercedes-Benz,2024-01-31,https://media.i-sgcm.com/public/new-cars/pricelist/25/2024-01-31.pdf,200,3278491,b94ab990ec1db4481d4070ca386a181b32684c8505d0efc3152e5784c086d916,2026-08-24T11:36:36.207262+00:00,,25/2024-01-31.pdf
81,E-Auto,BYD,2024-02-01,https://media.i-sgcm.com/public/new-cars/pricelist/81/2024-02-01.pdf,200,379361,b15283b0ff1f71c09638e828df1de92a7d34f4aa8aa716bd38df96d1e2e94d88,2026-08-24T11:36:41.548600+00:00,,81/2024-02-01.pdf
4,Performance Motors,BMW,2024-02-08,https://media.i-sgcm.com/public/new-cars/pricelist/4/2024-02-08.pdf,200,109099,b359f8f2e4744e96f1818e76d7b6de49cebb149156e5835b5e87c37511653079,2026-08-24T11:36:46.818772+00:00,,4/2024-02-08.pdf
13,Kah Motor,Honda,2024-02-08,https://media.i-sgcm.com/public/new-cars/pricelist/13/2024-02-08.pdf,200,246572,29a53e717625973e51a30a0c399517aca2f0f01904f5dcf5b82e40c7abd7a424,2026-08-24T11:36:52.155551+00:00,,13/2024-02-08.pdf
25,Cycle & Carriage Industries,Mercedes-Benz,2024-02-08,https://media.i-sgcm.com/public/new-cars/pricelist/25/2024-02-08.pdf,200,747268,1a66ed2098a3d9ef2c9234b8ee7224fc5288fd6f3fccee71d56d6fef148d0607,2026-08-24T11:36:57.523633+00:00,,25/2024-02-08.pdf
44,Borneo Motors,Toyota,2024-02-08,https://media.i-sgcm.com/public/new-cars/pricelist/44/2024-02-08.pdf,200,734165,f73205bbfbddd158b77659471854907bdf64ecfab0ebb67bf168fbd2ffffb639,2026-08-24T11:37:02.961137+00:00,,44/2024-02-08.pdf
81,E-Auto,BYD,2024-02-13,https://media.i-sgcm.com/public/new-cars/pricelist/81/2024-02-13.pdf,200,389114,025bd85e6d859eaf638a329b249581c5a2b495157670c1a11a0a92402c0823fa,2026-08-24T11:37:08.334502+00:00,,81/2024-02-13.pdf
4,Performance Motors,BMW,2024-02-22,https://media.i-sgcm.com/public/new-cars/pricelist/4/2024-02-22.pdf,200,103128,95bb1acab1537bee0fefbd7339fe24533afb9ea070d73725420ae447fa5c75b2,2026-08-24T11:37:13.631062+00:00,,4/2024-02-22.pdf
44,Borneo Motors,Toyota,2024-02-22,https://media.i-sgcm.com/public/new-cars/pricelist/44/2024-02-22.pdf,200,605360,dc595184caaf660b8c9c6b35094ed6d9b4c079c18113404f45f9de798c758b19,2026-08-24T11:37:19.079116+00:00,,44/2024-02-22.pdf
13,Kah Motor,Honda,2024-02-23,https://media.i-sgcm.com/public/new-cars/pricelist/13/2024-02-23.pdf,200,1074167,d644ed31287dbc82d8ff7805530705279bd157885f5d2bec7cbb56f9cc6f3875,2026-08-24T11:37:24.474397+00:00,,13/2024-02-23.pdf
25,Cycle & Carriage Industries,Mercedes-Benz,2024-02-23,https://media.i-sgcm.com/public/new-cars/pricelist/25/2024-02-23.pdf,200,578210,6fe782ccd237634c1002ccb0e0e6cd0ca745bf6252413bf8411f331af44cc43e,2026-08-24T11:37:29.857550+00:00,,25/2024-02-23.pdf
81,E-Auto,BYD,2024-02-23,https://media.i-sgcm.com/public/new-cars/pricelist/81/2024-02-23.pdf,200,387345,edf648f4f7e746eb315499c0aa13ff191a530ac9aecf354e7f6d488a243633b5,2026-08-24T11:37:35.173736+00:00,,81/2024-02-23.pdf
86,Tesla Singapore,Tesla,2024-02-26,https://media.i-sgcm.com/public/new-cars/pricelist/86/2024-02-26.pdf,200,1119440,70f001c61489d5164bdafe9a8ee4eb98bcb1d88d3753766815b9b123f622500a,2026-08-24T11:37:40.574431+00:00,,86/2024-02-26.pdf
25,Cycle & Carriage Industries,Mercedes-Benz,2024-02-27,https://media.i-sgcm.com/public/new-cars/pricelist/25/2024-02-27.pdf,200,3080747,c706a43e469f8a4460c857653a840ae95beb1d0cb98fba3682a538e11efecc86,2026-08-24T11:37:46.203351+00:00,,25/2024-02-27.pdf
4,Performance Motors,BMW,2024-03-07,https://media.i-sgcm.com/public/new-cars/pricelist/4/2024-03-07.pdf,200,95658,e738bf8e1614fbaf2d65b26890d023ab3e4bc58a4da61abaa5c34b971d7255fb,2026-08-24T11:37:51.500535+00:00,,4/2024-03-07.pdf
25,Cycle & Carriage Industries,Mercedes-Benz,2024-03-07,https://media.i-sgcm.com/public/new-cars/pricelist/25/2024-03-07.pdf,200,3245590,49ee136750c2c8c64316984711565f73e44feb85d149330685185df1a433eac6,2026-08-24T11:37:57.039573+00:00,,25/2024-03-07.pdf
44,Borneo Motors,Toyota,2024-03-07,https://media.i-sgcm.com/public/new-cars/pricelist/44/2024-03-07.pdf,200,608550,7c1314c747b3b9cd000fbf8661311d732c4bd265f1589a31055f6e38e183b370,2026-08-24T11:38:02.479295+00:00,,44/2024-03-07.pdf
13,Kah Motor,Honda,2024-03-08,https://media.i-sgcm.com/public/new-cars/pricelist/13/2024-03-08.pdf,200,364026,eff2b8094cb720e7b0a823f90c763572e4dab354c8d2cfea76e927657c6bfa39,2026-08-24T11:38:07.889070+00:00,,13/2024-03-08.pdf
81,E-Auto,BYD,2024-03-08,https://media.i-sgcm.com/public/new-cars/pricelist/81/2024-03-08.pdf,200,385069,fb46e99779923a113c283626a8aa4d164e3b5e4938be6e0f25e5c11acf13847e,2026-08-24T11:38:13.222705+00:00,,81/2024-03-08.pdf
86,Tesla Singapore,Tesla,2024-03-11,https://media.i-sgcm.com/public/new-cars/pricelist/86/2024-03-11.pdf,200,1138902,f71081403075f83b94c34e405d91e8c1a354f700a60f51a30daa169dee4c050f,2026-08-24T11:38:18.629182+00:00,,86/2024-03-11.pdf
4,Performance Motors,BMW,2024-03-21,https://media.i-sgcm.com/public/new-cars/pricelist/4/2024-03-21.pdf,200,95656,6d1b18a39f3a7b8c880138ec7a474abc91fd007fa621196015e1a8c12abbca86,2026-08-24T11:38:23.910760+00:00,,4/2024-03-21.pdf
44,Borneo Motors,Toyota,2024-03-21,https://media.i-sgcm.com/public/new-cars/pricelist/44/2024-03-21.pdf,200,612171,a7fd7c8e022f203662bf79d634488eafc829c49e6555a5d1d09bea989bd13d29,2026-08-24T11:38:29.277681+00:00,,44/2024-03-21.pdf
81,E-Auto,BYD,2024-03-21,https://media.i-sgcm.com/public/new-cars/pricelist/81/2024-03-21.pdf,200,386249,f030410e827db6d227a85a57144157d9e8e8798f50c6a519498fe95e092be82e,2026-08-24T11:38:34.585482+00:00,,81/2024-03-21.pdf
25,Cycle & Carriage Industries,Mercedes-Benz,2024-03-22,https://media.i-sgcm.com/public/new-cars/pricelist/25/2024-03-22.pdf,200,3154112,780092bef90e4d9b52377b27b371ac23b780d773d449484e59e8e744b9204ee1,2026-08-24T11:38:40.131196+00:00,,25/2024-03-22.pdf
4,Performance Motors,BMW,2024-04-04,https://media.i-sgcm.com/public/new-cars/pricelist/4/2024-04-04.pdf,200,95644,e21a786948985eb5e0b11d19eab07e6eec3f17ca388dd7f6b83c8bc7d9ef6cc5,2026-08-24T11:38:45.417796+00:00,,4/2024-04-04.pdf
25,Cycle & Carriage Industries,Mercedes-Benz,2024-04-04,https://media.i-sgcm.com/public/new-cars/pricelist/25/2024-04-04.pdf,200,1117186,9177a226d39deb5843afe4f0babc3024382cb06c5f11caf2f00bdfcc62f9afdb,2026-08-24T11:38:50.932157+00:00,,25/2024-04-04.pdf
44,Borneo Motors,Toyota,2024-04-04,https://media.i-sgcm.com/public/new-cars/pricelist/44/2024-04-04.pdf,200,637357,3323d6190e728bbb2c45952ec6f811c9086eeb07226b611a02bb01be8631b94e,2026-08-24T11:38:56.308156+00:00,,44/2024-04-04.pdf
81,E-Auto,BYD,2024-04-04,https://media.i-sgcm.com/public/new-cars/pricelist/81/2024-04-04.pdf,200,385425,0981af31bff5b56ca5115a729cdaa9437891cc47f50efbd982dd7383fbf0df8a,2026-08-24T11:39:01.660282+00:00,,81/2024-04-04.pdf
13,Kah Motor,Honda,2024-04-05,https://media.i-sgcm.com/public/new-cars/pricelist/13/2024-04-05.pdf,200,353685,c6b48312c9591bf068258d9bdb1d554cd1627db3378dabc335d040ab8ba2bbfe,2026-08-24T11:39:07.017928+00:00,,13/2024-04-05.pdf
13,Kah Motor,Honda,2024-04-08,https://media.i-sgcm.com/public/new-cars/pricelist/13/2024-04-08.pdf,200,353761,98ca59e7c76ae9d3e8d639ebcd0397baddbcf972feb551621ed7d974cd39e0d9,2026-08-24T11:39:12.359151+00:00,,13/2024-04-08.pdf
25,Cycle & Carriage Industries,Mercedes-Benz,2024-04-09,https://media.i-sgcm.com/public/new-cars/pricelist/25/2024-04-09.pdf,200,3054294,28d4c7029b655425eda27a9351caa0b42daadc18de7148ced8d3d33148890c1e,2026-08-24T11:39:17.852224+00:00,,25/2024-04-09.pdf
25,Cycle & Carriage Industries,Mercedes-Benz,2024-04-12,https://media.i-sgcm.com/public/new-cars/pricelist/25/2024-04-12.pdf,200,3201503,4d490337af1bbc5a90b519d11410a45550a25f4bc6e8678a5f6ed8fe3d86f852,2026-08-24T11:39:23.357467+00:00,,25/2024-04-12.pdf
4,Performance Motors,BMW,2024-04-18,https://media.i-sgcm.com/public/new-cars/pricelist/4/2024-04-18.pdf,200,11230,4e2b0212f093f59270e1efaf6e613e658609698504210153d1b2d7e83401758a,2026-08-24T11:39:28.616159+00:00,,4/2024-04-18.pdf
44,Borneo Motors,Toyota,2024-04-18,https://media.i-sgcm.com/public/new-cars/pricelist/44/2024-04-18.pdf,200,6519,f2aeedb954158732ffe9cd57d44bf4f0fd42499b4a77a9ac15bb39362f11d370,2026-08-24T11:39:33.834726+00:00,,44/2024-04-18.pdf
4,Performance Motors,BMW,2024-04-19,https://media.i-sgcm.com/public/new-cars/pricelist/4/2024-04-19.pdf,200,95660,d25146ff14f2cce45b1da1d17f63a44b940cef3b585c5b2a1799ce3f329392fc,2026-08-24T11:39:39.095955+00:00,,4/2024-04-19.pdf
13,Kah Motor,Honda,2024-04-19,https://media.i-sgcm.com/public/new-cars/pricelist/13/2024-04-19.pdf,200,1220201,023704080617905ada828b12543c53b4bdb4977bade37f179d833223e9bc5d6d,2026-08-24T11:39:44.524964+00:00,,13/2024-04-19.pdf
25,Cycle & Carriage Industries,Mercedes-Benz,2024-04-19,https://media.i-sgcm.com/public/new-cars/pricelist/25/2024-04-19.pdf,200,3337120,ecc4408551c033d35b9d1405db2a73b1835b47c72351cff40714c94a9dbf7618,2026-08-24T11:39:50.003918+00:00,,25/2024-04-19.pdf
44,Borneo Motors,Toyota,2024-04-19,https://media.i-sgcm.com/public/new-cars/pricelist/44/2024-04-19.pdf,200,643897,1c2ac65e46e795e755e07b37bc060902e3bf829f32c82697e5608cd9032cd396,2026-08-24T11:39:56.217004+00:00,,44/2024-04-19.pdf
81,E-Auto,BYD,2024-04-22,https://media.i-sgcm.com/public/new-cars/pricelist/81/2024-04-22.pdf,200,381687,763c568cf531adb131bd2fb6d7bc5a7931c1621f570fd73faf3f557a5985035b,2026-08-24T11:40:01.601644+00:00,,81/2024-04-22.pdf
25,Cycle & Carriage Industries,Mercedes-Benz,2024-04-23,https://media.i-sgcm.com/public/new-cars/pricelist/25/2024-04-23.pdf,200,3390363,c72643ab2e2fbbc9ea8d2b988320d98027b97fb487dc413d3061c08a26081149,2026-08-24T11:40:07.167365+00:00,,25/2024-04-23.pdf
81,E-Auto,BYD,2024-04-26,https://media.i-sgcm.com/public/new-cars/pricelist/81/2024-04-26.pdf,200,382321,fd585da5fb3c58b65d16393df0865929514c797b107bbe9f1a7d850e2a945d48,2026-08-24T11:40:12.487049+00:00,,81/2024-04-26.pdf
4,Performance Motors,BMW,2024-05-09,https://media.i-sgcm.com/public/new-cars/pricelist/4/2024-05-09.pdf,200,11359,8b410a85618e09cacd2046951334df9a8c77e5b3ce73456eeb877141f2687364,2026-08-24T11:40:17.735223+00:00,,4/2024-05-09.pdf
13,Kah Motor,Honda,2024-05-09,https://media.i-sgcm.com/public/new-cars/pricelist/13/2024-05-09.pdf,200,6677,45289c6d1d937b1ec966091731158945492b0d2da76d894ae6b923ad10e68dae,2026-08-24T11:40:22.945820+00:00,,13/2024-05-09.pdf
25,Cycle & Carriage Industries,Mercedes-Benz,2024-05-09,https://media.i-sgcm.com/public/new-cars/pricelist/25/2024-05-09.pdf,200,13447,a28bda4c6ee433fc30e724d4e962e3d486aa390ed0b7d3372b93dd073d81926f,2026-08-24T11:40:28.176353+00:00,,25/2024-05-09.pdf
44,Borneo Motors,Toyota,2024-05-09,https://media.i-sgcm.com/public/new-cars/pricelist/44/2024-05-09.pdf,200,6519,2344603ccd613616844a05fb5ba22542597ae1405bf5c7662e76a43b63ea384c,2026-08-24T11:40:33.404044+00:00,,44/2024-05-09.pdf
81,E-Auto,BYD,2024-05-10,https://media.i-sgcm.com/public/new-cars/pricelist/81/2024-05-10.pdf,200,6293,fd6e0daf9231732124b2f914bc1fcac1ca351fefc2b9e2f30a1fd0cfe5e9dcff,2026-08-24T11:40:38.645939+00:00,,81/2024-05-10.pdf
4,Performance Motors,BMW,2024-05-13,https://media.i-sgcm.com/public/new-cars/pricelist/4/2024-05-13.pdf,200,95654,e8bb46f4227d1a1a16630dc9b3b501d9745ce991de07aba2d4c9650d1a1b0ba3,2026-08-24T11:40:43.947798+00:00,,4/2024-05-13.pdf
13,Kah Motor,Honda,2024-05-13,https://media.i-sgcm.com/public/new-cars/pricelist/13/2024-05-13.pdf,200,368183,98ac687c0f81f2035b08fcada4b89a849f753e9e3a0685bd0795aa7f2454d643,2026-08-24T11:40:49.307139+00:00,,13/2024-05-13.pdf
25,Cycle & Carriage Industries,Mercedes-Benz,2024-05-13,https://media.i-sgcm.com/public/new-cars/pricelist/25/2024-05-13.pdf,200,3340727,dbe0a3fa7d363383801424c278cf3094e943d0025e464e0f344d6c52aab2f729,2026-08-24T11:40:54.904564+00:00,,25/2024-05-13.pdf
81,E-Auto,BYD,2024-05-13,https://media.i-sgcm.com/public/new-cars/pricelist/81/2024-05-13.pdf,200,392501,c528cfe74acee9d53cde0ed0ce626fcd97c2e150d153ca428ecf68dce9b5881c,2026-08-24T11:41:00.269706+00:00,,81/2024-05-13.pdf
25,Cycle & Carriage Industries,Mercedes-Benz,2024-05-14,https://media.i-sgcm.com/public/new-cars/pricelist/25/2024-05-14.pdf,200,6939862,035bdc65996a420e7ffbbd084e697766f7e0499530a30fb05f83e1b807b0eaa1,2026-08-24T11:41:05.830882+00:00,,25/2024-05-14.pdf
4,Performance Motors,BMW,2024-05-24,https://media.i-sgcm.com/public/new-cars/pricelist/4/2024-05-24.pdf,200,103031,fe9647122754d8cd7a2895282da462b550c66298ac18ac53977fe9df62a0c372,2026-08-24T11:41:11.098716+00:00,,4/2024-05-24.pdf
44,Borneo Motors,Toyota,2024-05-24,https://media.i-sgcm.com/public/new-cars/pricelist/44/2024-05-24.pdf,200,634318,93a2b390edfccfd86dc78d3ec289ea4d33f87a54557e60b298323fd1699aeb53,2026-08-24T11:41:16.532557+00:00,,44/2024-05-24.pdf
13,Kah Motor,Honda,2024-05-27,https://media.i-sgcm.com/public/new-cars/pricelist/13/2024-05-27.pdf,200,1296060,73c4947bdc93131cba5d7b79f7471622ac7b53d48cf6d64f7ec76291a6ac6b1e,2026-08-24T11:41:21.960570+00:00,,13/2024-05-27.pdf
81,E-Auto,BYD,2024-05-27,https://media.i-sgcm.com/public/new-cars/pricelist/81/2024-05-27.pdf,200,393670,7aa000e04559552f6bdd2445ddb2d7bbf2504d1a5704a6b97b5f1ccb5ac5c5cb,2026-08-24T11:41:27.290060+00:00,,81/2024-05-27.pdf
86,Tesla Singapore,Tesla,2024-06-03,https://media.i-sgcm.com/public/new-cars/pricelist/86/2024-06-03.pdf,200,1436750,24a6cc2bf8a10206d660dba762cbf49ddbe26255ed12c6e45504ff523d546a76,2026-08-24T11:41:32.830471+00:00,,86/2024-06-03.pdf
4,Performance Motors,BMW,2024-06-06,https://media.i-sgcm.com/public/new-cars/pricelist/4/2024-06-06.pdf,200,96852,3f1071686c6a607d81a7ec06dc0ff31a4537a057840383d4581448ba612c7864,2026-08-24T11:41:38.149101+00:00,,4/2024-06-06.pdf
44,Borneo Motors,Toyota,2024-06-06,https://media.i-sgcm.com/public/new-cars/pricelist/44/2024-06-06.pdf,200,621665,6c47f15ac5a2918dd1a8bd7f0edfb6044e7b8d39ac3dcbd0261939730eabc0f9,2026-08-24T11:41:43.531645+00:00,,44/2024-06-06.pdf
25,Cycle & Carriage Industries,Mercedes-Benz,2024-06-07,https://media.i-sgcm.com/public/new-cars/pricelist/25/2024-06-07.pdf,200,3226221,fa2d413ffd36e3080a37c230bf3fd494e8c9d1fb85a46e2570ca370921cd4dad,2026-08-24T11:41:49.109242+00:00,,25/2024-06-07.pdf
81,E-Auto,BYD,2024-06-07,https://media.i-sgcm.com/public/new-cars/pricelist/81/2024-06-07.pdf,200,395509,be154d82c3a365a572f6be0d464d7bed9b3a1bb897bb13735b7e70714ab76b1e,2026-08-24T11:41:54.487925+00:00,,81/2024-06-07.pdf
13,Kah Motor,Honda,2024-06-10,https://media.i-sgcm.com/public/new-cars/pricelist/13/2024-06-10.pdf,200,6682,af3ab314f00b90fc1ddd57212b0aad3d73170ff6e89bbd384419bffdfe9dabfe,2026-08-24T11:41:59.743455+00:00,,13/2024-06-10.pdf
86,Tesla Singapore,Tesla,2024-06-19,https://media.i-sgcm.com/public/new-cars/pricelist/86/2024-06-19.pdf,200,1435492,d09cfdc31bae86b6359abe0648d89addaaf60fae30475e73768b7eff9b169203,2026-08-24T11:42:05.162987+00:00,,86/2024-06-19.pdf
4,Performance Motors,BMW,2024-06-21,https://media.i-sgcm.com/public/new-cars/pricelist/4/2024-06-21.pdf,200,10856,a59ecc35c1e71fe9134f292ec39e9bcfd8a056cf18d0e995314dd5ac9edc2a0e,2026-08-24T11:42:10.364805+00:00,,4/2024-06-21.pdf
13,Kah Motor,Honda,2024-06-21,https://media.i-sgcm.com/public/new-cars/pricelist/13/2024-06-21.pdf,200,6681,e97a7ed871bd3b62c07af59e0dfd8aa9bf57dfcbf5742ad53ae4ea04c8dfae1f,2026-08-24T11:42:15.578364+00:00,,13/2024-06-21.pdf
44,Borneo Motors,Toyota,2024-06-21,https://media.i-sgcm.com/public/new-cars/pricelist/44/2024-06-21.pdf,200,6498,a5a6641ae2a4591995026a79731bedaec6d7d761713be3a89c976b93d261713c,2026-08-24T11:42:20.788458+00:00,,44/2024-06-21.pdf
81,E-Auto,BYD,2024-06-22,https://media.i-sgcm.com/public/new-cars/pricelist/81/2024-06-22.pdf,200,6275,2ff21d9f5b5822daabff57f3a70bde64e989af5fcbd8bd9a00e0583c7f9b5ec1,2026-08-24T11:42:26.038390+00:00,,81/2024-06-22.pdf
4,Performance Motors,BMW,2024-06-24,https://media.i-sgcm.com/public/new-cars/pricelist/4/2024-06-24.pdf,200,101563,e62af533e7ffae133fb50761951047339defa8739e065f085920e77c296fc752,2026-08-24T11:42:31.311985+00:00,,4/2024-06-24.pdf
13,Kah Motor,Honda,2024-06-24,https://media.i-sgcm.com/public/new-cars/pricelist/13/2024-06-24.pdf,200,568438,309373a09111ca337929b75933081f62c037471f71f7fe1fc63131d35f9632ba,2026-08-24T11:42:36.682523+00:00,,13/2024-06-24.pdf
44,Borneo Motors,Toyota,2024-06-24,https://media.i-sgcm.com/public/new-cars/pricelist/44/2024-06-24.pdf,200,884820,9466641726c95fe00b2203a87e420387ccc45e530dd0cb46e60da7f991961e22,2026-08-24T11:42:42.094050+00:00,,44/2024-06-24.pdf
81,E-Auto,BYD,2024-06-24,https://media.i-sgcm.com/public/new-cars/pricelist/81/2024-06-24.pdf,200,529662,0b00c9c9192840e437b371c8220ef51f3c6727af089b991caaabe8cb6f09ee8f,2026-08-24T11:42:47.417522+00:00,,81/2024-06-24.pdf
25,Cycle & Carriage Industries,Mercedes-Benz,2024-06-25,https://media.i-sgcm.com/public/new-cars/pricelist/25/2024-06-25.pdf,200,907753,1dff9288759961652177c4850ea00a068dcf5258b531b492f7d8d665ce4f8edd,2026-08-24T11:42:52.873716+00:00,,25/2024-06-25.pdf
4,Performance Motors,BMW,2024-07-04,https://media.i-sgcm.com/public/new-cars/pricelist/4/2024-07-04.pdf,200,96534,5aa82ec6d2c172f677dca08b7a35891b69f12a156c29485f46d3b35b798ef91c,2026-08-24T11:42:58.152895+00:00,,4/2024-07-04.pdf
44,Borneo Motors,Toyota,2024-07-04,https://media.i-sgcm.com/public/new-cars/pricelist/44/2024-07-04.pdf,200,654090,2df8f986fd685d4ed4036876ceaa969ecb210f27c3154171d5d612001ddb0a5f,2026-08-24T11:43:03.529346+00:00,,44/2024-07-04.pdf
81,E-Auto,BYD,2024-07-04,https://media.i-sgcm.com/public/new-cars/pricelist/81/2024-07-04.pdf,200,381348,69b5b6e0915d93d15114edc4b63be6f57af544e65d2d00b51329f63357d749b1,2026-08-24T11:43:08.846550+00:00,,81/2024-07-04.pdf
86,Tesla Singapore,Tesla,2024-07-04,https://media.i-sgcm.com/public/new-cars/pricelist/86/2024-07-04.pdf,200,1542582,7b8057c8dc61043cb5cef07fec102c8afa334a279c3722b09c759598d5ea3b4f,2026-08-24T11:43:14.300283+00:00,,86/2024-07-04.pdf
25,Cycle & Carriage Industries,Mercedes-Benz,2024-07-05,https://media.i-sgcm.com/public/new-cars/pricelist/25/2024-07-05.pdf,200,3535702,96e1c5e609f3020c683493cd2c8cad8fcf3e8fe18f1986cc37bee7ebb875e74b,2026-08-24T11:43:19.791653+00:00,,25/2024-07-05.pdf
81,E-Auto,BYD,2024-07-05,https://media.i-sgcm.com/public/new-cars/pricelist/81/2024-07-05.pdf,200,381349,b7e8cbc1352fdfadb36d7a8618fc38b8257adebb8b285657d8ec1531a82dbc6c,2026-08-24T11:43:25.136746+00:00,,81/2024-07-05.pdf
13,Kah Motor,Honda,2024-07-08,https://media.i-sgcm.com/public/new-cars/pricelist/13/2024-07-08.pdf,200,394745,887615cd234f12539422853580e32a9cf62bd398ac1fce9607e52cb91bd569e7,2026-08-24T11:43:30.517145+00:00,,13/2024-07-08.pdf
4,Performance Motors,BMW,2024-07-17,https://media.i-sgcm.com/public/new-cars/pricelist/4/2024-07-17.pdf,200,96636,9109f51f0e158a23174a93c0cb7295e1edccf68283b912094f94d0a93f04218b,2026-08-24T11:43:35.830027+00:00,,4/2024-07-17.pdf
25,Cycle & Carriage Industries,Mercedes-Benz,2024-07-18,https://media.i-sgcm.com/public/new-cars/pricelist/25/2024-07-18.pdf,200,3449210,9323ec4bc2a78942319212a79bcd8a5dfef5c9c48dd52c75d79e81629ba2d4a1,2026-08-24T11:43:41.333409+00:00,,25/2024-07-18.pdf
44,Borneo Motors,Toyota,2024-07-18,https://media.i-sgcm.com/public/new-cars/pricelist/44/2024-07-18.pdf,200,1360153,5719f240b09632322dd0f52c6b123ae72f772633722f99ae684da77737187903,2026-08-24T11:43:46.878106+00:00,,44/2024-07-18.pdf
13,Kah Motor,Honda,2024-07-19,https://media.i-sgcm.com/public/new-cars/pricelist/13/2024-07-19.pdf,200,400165,1131f7b6ccc6aee1c7db686e6404fa0dc06e5dc91cdc99c142c6348c2a932362,2026-08-24T11:43:52.228960+00:00,,13/2024-07-19.pdf
81,E-Auto,BYD,2024-07-19,https://media.i-sgcm.com/public/new-cars/pricelist/81/2024-07-19.pdf,200,386649,924b0780922059ebb91d47caf5ef6fe6b4c0021537cf0cc2b49164a265560106,2026-08-24T11:43:57.594055+00:00,,81/2024-07-19.pdf
86,Tesla Singapore,Tesla,2024-07-19,https://media.i-sgcm.com/public/new-cars/pricelist/86/2024-07-19.pdf,200,1542582,774eeecdde7cea21f58f2d9a6d633330c1938bca76b78dff537fbfd4f23e1f29,2026-08-24T11:44:03.081961+00:00,,86/2024-07-19.pdf
4,Performance Motors,BMW,2024-07-25,https://media.i-sgcm.com/public/new-cars/pricelist/4/2024-07-25.pdf,200,96583,15f1ebaceb0f04078af6f62a08619dda9faaad669cf06d4e584c0771d4eb0525,2026-08-24T11:44:08.404442+00:00,,4/2024-07-25.pdf
13,Kah Motor,Honda,2024-07-25,https://media.i-sgcm.com/public/new-cars/pricelist/13/2024-07-25.pdf,200,346316,5e0ab39e951b975af38937484a80738f1938c075d237d4d717d49645c6bc14dc,2026-08-24T11:44:13.784842+00:00,,13/2024-07-25.pdf
4,Performance Motors,BMW,2024-08-08,https://media.i-sgcm.com/public/new-cars/pricelist/4/2024-08-08.pdf,200,95328,1d233cf499c47674182fdc920d3643a0cbc758a61864fb26319006707bd599c2,2026-08-24T11:44:19.045788+00:00,,4/2024-08-08.pdf
25,Cycle & Carriage Industries,Mercedes-Benz,2024-08-08,https://media.i-sgcm.com/public/new-cars/pricelist/25/2024-08-08.pdf,200,639638,4bdd2a4258012f92d26e8ada3df6655695f7b5d7ed310e2140d5c07f26893c08,2026-08-24T11:44:24.419255+00:00,,25/2024-08-08.pdf
44,Borneo Motors,Toyota,2024-08-08,https://media.i-sgcm.com/public/new-cars/pricelist/44/2024-08-08.pdf,200,651669,264116e7ce6e7a8b7eb8730c15d014eb8e436a5c2c9dcbcfbf272ee7f9cb9588,2026-08-24T11:44:29.883922+00:00,,44/2024-08-08.pdf
81,E-Auto,BYD,2024-08-10,https://media.i-sgcm.com/public/new-cars/pricelist/81/2024-08-10.pdf,200,383679,f371756544e3af232db5ca9087cbc2f50d2520bb04c84efa076271e39b6f80be,2026-08-24T11:44:35.238872+00:00,,81/2024-08-10.pdf
13,Kah Motor,Honda,2024-08-12,https://media.i-sgcm.com/public/new-cars/pricelist/13/2024-08-12.pdf,200,1335337,9d3686d3c68abb088a621fc887b7b5346aac83b707bcf54aea45368ffa596944,2026-08-24T11:44:40.686374+00:00,,13/2024-08-12.pdf
86,Tesla Singapore,Tesla,2024-08-12,https://media.i-sgcm.com/public/new-cars/pricelist/86/2024-08-12.pdf,200,1542582,9d4a07f0a716e234a48ad84c5b3be7fadf0bb4a32ca5d0abb0c52157da216d07,2026-08-24T11:44:46.209859+00:00,,86/2024-08-12.pdf
44,Borneo Motors,Toyota,2024-08-22,https://media.i-sgcm.com/public/new-cars/pricelist/44/2024-08-22.pdf,200,650036,c8eef97513138957ba1e33a734cff774032d332a541a0658900f41e39bb93bba,2026-08-24T11:44:51.566511+00:00,,44/2024-08-22.pdf
86,Tesla Singapore,Tesla,2024-08-22,https://media.i-sgcm.com/public/new-cars/pricelist/86/2024-08-22.pdf,200,1542582,d7e5e89ab60614b9e1d6c13decfb80742e7efd23e90a7e67b9abfb253a620b83,2026-08-24T11:44:57.014947+00:00,,86/2024-08-22.pdf
4,Performance Motors,BMW,2024-08-23,https://media.i-sgcm.com/public/new-cars/pricelist/4/2024-08-23.pdf,200,95285,f8fd3e702feed2d34417bfdb7d50f3982e17329563f7d7bc77cb3d2046b99d0a,2026-08-24T11:45:02.283938+00:00,,4/2024-08-23.pdf
13,Kah Motor,Honda,2024-08-23,https://media.i-sgcm.com/public/new-cars/pricelist/13/2024-08-23.pdf,200,394513,bf23878a2a79547cc32cd80e112ec55167dddf3c944e01a04f8f944799c1fca3,2026-08-24T11:45:07.655704+00:00,,13/2024-08-23.pdf
81,E-Auto,BYD,2024-08-23,https://media.i-sgcm.com/public/new-cars/pricelist/81/2024-08-23.pdf,200,378111,b1e79c696330487b7e402450166767e8a2bafd0a6e1f28eba3648d7673fcbe9e,2026-08-24T11:45:13.059400+00:00,,81/2024-08-23.pdf
25,Cycle & Carriage Industries,Mercedes-Benz,2024-08-24,https://media.i-sgcm.com/public/new-cars/pricelist/25/2024-08-24.pdf,200,3678535,d986f16daeec222edc478a26a13cb720c0e3d3c09c8f621466fc0b56e8305b17,2026-08-24T11:45:18.691019+00:00,,25/2024-08-24.pdf
4,Performance Motors,BMW,2024-09-05,https://media.i-sgcm.com/public/new-cars/pricelist/4/2024-09-05.pdf,200,94905,147bc520ba4cd4173247e408b00e2bd3f7fe8c80f66a8141ffce8420b5f5e30d,2026-08-24T11:45:23.938251+00:00,,4/2024-09-05.pdf
13,Kah Motor,Honda,2024-09-05,https://media.i-sgcm.com/public/new-cars/pricelist/13/2024-09-05.pdf,200,388030,ff23118c09d825163c33e201d29e81ba71015f277ccb15746973590a2e6c8191,2026-08-24T11:45:29.257709+00:00,,13/2024-09-05.pdf
44,Borneo Motors,Toyota,2024-09-05,https://media.i-sgcm.com/public/new-cars/pricelist/44/2024-09-05.pdf,200,685361,cd042798e4325d7e6fdf4773c94d599316d16d631bc480c8e55423c94b2252f3,2026-08-24T11:45:34.767137+00:00,,44/2024-09-05.pdf
81,E-Auto,BYD,2024-09-05,https://media.i-sgcm.com/public/new-cars/pricelist/81/2024-09-05.pdf,200,391997,0fbed37496379c4f97c1fdfd63d1f84f8a59d1f16b9a3ba9f6e443621816f274,2026-08-24T11:45:40.152108+00:00,,81/2024-09-05.pdf
25,Cycle & Carriage Industries,Mercedes-Benz,2024-09-06,https://media.i-sgcm.com/public/new-cars/pricelist/25/2024-09-06.pdf,200,3781761,36514c6e649c6c22c6b6fc693859bd51e10de1ce07b6fb2c144807ed103bd142,2026-08-24T11:45:45.607702+00:00,,25/2024-09-06.pdf
86,Tesla Singapore,Tesla,2024-09-06,https://media.i-sgcm.com/public/new-cars/pricelist/86/2024-09-06.pdf,200,1542582,49f44389955d317efc3f75f034caefc147c2c161c96106f9958483c28ea576a9,2026-08-24T11:45:51.011908+00:00,,86/2024-09-06.pdf
4,Performance Motors,BMW,2024-09-19,https://media.i-sgcm.com/public/new-cars/pricelist/4/2024-09-19.pdf,200,95236,abd56eac9698ba7be771e676a6c2a1ea9d6ec739faf0af336f7ab4cbddc425b2,2026-08-24T11:45:56.240147+00:00,,4/2024-09-19.pdf
44,Borneo Motors,Toyota,2024-09-19,https://media.i-sgcm.com/public/new-cars/pricelist/44/2024-09-19.pdf,200,709299,8a7f8cf5b21a7c1d04f3539c3f797238b5ddc4ae44f3dff61fab92c92fde84d7,2026-08-24T11:46:01.622322+00:00,,44/2024-09-19.pdf
25,Cycle & Carriage Industries,Mercedes-Benz,2024-09-20,https://media.i-sgcm.com/public/new-cars/pricelist/25/2024-09-20.pdf,200,3851471,bac1c7e546af64f9e1c115a3a8734a976eda0d24781b32f239e2d6d142e02fb0,2026-08-24T11:46:07.107207+00:00,,25/2024-09-20.pdf
44,Borneo Motors,Toyota,2024-09-20,https://media.i-sgcm.com/public/new-cars/pricelist/44/2024-09-20.pdf,200,719899,53514b2839db10ff977cebee1cd912103f5a20327296cd9544bbe6d53c844d21,2026-08-24T11:46:12.471319+00:00,,44/2024-09-20.pdf
81,E-Auto,BYD,2024-09-20,https://media.i-sgcm.com/public/new-cars/pricelist/81/2024-09-20.pdf,200,393897,f301315161b169f7ef9584121806eaf31b316ccd19eb977c4fd9c713e3bc2764,2026-08-24T11:46:17.801172+00:00,,81/2024-09-20.pdf
13,Kah Motor,Honda,2024-09-22,https://media.i-sgcm.com/public/new-cars/pricelist/13/2024-09-22.pdf,200,411633,8b85d4b88855644a51ecf45c85118c6d0b048bf61d85777953f418f5386db41d,2026-08-24T11:46:23.193074+00:00,,13/2024-09-22.pdf
81,E-Auto,BYD,2024-09-23,https://media.i-sgcm.com/public/new-cars/pricelist/81/2024-09-23.pdf,200,384347,93e098e478e24f0ce625ca22e85633d9cf6b7ae6194797ff941b0c12cf50187b,2026-08-24T11:46:28.585098+00:00,,81/2024-09-23.pdf
86,Tesla Singapore,Tesla,2024-09-23,https://media.i-sgcm.com/public/new-cars/pricelist/86/2024-09-23.pdf,200,1867367,0451adf8d8ff4597d324bccb145371a3feae2c7eec21df89335df76e6845dc03,2026-08-24T11:46:34.039690+00:00,,86/2024-09-23.pdf
44,Borneo Motors,Toyota,2024-10-10,https://media.i-sgcm.com/public/new-cars/pricelist/44/2024-10-10.pdf,200,716884,ee9514b170206235df9b1d52e46851bcf58e05d64a177fc76e3e6b43f325ef54,2026-08-24T11:46:39.460431+00:00,,44/2024-10-10.pdf
4,Performance Motors,BMW,2024-10-11,https://media.i-sgcm.com/public/new-cars/pricelist/4/2024-10-11.pdf,200,95062,6f70a26c59386f140823373bf235574b154eb0c7dee8552d84d4cd0af4fc3b3d,2026-08-24T11:46:44.736944+00:00,,4/2024-10-11.pdf
13,Kah Motor,Honda,2024-10-11,https://media.i-sgcm.com/public/new-cars/pricelist/13/2024-10-11.pdf,200,394428,d5dd16b9e4f23d0e4f74dbfa6f6d2b1ca68cb86c3bbfbbefca8e5e6103e75a56,2026-08-24T11:46:50.076114+00:00,,13/2024-10-11.pdf
25,Cycle & Carriage Industries,Mercedes-Benz,2024-10-11,https://media.i-sgcm.com/public/new-cars/pricelist/25/2024-10-11.pdf,200,1462321,1e3b7f4b9570e9b9dad50f958349622eec6e534e3f2280109762bcf37a97f018,2026-08-24T11:46:55.537681+00:00,,25/2024-10-11.pdf
86,Tesla Singapore,Tesla,2024-10-11,https://media.i-sgcm.com/public/new-cars/pricelist/86/2024-10-11.pdf,200,1849981,31be046da284485bf6fc9c09ff2210cea3b86754f0491994470762103e378cdf,2026-08-24T11:47:01.075059+00:00,,86/2024-10-11.pdf
81,E-Auto,BYD,2024-10-12,https://media.i-sgcm.com/public/new-cars/pricelist/81/2024-10-12.pdf,200,496575,86cf58262ac2216afb2b7e5f3706b2bb621450d9b2c00728c7119c4fb07147a6,2026-08-24T11:47:06.417683+00:00,,81/2024-10-12.pdf
4,Performance Motors,BMW,2024-10-24,https://media.i-sgcm.com/public/new-cars/pricelist/4/2024-10-24.pdf,200,95062,4926c5e6d61cc9208dbdda6febcd75ebd1aad79f0a0002d78bae307b949d805a,2026-08-24T11:47:11.719681+00:00,,4/2024-10-24.pdf
44,Borneo Motors,Toyota,2024-10-24,https://media.i-sgcm.com/public/new-cars/pricelist/44/2024-10-24.pdf,200,528877,f28785af11bf0806f029e1df4735b4e26d9572d6d72a51ee8572280cc3bd5c10,2026-08-24T11:47:17.077869+00:00,,44/2024-10-24.pdf
81,E-Auto,BYD,2024-10-26,https://media.i-sgcm.com/public/new-cars/pricelist/81/2024-10-26.pdf,200,536158,803bbdee3d44d4b698a7299c0a5bd629bb55ce8753c34c61bc4a7498ea9d667b,2026-08-24T11:47:22.477751+00:00,,81/2024-10-26.pdf
25,Cycle & Carriage Industries,Mercedes-Benz,2024-10-27,https://media.i-sgcm.com/public/new-cars/pricelist/25/2024-10-27.pdf,200,3735213,4d6495a89e5fc7214356e6e249a101fdb24a690cb1b0bee5be1641dac73f52cb,2026-08-24T11:47:28.002597+00:00,,25/2024-10-27.pdf
13,Kah Motor,Honda,2024-10-29,https://media.i-sgcm.com/public/new-cars/pricelist/13/2024-10-29.pdf,200,1390625,d6be17505d9c3f628c89847779356b94cf4357fd251fa02fdbbfac5de9d87ef9,2026-08-24T11:47:33.457603+00:00,,13/2024-10-29.pdf
86,Tesla Singapore,Tesla,2024-10-29,https://media.i-sgcm.com/public/new-cars/pricelist/86/2024-10-29.pdf,200,1850311,049258a8f669e0ea462e8802e7f41778f259ff71d18c21feee6c9550413786d6,2026-08-24T11:47:38.906052+00:00,,86/2024-10-29.pdf
25,Cycle & Carriage Industries,Mercedes-Benz,2024-10-30,https://media.i-sgcm.com/public/new-cars/pricelist/25/2024-10-30.pdf,200,3598981,2445ac43baca993daed0a1be9bfda197c286f3e1f660acdd58fe9c23a7151918,2026-08-24T11:47:44.404329+00:00,,25/2024-10-30.pdf
81,E-Auto,BYD,2024-10-30,https://media.i-sgcm.com/public/new-cars/pricelist/81/2024-10-30.pdf,200,536156,3288c151b6bc61aae12c04eb86dfaa83c166f8a5c5367bfc96a674870657360b,2026-08-24T11:47:49.812640+00:00,,81/2024-10-30.pdf
4,Performance Motors,BMW,2024-11-07,https://media.i-sgcm.com/public/new-cars/pricelist/4/2024-11-07.pdf,200,95810,305c89a291ccc28260440fb06eb359b820e6957ad726a92f25f55e87ab6fb14c,2026-08-24T11:47:55.110461+00:00,,4/2024-11-07.pdf
44,Borneo Motors,Toyota,2024-11-07,https://media.i-sgcm.com/public/new-cars/pricelist/44/2024-11-07.pdf,200,519532,ec92358e3d56b177905b10e154a781d2f5fe3a3e061ee02da92215ce90be2c92,2026-08-24T11:48:00.496612+00:00,,44/2024-11-07.pdf
81,E-Auto,BYD,2024-11-08,https://media.i-sgcm.com/public/new-cars/pricelist/81/2024-11-08.pdf,200,535942,5cfd09368cc74edbc4511a5c2d11c3fa2e57b4b1316c1a0ff248ef35240dbf76,2026-08-24T11:48:05.863838+00:00,,81/2024-11-08.pdf
86,Tesla Singapore,Tesla,2024-11-10,https://media.i-sgcm.com/public/new-cars/pricelist/86/2024-11-10.pdf,200,1916066,d71adb333010d44804cb2659e7e0add38c78addb7dff2933d8b849136c0eb657,2026-08-24T11:48:11.309597+00:00,,86/2024-11-10.pdf
25,Cycle & Carriage Industries,Mercedes-Benz,2024-11-12,https://media.i-sgcm.com/public/new-cars/pricelist/25/2024-11-12.pdf,200,3580823,9a963b1c16af9bfc05505c34563fe8f0aa39da437110584cc2464e86d746fbf3,2026-08-24T11:48:16.780500+00:00,,25/2024-11-12.pdf
13,Kah Motor,Honda,2024-11-13,https://media.i-sgcm.com/public/new-cars/pricelist/13/2024-11-13.pdf,200,1380317,8286d97a4f026cc354bb9667dca41e5e90eb3ae325a0be25fcacce5a3ad41f75,2026-08-24T11:48:22.311593+00:00,,13/2024-11-13.pdf
4,Performance Motors,BMW,2024-11-21,https://media.i-sgcm.com/public/new-cars/pricelist/4/2024-11-21.pdf,200,95861,9aa57d1e7881f5a989ab5efc4d5ffc1ea94c362db69ae938150d5494bdc2e9a9,2026-08-24T11:48:27.605578+00:00,,4/2024-11-21.pdf
44,Borneo Motors,Toyota,2024-11-21,https://media.i-sgcm.com/public/new-cars/pricelist/44/2024-11-21.pdf,200,338634,0a70cdcfd0e3bd9180f68a16d7fefcf5b27883e427cc32723db007ca6ea4815f,2026-08-24T11:48:32.938850+00:00,,44/2024-11-21.pdf
86,Tesla Singapore,Tesla,2024-11-21,https://media.i-sgcm.com/public/new-cars/pricelist/86/2024-11-21.pdf,200,1917037,ed92854c6cbfec53cb98701ec70d5e86dcd6a36a24d93a133d1e6613fa1e4833,2026-08-24T11:48:38.464878+00:00,,86/2024-11-21.pdf
81,E-Auto,BYD,2024-11-22,https://media.i-sgcm.com/public/new-cars/pricelist/81/2024-11-22.pdf,200,530996,d42da1018323d742a64dca840c88143e1ac45b599e05a87936daf1b177519ff5,2026-08-24T11:48:43.871738+00:00,,81/2024-11-22.pdf
25,Cycle & Carriage Industries,Mercedes-Benz,2024-11-25,https://media.i-sgcm.com/public/new-cars/pricelist/25/2024-11-25.pdf,200,1281267,5e3e43e06b07553ac5ca77465959d07d7c172935f70d86f428147abd19f4edc2,2026-08-24T11:48:49.349291+00:00,,25/2024-11-25.pdf
4,Performance Motors,BMW,2024-12-02,https://media.i-sgcm.com/public/new-cars/pricelist/4/2024-12-02.pdf,200,94146,d16d44ff9a2aaead5ac080d2c995b9223073c43cd34352180b753bde7997e8f4,2026-08-24T11:48:54.616977+00:00,,4/2024-12-02.pdf
4,Performance Motors,BMW,2024-12-05,https://media.i-sgcm.com/public/new-cars/pricelist/4/2024-12-05.pdf,200,94188,0fd0a68745b96e521eea97bd0020908e6e61569fafa6cf8ea3a75ea4fb0e6dc8,2026-08-24T11:48:59.922792+00:00,,4/2024-12-05.pdf
13,Kah Motor,Honda,2024-12-05,https://media.i-sgcm.com/public/new-cars/pricelist/13/2024-12-05.pdf,200,247105,c395f4cc4c1b50de01ae0ad6df157fa0888a0bb3ae06f1ce9892ac6bdbf19098,2026-08-24T11:49:05.304479+00:00,,13/2024-12-05.pdf
44,Borneo Motors,Toyota,2024-12-05,https://media.i-sgcm.com/public/new-cars/pricelist/44/2024-12-05.pdf,200,768524,8d4f894445b89af3f4382d39ef0d7b63a8f953a6510b83b648cb028dc045d649,2026-08-24T11:49:10.699849+00:00,,44/2024-12-05.pdf
25,Cycle & Carriage Industries,Mercedes-Benz,2024-12-06,https://media.i-sgcm.com/public/new-cars/pricelist/25/2024-12-06.pdf,200,7950860,10fa90219bfd8c5530bbaa595d496cde9b8ef2ce727785172458e8c661a288d3,2026-08-24T11:49:16.297378+00:00,,25/2024-12-06.pdf
81,E-Auto,BYD,2024-12-06,https://media.i-sgcm.com/public/new-cars/pricelist/81/2024-12-06.pdf,200,146626,a77171cd8d906e00dec39293e05cb8763a7788e66d878a590a87867cd0870eca,2026-08-24T11:49:21.575888+00:00,,81/2024-12-06.pdf
86,Tesla Singapore,Tesla,2024-12-06,https://media.i-sgcm.com/public/new-cars/pricelist/86/2024-12-06.pdf,200,1986851,7f28e36a5ef1a4d11f7af2df14805744e8f187862c622cb71cc82402a3c78467,2026-08-24T11:49:27.118645+00:00,,86/2024-12-06.pdf
4,Performance Motors,BMW,2024-12-19,https://media.i-sgcm.com/public/new-cars/pricelist/4/2024-12-19.pdf,200,94296,75bd38734caca8f3f89abe6fd8958ca71ba862f6a8be12c8805711686651915a,2026-08-24T11:49:32.431584+00:00,,4/2024-12-19.pdf
44,Borneo Motors,Toyota,2024-12-19,https://media.i-sgcm.com/public/new-cars/pricelist/44/2024-12-19.pdf,200,769489,96981f3af0af552c22d0d5873efa4eec6bfc0502208b489ed6bfa9cfb963bcbd,2026-08-24T11:49:37.851300+00:00,,44/2024-12-19.pdf
81,E-Auto,BYD,2024-12-19,https://media.i-sgcm.com/public/new-cars/pricelist/81/2024-12-19.pdf,200,149930,9ba49c880c1d89b64eeaf7325cb70b2afdaee81c27663171251730be6138923a,2026-08-24T11:49:43.121264+00:00,,81/2024-12-19.pdf
25,Cycle & Carriage Industries,Mercedes-Benz,2024-12-23,https://media.i-sgcm.com/public/new-cars/pricelist/25/2024-12-23.pdf,200,632836,06e5d801bcdfe2799f7454b6633a996f9c19b9556dcc8b43224f445de43adff4,2026-08-24T11:49:48.522562+00:00,,25/2024-12-23.pdf
13,Kah Motor,Honda,2024-12-24,https://media.i-sgcm.com/public/new-cars/pricelist/13/2024-12-24.pdf,200,555872,1d1d96f76c9b3a7e323d0327d619f8f362b65ee8bf535081c1193131a79aa1b9,2026-08-24T11:49:54.055925+00:00,,13/2024-12-24.pdf
13,Kah Motor,Honda,2024-12-26,https://media.i-sgcm.com/public/new-cars/pricelist/13/2024-12-26.pdf,200,246583,98aa40986d98ce9dad18f870fded07ae75a49b215378ff373f183ee607ad9d1d,2026-08-24T11:49:59.373172+00:00,,13/2024-12-26.pdf
25,Cycle & Carriage Industries,Mercedes-Benz,2025-01-03,https://media.i-sgcm.com/public/new-cars/pricelist/25/2025-01-03.pdf,200,3837247,a4f8ea193728be515e1befde22344fb2f6585aae93568f3c497de2975904a3cb,2026-08-24T11:50:04.840781+00:00,,25/2025-01-03.pdf
4,Performance Motors,BMW,2025-01-09,https://media.i-sgcm.com/public/new-cars/pricelist/4/2025-01-09.pdf,200,96907,706fd0dc704063e22c6d9d8a10679d2182cb45f794a7f8776c1d999b336a0f71,2026-08-24T11:50:10.121925+00:00,,4/2025-01-09.pdf
44,Borneo Motors,Toyota,2025-01-09,https://media.i-sgcm.com/public/new-cars/pricelist/44/2025-01-09.pdf,200,527489,26e06e0c7fa083878c1afc2ec7b31cf102395b109b5d3c6e269077b179ffad8a,2026-08-24T11:50:15.494541+00:00,,44/2025-01-09.pdf
86,Tesla Singapore,Tesla,2025-01-09,https://media.i-sgcm.com/public/new-cars/pricelist/86/2025-01-09.pdf,200,1918875,633d9b4622031d20611715bb8c84115f50418ff419a2858eb0241747543303d2,2026-08-24T11:50:21.014429+00:00,,86/2025-01-09.pdf
13,Kah Motor,Honda,2025-01-10,https://media.i-sgcm.com/public/new-cars/pricelist/13/2025-01-10.pdf,200,374042,caa778483178144d573ea636bc059717f5ef7e0ca34e22d063228bb142f38da9,2026-08-24T11:50:26.434147+00:00,,13/2025-01-10.pdf
81,E-Auto,BYD,2025-01-10,https://media.i-sgcm.com/public/new-cars/pricelist/81/2025-01-10.pdf,200,251618,f5b763d5ed81e6ef923e0a0f2a6b34d5b80521a21ae3d45b11dea6d2305486bd,2026-08-24T11:50:31.722290+00:00,,81/2025-01-10.pdf
25,Cycle & Carriage Industries,Mercedes-Benz,2025-01-15,https://media.i-sgcm.com/public/new-cars/pricelist/25/2025-01-15.pdf,200,3999765,a8ed26746d32986d5e78f6ee662dc7bb42820afa36b4fd5461710021fc559681,2026-08-24T11:50:37.236871+00:00,,25/2025-01-15.pdf
4,Performance Motors,BMW,2025-01-23,https://media.i-sgcm.com/public/new-cars/pricelist/4/2025-01-23.pdf,200,96683,5111c164fa51422b69bbf72bcf8f6f53ebc0d457aac16644645b8994f8b19486,2026-08-24T11:50:42.555169+00:00,,4/2025-01-23.pdf
44,Borneo Motors,Toyota,2025-01-23,https://media.i-sgcm.com/public/new-cars/pricelist/44/2025-01-23.pdf,200,510734,aa6e61a01dea619d87e0a5f8604ff2f806e9f5e584e85d0637e21f0c339aaa97,2026-08-24T11:50:47.913653+00:00,,44/2025-01-23.pdf
81,E-Auto,BYD,2025-01-24,https://media.i-sgcm.com/public/new-cars/pricelist/81/2025-01-24.pdf,200,246270,c9b83211a760288383ee25f2f48713a42cab5de066437e530c21e3c87f2ff7f5,2026-08-24T11:50:53.194166+00:00,,81/2025-01-24.pdf
4,Performance Motors,BMW,2025-02-06,https://media.i-sgcm.com/public/new-cars/pricelist/4/2025-02-06.pdf,200,96334,589b254c5b54635848289ed8d683323c67204d41cf79e73f5e00433451265dc2,2026-08-24T11:50:58.533722+00:00,,4/2025-02-06.pdf
44,Borneo Motors,Toyota,2025-02-06,https://media.i-sgcm.com/public/new-cars/pricelist/44/2025-02-06.pdf,200,514392,dd9174a2e7065370af32116fae1418df3103f5f04b43b896f952062487a783b3,2026-08-24T11:51:03.905212+00:00,,44/2025-02-06.pdf
86,Tesla Singapore,Tesla,2025-02-06,https://media.i-sgcm.com/public/new-cars/pricelist/86/2025-02-06.pdf,200,1856909,dca5e075a7dc05bd6c447f27f50493f60ad28dd94adb4e68b1f3e36c5f59db9e,2026-08-24T11:51:09.378554+00:00,,86/2025-02-06.pdf
13,Kah Motor,Honda,2025-02-07,https://media.i-sgcm.com/public/new-cars/pricelist/13/2025-02-07.pdf,200,368817,a47fabeb12a81f6f48c02ce90ffc9a7b42c77742074723656f7da7e981d7954a,2026-08-24T11:51:14.780190+00:00,,13/2025-02-07.pdf
25,Cycle & Carriage Industries,Mercedes-Benz,2025-02-11,https://media.i-sgcm.com/public/new-cars/pricelist/25/2025-02-11.pdf,200,4177766,3fdea9631f7bf969c81c3193851e1f94e0c5c454eee5d1273dbb00dc40e67305,2026-08-24T11:51:20.298973+00:00,,25/2025-02-11.pdf
81,E-Auto,BYD,2025-02-11,https://media.i-sgcm.com/public/new-cars/pricelist/81/2025-02-11.pdf,200,238875,46a8287174abde9f32a70bfe062f0de93d04c7041e7745b1efb922c3619c6614,2026-08-24T11:51:25.608176+00:00,,81/2025-02-11.pdf
4,Performance Motors,BMW,2025-02-20,https://media.i-sgcm.com/public/new-cars/pricelist/4/2025-02-20.pdf,200,96701,482213abc0e2a27bcc034574aee8f2e87ec26f844e3b72aeb5d16d23599959f3,2026-08-24T11:51:30.865332+00:00,,4/2025-02-20.pdf
44,Borneo Motors,Toyota,2025-02-20,https://media.i-sgcm.com/public/new-cars/pricelist/44/2025-02-20.pdf,200,511730,f1b9fe18f111fb043f9c06cc400008e6c0e94bd8468db2067a7837c8e0bc0ca2,2026-08-24T11:51:36.202638+00:00,,44/2025-02-20.pdf
25,Cycle & Carriage Industries,Mercedes-Benz,2025-02-21,https://media.i-sgcm.com/public/new-cars/pricelist/25/2025-02-21.pdf,200,4129386,1b003d45aa9c3949446df6c6966ba45ab93f6a8637c39b5f0c0c8aaba56796e2,2026-08-24T11:51:41.732015+00:00,,25/2025-02-21.pdf
81,E-Auto,BYD,2025-02-21,https://media.i-sgcm.com/public/new-cars/pricelist/81/2025-02-21.pdf,200,232395,b3d57c2cfa531a33539304bea4b9e459f97c82927c533e44d276931fe984a526,2026-08-24T11:51:47.051068+00:00,,81/2025-02-21.pdf
13,Kah Motor,Honda,2025-02-24,https://media.i-sgcm.com/public/new-cars/pricelist/13/2025-02-24.pdf,200,347006,db3685e0d78127265f0f98d475c4a9bc0fa91465d6d1721a8db5ff9e423b2522,2026-08-24T11:51:52.363719+00:00,,13/2025-02-24.pdf
86,Tesla Singapore,Tesla,2025-02-25,https://media.i-sgcm.com/public/new-cars/pricelist/86/2025-02-25.pdf,200,3912191,73cd8cf441d46225d104d68b1889fbf88cd5cb812a2c9d3682225a1d6665c0f6,2026-08-24T11:51:57.899379+00:00,,86/2025-02-25.pdf
25,Cycle & Carriage Industries,Mercedes-Benz,2025-02-26,https://media.i-sgcm.com/public/new-cars/pricelist/25/2025-02-26.pdf,200,4289645,62e23eeb576d839ff3fe6bd76a33c228641660f4fbfcd88ffc0123c256bfd9e3,2026-08-24T11:52:03.481561+00:00,,25/2025-02-26.pdf
25,Cycle & Carriage Industries,Mercedes-Benz,2025-02-27,https://media.i-sgcm.com/public/new-cars/pricelist/25/2025-02-27.pdf,200,4095181,9335e07dddf88f1187bd797e305c9639b8ab3df8e09aa11430de85664c76cb39,2026-08-24T11:52:08.989486+00:00,,25/2025-02-27.pdf
4,Performance Motors,BMW,2025-03-06,https://media.i-sgcm.com/public/new-cars/pricelist/4/2025-03-06.pdf,200,96552,9cae91d3cfe1fbbb0af525f64a4a536e089727c0d386f7c902e762016957b4e9,2026-08-24T11:52:14.249376+00:00,,4/2025-03-06.pdf
44,Borneo Motors,Toyota,2025-03-06,https://media.i-sgcm.com/public/new-cars/pricelist/44/2025-03-06.pdf,200,512876,dfcef7773b6c0fa47274248ff8fd1e719dbf769c13543290e9d19008b2682a67,2026-08-24T11:52:19.624799+00:00,,44/2025-03-06.pdf
86,Tesla Singapore,Tesla,2025-03-06,https://media.i-sgcm.com/public/new-cars/pricelist/86/2025-03-06.pdf,200,1791169,262de7c7c3264e787f3e6d430908400ce9e375bcbd128d09d02b4b8813d0a1f8,2026-08-24T11:52:25.120599+00:00,,86/2025-03-06.pdf
13,Kah Motor,Honda,2025-03-07,https://media.i-sgcm.com/public/new-cars/pricelist/13/2025-03-07.pdf,200,349302,9a48a332ffb4f307f47e3f659c210e1cbfa753507cc182f41f9152f84640ac2f,2026-08-24T11:52:30.497800+00:00,,13/2025-03-07.pdf
81,E-Auto,BYD,2025-03-07,https://media.i-sgcm.com/public/new-cars/pricelist/81/2025-03-07.pdf,200,226724,bfcf1dd4a51fcc7c8ec05203c0afbcbaac000c1cbf49c8e4d03fe53d475c77ac,2026-08-24T11:52:35.787846+00:00,,81/2025-03-07.pdf
25,Cycle & Carriage Industries,Mercedes-Benz,2025-03-11,https://media.i-sgcm.com/public/new-cars/pricelist/25/2025-03-11.pdf,200,3985931,07ec6ba8a91e6844aa5d92ab9a4d2df61430897f21748e5c5b9212309e64483c,2026-08-24T11:52:41.431551+00:00,,25/2025-03-11.pdf
4,Performance Motors,BMW,2025-03-19,https://media.i-sgcm.com/public/new-cars/pricelist/4/2025-03-19.pdf,200,96556,aa1df36721eca45ab309a7ca9659036f774ed0a85ebae8381414c97aaaf5f1cc,2026-08-24T11:52:46.714434+00:00,,4/2025-03-19.pdf
25,Cycle & Carriage Industries,Mercedes-Benz,2025-03-20,https://media.i-sgcm.com/public/new-cars/pricelist/25/2025-03-20.pdf,200,4079340,7bfdf99abac59612d99be8eb4e4e515baf199e1fdf1aa148cea2c341286f1648,2026-08-24T11:52:52.341176+00:00,,25/2025-03-20.pdf
44,Borneo Motors,Toyota,2025-03-20,https://media.i-sgcm.com/public/new-cars/pricelist/44/2025-03-20.pdf,200,517619,bd6a1530371146138fad23c0df181365d4c306b50d19036ed393be1cf8ad5e7e,2026-08-24T11:52:57.744096+00:00,,44/2025-03-20.pdf
81,E-Auto,BYD,2025-03-21,https://media.i-sgcm.com/public/new-cars/pricelist/81/2025-03-21.pdf,200,224243,2e5037e960e374d54f291f36509e196ec782de548fda0b058f1f5a3ffa85da85,2026-08-24T11:53:03.054587+00:00,,81/2025-03-21.pdf
13,Kah Motor,Honda,2025-03-23,https://media.i-sgcm.com/public/new-cars/pricelist/13/2025-03-23.pdf,200,353872,7e709c06a48f7b16abd4171fedcda537c672b3eb999c6b44db306ac3a68f3cd5,2026-08-24T11:53:08.524921+00:00,,13/2025-03-23.pdf
86,Tesla Singapore,Tesla,2025-03-28,https://media.i-sgcm.com/public/new-cars/pricelist/86/2025-03-28.pdf,200,1091209,9bef56462d1ff2afe034467aee8aabace629edb8cc18e8f1eeb4a1f0b943eb41,2026-08-24T11:53:13.896559+00:00,,86/2025-03-28.pdf
13,Kah Motor,Honda,2025-04-04,https://media.i-sgcm.com/public/new-cars/pricelist/13/2025-04-04.pdf,200,344009,6810017d8a7648d00f7de31cac89d14cdc75271b1b9183823560b2ec53d5e989,2026-08-24T11:53:19.234114+00:00,,13/2025-04-04.pdf
4,Performance Motors,BMW,2025-04-10,https://media.i-sgcm.com/public/new-cars/pricelist/4/2025-04-10.pdf,200,95843,9c8d9abfcca5883c541e8f7819705a95a68f51ef17f187624e21568eba708c5c,2026-08-24T11:53:24.533399+00:00,,4/2025-04-10.pdf
13,Kah Motor,Honda,2025-04-10,https://media.i-sgcm.com/public/new-cars/pricelist/13/2025-04-10.pdf,200,344147,5f16a955477f4c6064f63517cc4f150bfe55c2daf7f8989cce757c1180c51f93,2026-08-24T11:53:29.863509+00:00,,13/2025-04-10.pdf
25,Cycle & Carriage Industries,Mercedes-Benz,2025-04-10,https://media.i-sgcm.com/public/new-cars/pricelist/25/2025-04-10.pdf,200,3833875,e50fb929b4ac8e288a6a497c39d7dc9b74e213421e2db4895fd35286cc7cf768,2026-08-24T11:53:35.428503+00:00,,25/2025-04-10.pdf
44,Borneo Motors,Toyota,2025-04-10,https://media.i-sgcm.com/public/new-cars/pricelist/44/2025-04-10.pdf,200,514363,f5c427d97d5b43ed2f9141fd72ac3f307fa6dc2111763d7cc3af86b6a933cc46,2026-08-24T11:53:40.867343+00:00,,44/2025-04-10.pdf
81,E-Auto,BYD,2025-04-10,https://media.i-sgcm.com/public/new-cars/pricelist/81/2025-04-10.pdf,200,236004,7071ab67ec3a28d0b2d6b221c8d557a528e48e2a73b87ac39527d50e09790269,2026-08-24T11:53:46.177575+00:00,,81/2025-04-10.pdf
4,Performance Motors,BMW,2025-04-24,https://media.i-sgcm.com/public/new-cars/pricelist/4/2025-04-24.pdf,200,96355,0dc7335adc424e0013b8109a1a0444ff1271048f15ed0fd6bb094cd341dd3330,2026-08-24T11:53:51.475744+00:00,,4/2025-04-24.pdf
25,Cycle & Carriage Industries,Mercedes-Benz,2025-04-24,https://media.i-sgcm.com/public/new-cars/pricelist/25/2025-04-24.pdf,200,3817574,f7f15ebb1bbc1e8e60bb75a8fffb8aed34d5e460aa7f52862a297825392f0cb4,2026-08-24T11:53:57.098368+00:00,,25/2025-04-24.pdf
44,Borneo Motors,Toyota,2025-04-24,https://media.i-sgcm.com/public/new-cars/pricelist/44/2025-04-24.pdf,200,514157,40ba31893d890daf8f4957b59fe6c297bac4db0bef221ddc9c8d843a2fe0963c,2026-08-24T11:54:02.471283+00:00,,44/2025-04-24.pdf
13,Kah Motor,Honda,2025-04-25,https://media.i-sgcm.com/public/new-cars/pricelist/13/2025-04-25.pdf,200,341356,7f016d666043b4e2b16bb156aae6262bcfb996d741c2ba03983f93a88632a3f6,2026-08-24T11:54:07.867805+00:00,,13/2025-04-25.pdf
81,E-Auto,BYD,2025-04-25,https://media.i-sgcm.com/public/new-cars/pricelist/81/2025-04-25.pdf,200,237935,bd3193a4dedecf3be9532fa1db5708702250e3864a1fe9002040ab4e2c013010,2026-08-24T11:54:13.158266+00:00,,81/2025-04-25.pdf
86,Tesla Singapore,Tesla,2025-04-28,https://media.i-sgcm.com/public/new-cars/pricelist/86/2025-04-28.pdf,200,2758215,0239c1ce682f6fbe7a6621e0f58a2c00351ed63c5467393d97b5c7ba36c513b2,2026-08-24T11:54:18.603022+00:00,,86/2025-04-28.pdf
4,Performance Motors,BMW,2025-05-02,https://media.i-sgcm.com/public/new-cars/pricelist/4/2025-05-02.pdf,200,96415,143d80e0a7086ee8763c63a7b98194bb131d3f0fb7a8b439c99fa519a3aade6b,2026-08-24T11:54:23.872538+00:00,,4/2025-05-02.pdf
4,Performance Motors,BMW,2025-05-08,https://media.i-sgcm.com/public/new-cars/pricelist/4/2025-05-08.pdf,200,96443,8e950861631ae5b88a249ba403321aadeb6aba4818924e7c3fee6bfe089c9ab6,2026-08-24T11:54:29.204623+00:00,,4/2025-05-08.pdf
44,Borneo Motors,Toyota,2025-05-08,https://media.i-sgcm.com/public/new-cars/pricelist/44/2025-05-08.pdf,200,1258448,43b6fbebdf4ca3104c3f5c1b74a003cac021bde5dd28a6eae0dfbff7f5906089,2026-08-24T11:54:34.626448+00:00,,44/2025-05-08.pdf
13,Kah Motor,Honda,2025-05-09,https://media.i-sgcm.com/public/new-cars/pricelist/13/2025-05-09.pdf,200,343231,3aa2276da6c9ec241b9aed17616f8fb452be70fc3ff788a5c5cd417dd8734043,2026-08-24T11:54:39.963815+00:00,,13/2025-05-09.pdf
25,Cycle & Carriage Industries,Mercedes-Benz,2025-05-09,https://media.i-sgcm.com/public/new-cars/pricelist/25/2025-05-09.pdf,200,3828193,054eaafbdea7c2df68591b86ff99c908653cf25b4a11b84ed025590ae81073e4,2026-08-24T11:54:45.575207+00:00,,25/2025-05-09.pdf
81,E-Auto,BYD,2025-05-09,https://media.i-sgcm.com/public/new-cars/pricelist/81/2025-05-09.pdf,200,1061681,629e414722452c88769cb1f3efac35e1b97de6b72547ef8d49210cdb48a62d22,2026-08-24T11:54:50.989430+00:00,,81/2025-05-09.pdf
86,Tesla Singapore,Tesla,2025-05-15,https://media.i-sgcm.com/public/new-cars/pricelist/86/2025-05-15.pdf,200,1082985,b82965a56b5b96c065d334290b61f4fec9a3312b9b5e7d41a8493e8317abcfed,2026-08-24T11:54:56.401584+00:00,,86/2025-05-15.pdf
4,Performance Motors,BMW,2025-05-22,https://media.i-sgcm.com/public/new-cars/pricelist/4/2025-05-22.pdf,200,96409,28bb74576c7cf091476b3bec1b7bdcf28131c7b92931af470f5202bb5816ba4c,2026-08-24T11:55:01.737778+00:00,,4/2025-05-22.pdf
13,Kah Motor,Honda,2025-05-22,https://media.i-sgcm.com/public/new-cars/pricelist/13/2025-05-22.pdf,200,342304,ca423bbc8311f1d467a81cbe814a9a72b520dfae62101eb89ee9e653e7abbacf,2026-08-24T11:55:07.071846+00:00,,13/2025-05-22.pdf
44,Borneo Motors,Toyota,2025-05-22,https://media.i-sgcm.com/public/new-cars/pricelist/44/2025-05-22.pdf,200,513832,7450f3e488ada312ce8fa846a42170a20f70dd81042c46eb3d8447e34a9b40d5,2026-08-24T11:55:12.441086+00:00,,44/2025-05-22.pdf
25,Cycle & Carriage Industries,Mercedes-Benz,2025-05-23,https://media.i-sgcm.com/public/new-cars/pricelist/25/2025-05-23.pdf,200,3666695,099225495f67cacce29b429d266c0333b68ed222691007998377801b591fee62,2026-08-24T11:55:17.902296+00:00,,25/2025-05-23.pdf
81,E-Auto,BYD,2025-05-23,https://media.i-sgcm.com/public/new-cars/pricelist/81/2025-05-23.pdf,200,228710,1d2d4aa1b3a3f1604e1b8eff5d138ce73ec4483e8d6e5817199572f59f6ddb34,2026-08-24T11:55:23.204366+00:00,,81/2025-05-23.pdf
86,Tesla Singapore,Tesla,2025-05-23,https://media.i-sgcm.com/public/new-cars/pricelist/86/2025-05-23.pdf,200,1082979,915acb3729e613c5e0f3ec51b94c02511c07a5ee35c00e5c1a2b207459bb1be7,2026-08-24T11:55:28.689693+00:00,,86/2025-05-23.pdf
4,Performance Motors,BMW,2025-06-04,https://media.i-sgcm.com/public/new-cars/pricelist/4/2025-06-04.pdf,200,96924,f0829bdc676104ec7edec3d4845c5630873113876eb5df002a67dd9b7d97d0c3,2026-08-24T11:55:33.953435+00:00,,4/2025-06-04.pdf
44,Borneo Motors,Toyota,2025-06-05,https://media.i-sgcm.com/public/new-cars/pricelist/44/2025-06-05.pdf,200,513708,f5316a8dad97adb416eff2531da0db4cd4b72a194d3d5db65a0ad7a00377b59b,2026-08-24T11:55:39.312406+00:00,,44/2025-06-05.pdf
86,Tesla Singapore,Tesla,2025-06-05,https://media.i-sgcm.com/public/new-cars/pricelist/86/2025-06-05.pdf,200,1082926,ebbbbce5bd07caf80d962a5e84fa941aeca6bbf1ed6ecb582999d35c12637f5e,2026-08-24T11:55:44.813859+00:00,,86/2025-06-05.pdf
13,Kah Motor,Honda,2025-06-06,https://media.i-sgcm.com/public/new-cars/pricelist/13/2025-06-06.pdf,200,348442,085b48de1ba461975dbfb1dcff65495890ce93f2cb1967cf26c320cc95a1e810,2026-08-24T11:55:50.180930+00:00,,13/2025-06-06.pdf
25,Cycle & Carriage Industries,Mercedes-Benz,2025-06-06,https://media.i-sgcm.com/public/new-cars/pricelist/25/2025-06-06.pdf,200,622896,abf47dcb5019f0608fb0fd519e7ae983461f3efb163d172b76ab1b8da4c4b3aa,2026-08-24T11:55:55.567628+00:00,,25/2025-06-06.pdf
81,E-Auto,BYD,2025-06-06,https://media.i-sgcm.com/public/new-cars/pricelist/81/2025-06-06.pdf,200,228178,335824d2720b4da3629e3fe05843f9cd75cb59dce7d763c0ac28cedcb3100ff5,2026-08-24T11:56:00.853414+00:00,,81/2025-06-06.pdf
4,Performance Motors,BMW,2025-06-19,https://media.i-sgcm.com/public/new-cars/pricelist/4/2025-06-19.pdf,200,97239,bd167ba7406f8970a4e7213de09c071e8c51498eb1692a9d53d4fa1a6ef3529a,2026-08-24T11:56:06.145716+00:00,,4/2025-06-19.pdf
44,Borneo Motors,Toyota,2025-06-19,https://media.i-sgcm.com/public/new-cars/pricelist/44/2025-06-19.pdf,200,509553,0d2ab987e944cbe663f55b4c3515d468e070ee760a5808dc2451d3a0cfe6772d,2026-08-24T11:56:11.586640+00:00,,44/2025-06-19.pdf
25,Cycle & Carriage Industries,Mercedes-Benz,2025-06-20,https://media.i-sgcm.com/public/new-cars/pricelist/25/2025-06-20.pdf,200,3954454,a828abaf60a1778ea9f4dc51b9b3dead1ba2d4fdfb33bdf7a152080fa29bc8a2,2026-08-24T11:56:17.094285+00:00,,25/2025-06-20.pdf
13,Kah Motor,Honda,2025-06-23,https://media.i-sgcm.com/public/new-cars/pricelist/13/2025-06-23.pdf,200,362326,13ebf33f969433bf6306846ac8a8c1ec691bf22296aca895dcdef626fe19d392,2026-08-24T11:56:22.433395+00:00,,13/2025-06-23.pdf
81,E-Auto,BYD,2025-06-23,https://media.i-sgcm.com/public/new-cars/pricelist/81/2025-06-23.pdf,200,230116,89a75d2e377a4f565c81d705ae7ad62bacffa8d3c0311a9b0d202e582e1b5249,2026-08-24T11:56:27.782663+00:00,,81/2025-06-23.pdf
86,Tesla Singapore,Tesla,2025-06-23,https://media.i-sgcm.com/public/new-cars/pricelist/86/2025-06-23.pdf,200,1082963,e768396232c8b92da7ce9ea93cba344c578faa39d29f2333f45b17c6b3cff5bb,2026-08-24T11:56:33.200664+00:00,,86/2025-06-23.pdf
4,Performance Motors,BMW,2025-07-10,https://media.i-sgcm.com/public/new-cars/pricelist/4/2025-07-10.pdf,200,97313,d0f506689d56a0ac637bb66c392c7a90abe56ebd50cf5d5335d4c1d536c6da32,2026-08-24T11:56:38.491445+00:00,,4/2025-07-10.pdf
25,Cycle & Carriage Industries,Mercedes-Benz,2025-07-10,https://media.i-sgcm.com/public/new-cars/pricelist/25/2025-07-10.pdf,200,4170497,a2097e8a48f792d18b8d057c5e2c7f45a4c087473d81aaf0a60944141eef49ef,2026-08-24T11:56:44.007928+00:00,,25/2025-07-10.pdf
86,Tesla Singapore,Tesla,2025-07-10,https://media.i-sgcm.com/public/new-cars/pricelist/86/2025-07-10.pdf,200,1082912,7e67128f61723d684ae24fe460ddb15a4da778c372d6bcfb664d8b35cb086318,2026-08-24T11:56:49.404642+00:00,,86/2025-07-10.pdf
13,Kah Motor,Honda,2025-07-11,https://media.i-sgcm.com/public/new-cars/pricelist/13/2025-07-11.pdf,200,354375,354a847b8cdd510ad8a30c9092de5a3420aec5d3219cc7796ef4f38ff3d59aac,2026-08-24T11:56:54.786087+00:00,,13/2025-07-11.pdf
44,Borneo Motors,Toyota,2025-07-11,https://media.i-sgcm.com/public/new-cars/pricelist/44/2025-07-11.pdf,200,512710,f05c9ce37a73834c8694a61c6ec9cf0e78ced548fcd457f56bc7b695d19bfec7,2026-08-24T11:57:00.152640+00:00,,44/2025-07-11.pdf
81,E-Auto,BYD,2025-07-11,https://media.i-sgcm.com/public/new-cars/pricelist/81/2025-07-11.pdf,200,223622,d95a477377eae8476044d6e0331e211654224a7bebb5b8a285e8050354950247,2026-08-24T11:57:05.532782+00:00,,81/2025-07-11.pdf
44,Borneo Motors,Toyota,2025-07-14,https://media.i-sgcm.com/public/new-cars/pricelist/44/2025-07-14.pdf,200,589781,a1c7a2927ffdde32afc01e5838a31c02b1d021e00c56bddcadefa03449dc1816,2026-08-24T11:57:10.883470+00:00,,44/2025-07-14.pdf
13,Kah Motor,Honda,2025-07-15,https://media.i-sgcm.com/public/new-cars/pricelist/13/2025-07-15.pdf,200,354343,6392b08ce44b82a5b55d2e9247db9250e2cd45e6bbf09a39f0ae25107e2a3e7a,2026-08-24T11:57:16.219259+00:00,,13/2025-07-15.pdf
4,Performance Motors,BMW,2025-07-24,https://media.i-sgcm.com/public/new-cars/pricelist/4/2025-07-24.pdf,200,96488,2a7af315981771da73a0fc2d281d7012826d49a36c944208ced6dbdbd0bdee37,2026-08-24T11:57:21.507199+00:00,,4/2025-07-24.pdf
25,Cycle & Carriage Industries,Mercedes-Benz,2025-07-24,https://media.i-sgcm.com/public/new-cars/pricelist/25/2025-07-24.pdf,200,4064401,2033fa104297373392a5b111e202185ec438ef534a11e2c841c88593ef32f0b6,2026-08-24T11:57:27.057812+00:00,,25/2025-07-24.pdf
44,Borneo Motors,Toyota,2025-07-24,https://media.i-sgcm.com/public/new-cars/pricelist/44/2025-07-24.pdf,200,1273204,ced58940e0d13d406131138e8433f7a4a19dc1778acb529003419b5e729259d8,2026-08-24T11:57:32.506175+00:00,,44/2025-07-24.pdf
13,Kah Motor,Honda,2025-07-25,https://media.i-sgcm.com/public/new-cars/pricelist/13/2025-07-25.pdf,200,355977,f93c6ff3da5ccb460638a3208caa8ba98faf9f09227e63678022f9e15034553e,2026-08-24T11:57:37.916180+00:00,,13/2025-07-25.pdf
86,Tesla Singapore,Tesla,2025-07-25,https://media.i-sgcm.com/public/new-cars/pricelist/86/2025-07-25.pdf,200,1082925,7f9822ee08958faef668c5ee30cade40b1f288028040f91b1700e6320fa70dd5,2026-08-24T11:57:43.374636+00:00,,86/2025-07-25.pdf
44,Borneo Motors,Toyota,2025-07-28,https://media.i-sgcm.com/public/new-cars/pricelist/44/2025-07-28.pdf,200,1225852,585371ff32aa68f319e861204e1a94ab4ee249827548dde90bb6ac75c9853f0a,2026-08-24T11:57:48.887940+00:00,,44/2025-07-28.pdf
81,E-Auto,BYD,2025-07-28,https://media.i-sgcm.com/public/new-cars/pricelist/81/2025-07-28.pdf,200,229643,90fda964ace3add7c41d05e8b6bc73e7de8d457d5541da49d5cec893967c62a6,2026-08-24T11:57:54.223657+00:00,,81/2025-07-28.pdf
25,Cycle & Carriage Industries,Mercedes-Benz,2025-08-01,https://media.i-sgcm.com/public/new-cars/pricelist/25/2025-08-01.pdf,200,4189833,1a63f61ce5043fee12e2f6895732f5e27ec5815989ce9d1ca22582192f4543b2,2026-08-24T11:57:59.744326+00:00,,25/2025-08-01.pdf
4,Performance Motors,BMW,2025-08-07,https://media.i-sgcm.com/public/new-cars/pricelist/4/2025-08-07.pdf,200,96033,601d7d5e564fb65e72ea672badaa4bc67957eb32733d9033ca6f40b2fb7cb89e,2026-08-24T11:58:05.074151+00:00,,4/2025-08-07.pdf
25,Cycle & Carriage Industries,Mercedes-Benz,2025-08-07,https://media.i-sgcm.com/public/new-cars/pricelist/25/2025-08-07.pdf,200,3904433,28dd7f97e8f8ade3a2218b81490ede8b7fe81bdd600bddef292e074848a57e87,2026-08-24T11:58:10.676705+00:00,,25/2025-08-07.pdf
44,Borneo Motors,Toyota,2025-08-07,https://media.i-sgcm.com/public/new-cars/pricelist/44/2025-08-07.pdf,200,1268346,edfd8901004b932456a68eb40678a4e93d86ff1c1476a70ec725414d60a99f22,2026-08-24T11:58:16.097387+00:00,,44/2025-08-07.pdf
13,Kah Motor,Honda,2025-08-08,https://media.i-sgcm.com/public/new-cars/pricelist/13/2025-08-08.pdf,200,352168,a747ac2f5dc85487f97583733768d2affa717f6bc1a0de70b6329778e50747ca,2026-08-24T11:58:21.490677+00:00,,13/2025-08-08.pdf
81,E-Auto,BYD,2025-08-08,https://media.i-sgcm.com/public/new-cars/pricelist/81/2025-08-08.pdf,200,1577062,b11aa5dd27d46e17827f78a6c1d7ea099cb8cb6b44760aacf50be5278bdcda44,2026-08-24T11:58:27.021839+00:00,,81/2025-08-08.pdf
4,Performance Motors,BMW,2025-08-21,https://media.i-sgcm.com/public/new-cars/pricelist/4/2025-08-21.pdf,200,97197,c48ba701de95491ca0066901a44e0b6209b8034d0cebdfe25991607184c070a8,2026-08-24T11:58:32.350781+00:00,,4/2025-08-21.pdf
25,Cycle & Carriage Industries,Mercedes-Benz,2025-08-21,https://media.i-sgcm.com/public/new-cars/pricelist/25/2025-08-21.pdf,200,3862167,2216fed273946ff580de9d250b3b82ee339bf90b248ffb5cf1b8ade2f3069630,2026-08-24T11:58:37.915330+00:00,,25/2025-08-21.pdf
44,Borneo Motors,Toyota,2025-08-21,https://media.i-sgcm.com/public/new-cars/pricelist/44/2025-08-21.pdf,200,567191,25ee0688c2d588748cb3c08e5dd67c62176a050567df62a54ab21d3a64e0f18f,2026-08-24T11:58:43.330933+00:00,,44/2025-08-21.pdf
86,Tesla Singapore,Tesla,2025-08-21,https://media.i-sgcm.com/public/new-cars/pricelist/86/2025-08-21.pdf,200,1082941,67f2d10c06d9f44b40cf8a709437e1ebb64c44c4c632f3a1594d31a7f27a1c71,2026-08-24T11:58:48.748051+00:00,,86/2025-08-21.pdf
13,Kah Motor,Honda,2025-08-22,https://media.i-sgcm.com/public/new-cars/pricelist/13/2025-08-22.pdf,200,384386,8caf26b576ab8a772667f872433fb0e51cc50a4bed37969e8d6ba9a56f10091a,2026-08-24T11:58:54.086806+00:00,,13/2025-08-22.pdf
81,E-Auto,BYD,2025-08-22,https://media.i-sgcm.com/public/new-cars/pricelist/81/2025-08-22.pdf,200,1454150,4ea84856cebc111e98257e1b64032e05e23f411263edca809909fc7ee21d4e77,2026-08-24T11:58:59.513576+00:00,,81/2025-08-22.pdf
81,E-Auto,BYD,2025-08-29,https://media.i-sgcm.com/public/new-cars/pricelist/81/2025-08-29.pdf,200,1448575,54c729b4bc0389770d538346300a60b7fcb0b9fd61909ba09520f43b99b66f14,2026-08-24T11:59:04.953550+00:00,,81/2025-08-29.pdf
4,Performance Motors,BMW,2025-09-04,https://media.i-sgcm.com/public/new-cars/pricelist/4/2025-09-04.pdf,200,101989,55863188d97932ec0571a247e739534245d7afb197eeb0cfef61e1442a985757,2026-08-24T11:59:10.227935+00:00,,4/2025-09-04.pdf
25,Cycle & Carriage Industries,Mercedes-Benz,2025-09-04,https://media.i-sgcm.com/public/new-cars/pricelist/25/2025-09-04.pdf,200,3908457,4e2d603cf0b9524579cf8c41952d3054204739e30c08620bb9bc17a9a6052d1e,2026-08-24T11:59:15.745858+00:00,,25/2025-09-04.pdf
44,Borneo Motors,Toyota,2025-09-04,https://media.i-sgcm.com/public/new-cars/pricelist/44/2025-09-04.pdf,200,596671,8d8c6d99f3796f978e459928cb14c4999f56b8295d90de79965a4d963ea0fb76,2026-08-24T11:59:21.126213+00:00,,44/2025-09-04.pdf
81,E-Auto,BYD,2025-09-04,https://media.i-sgcm.com/public/new-cars/pricelist/81/2025-09-04.pdf,200,1647038,32a9411ae04aadd1e9fc43f3b994c9856333aa63f0f9abb1650aefadce0dc8f5,2026-08-24T11:59:26.554073+00:00,,81/2025-09-04.pdf
13,Kah Motor,Honda,2025-09-05,https://media.i-sgcm.com/public/new-cars/pricelist/13/2025-09-05.pdf,200,382302,f6ab1b8a26e0b24df9161aad974eb7c9e6d5740957000050cfa035191738a41a,2026-08-24T11:59:31.948419+00:00,,13/2025-09-05.pdf
44,Borneo Motors,Toyota,2025-09-08,https://media.i-sgcm.com/public/new-cars/pricelist/44/2025-09-08.pdf,200,601120,2160f07ebd3b39349c52779be366504eeaebca09455b9ea1aaad7884385cf8e8,2026-08-24T11:59:37.332957+00:00,,44/2025-09-08.pdf
86,Tesla Singapore,Tesla,2025-09-08,https://media.i-sgcm.com/public/new-cars/pricelist/86/2025-09-08.pdf,200,898513,7149d73dc6660667e2004120574b3f246a7e0bc52f97e75179926c288867c6bc,2026-08-24T11:59:42.807593+00:00,,86/2025-09-08.pdf
4,Performance Motors,BMW,2025-09-18,https://media.i-sgcm.com/public/new-cars/pricelist/4/2025-09-18.pdf,200,101758,899ee3b04196e2571002de75df1d27c0bf376e70467dca020a994d3505603156,2026-08-24T11:59:48.096697+00:00,,4/2025-09-18.pdf
25,Cycle & Carriage Industries,Mercedes-Benz,2025-09-18,https://media.i-sgcm.com/public/new-cars/pricelist/25/2025-09-18.pdf,200,3878315,31a2ba32487b7241f11effd421e6082a5e00a87fbcbdfa6fc474f7637d1e7cba,2026-08-24T11:59:53.618847+00:00,,25/2025-09-18.pdf
44,Borneo Motors,Toyota,2025-09-18,https://media.i-sgcm.com/public/new-cars/pricelist/44/2025-09-18.pdf,200,601940,f8ee6edf7346b60a1dad8d3151b7cc5878e41ae117cbd04314436d5031bcc773,2026-08-24T11:59:59.035982+00:00,,44/2025-09-18.pdf
13,Kah Motor,Honda,2025-09-19,https://media.i-sgcm.com/public/new-cars/pricelist/13/2025-09-19.pdf,200,363026,3763f75313305cf35648344e99829cd0c89a0d70938720abe84be262db54a62a,2026-08-24T12:00:04.401081+00:00,,13/2025-09-19.pdf
81,E-Auto,BYD,2025-09-23,https://media.i-sgcm.com/public/new-cars/pricelist/81/2025-09-23.pdf,200,1447772,101e079c240d105814dacf675bf410c75fcd8aa56a926fc46d6ac1c17d68f9e1,2026-08-24T12:00:09.861284+00:00,,81/2025-09-23.pdf
81,E-Auto,BYD,2025-09-29,https://media.i-sgcm.com/public/new-cars/pricelist/81/2025-09-29.pdf,200,1363606,44084fe866658a8b356234f4c42711b37f3bbfdeafe4afc54972683f9504724a,2026-08-24T12:00:15.264077+00:00,,81/2025-09-29.pdf
25,Cycle & Carriage Industries,Mercedes-Benz,2025-09-30,https://media.i-sgcm.com/public/new-cars/pricelist/25/2025-09-30.pdf,200,3907018,d7cda57821a8eef28589413ef43cde666fb498754df96a6cdfb23541bc7c7345,2026-08-24T12:00:20.884709+00:00,,25/2025-09-30.pdf
81,E-Auto,BYD,2025-10-02,https://media.i-sgcm.com/public/new-cars/pricelist/81/2025-10-02.pdf,200,1363514,9685782aa5f530e6cf49ade8d145e55146fe5b38ac030bb40a3ed7c4471ac5c0,2026-08-24T12:00:26.411348+00:00,,81/2025-10-02.pdf
4,Performance Motors,BMW,2025-10-09,https://media.i-sgcm.com/public/new-cars/pricelist/4/2025-10-09.pdf,200,101774,0cf076e9b976c7f5b7ff8cbb33cfa7e3be3c520a6024bae401dc32cdb8e6ba2f,2026-08-24T12:00:31.736870+00:00,,4/2025-10-09.pdf
25,Cycle & Carriage Industries,Mercedes-Benz,2025-10-09,https://media.i-sgcm.com/public/new-cars/pricelist/25/2025-10-09.pdf,200,4103284,1bf98c3e09ba412eb4b548b903f93f7bd8ec41f89fa4a6b244393940db35be81,2026-08-24T12:00:37.441128+00:00,,25/2025-10-09.pdf
44,Borneo Motors,Toyota,2025-10-09,https://media.i-sgcm.com/public/new-cars/pricelist/44/2025-10-09.pdf,200,593027,a459aca98fc3f09745388b10c743e905e0760707c0c17f536b38e47d6151be95,2026-08-24T12:00:42.839252+00:00,,44/2025-10-09.pdf
81,E-Auto,BYD,2025-10-09,https://media.i-sgcm.com/public/new-cars/pricelist/81/2025-10-09.pdf,200,1604418,39753a641bb76a0a473e14964029eb81927aba4188d605931f9abd93d7c154f3,2026-08-24T12:00:48.258604+00:00,,81/2025-10-09.pdf
13,Kah Motor,Honda,2025-10-10,https://media.i-sgcm.com/public/new-cars/pricelist/13/2025-10-10.pdf,200,376981,f9628a370727bca47d5cd5e3bc02ba88914ea76a77d249ecdb2946df6f19608f,2026-08-24T12:00:53.593290+00:00,,13/2025-10-10.pdf
4,Performance Motors,BMW,2025-10-24,https://media.i-sgcm.com/public/new-cars/pricelist/4/2025-10-24.pdf,200,101733,4482f4c1fdfc61f524902ffb6b39911c3012afc2dd3e842ca8376ed5fd756942,2026-08-24T12:00:58.879657+00:00,,4/2025-10-24.pdf
25,Cycle & Carriage Industries,Mercedes-Benz,2025-10-24,https://media.i-sgcm.com/public/new-cars/pricelist/25/2025-10-24.pdf,200,3748607,05b525e012e6bfc537063675c8ef1254eb89d95d2f47f1761f6219c754c0b91b,2026-08-24T12:01:04.475934+00:00,,25/2025-10-24.pdf
44,Borneo Motors,Toyota,2025-10-24,https://media.i-sgcm.com/public/new-cars/pricelist/44/2025-10-24.pdf,200,573604,f0571abd32684efd93a95105aeffddea0afbdbf4f442ca04c52fa2ce180fd734,2026-08-24T12:01:09.878522+00:00,,44/2025-10-24.pdf
81,E-Auto,BYD,2025-10-24,https://media.i-sgcm.com/public/new-cars/pricelist/81/2025-10-24.pdf,200,1592977,63da7edcac4b68674639ccaf0e4c94afa6062675b1ff514d504345a86e56b391,2026-08-24T12:01:15.299443+00:00,,81/2025-10-24.pdf
13,Kah Motor,Honda,2025-10-27,https://media.i-sgcm.com/public/new-cars/pricelist/13/2025-10-27.pdf,200,378820,26ebb51e9b1a5d956ad2521178149ad6589de0341d585588a61a9051c3f01cd7,2026-08-24T12:01:20.665725+00:00,,13/2025-10-27.pdf
86,Tesla Singapore,Tesla,2025-10-27,https://media.i-sgcm.com/public/new-cars/pricelist/86/2025-10-27.pdf,200,1841913,8503dd36b00850a41fa694c2c74a1a6b38cac0442ee7f5dfcab6011715b3088d,2026-08-24T12:01:26.191852+00:00,,86/2025-10-27.pdf
13,Kah Motor,Honda,2025-10-31,https://media.i-sgcm.com/public/new-cars/pricelist/13/2025-10-31.pdf,200,376985,5e5cac1e9da83f0206bfc7890cf4af0d4ab46d80ed023601bbaba4f99f497f47,2026-08-24T12:01:31.561238+00:00,,13/2025-10-31.pdf
4,Performance Motors,BMW,2025-11-06,https://media.i-sgcm.com/public/new-cars/pricelist/4/2025-11-06.pdf,200,101645,985ff8da8f86e89243ebc88ae10fdac45f83753936fb5059dddd07aca5a2f2cf,2026-08-24T12:01:36.871774+00:00,,4/2025-11-06.pdf
25,Cycle & Carriage Industries,Mercedes-Benz,2025-11-06,https://media.i-sgcm.com/public/new-cars/pricelist/25/2025-11-06.pdf,200,4198365,9cce226b25c29a1f4c626d0e951b62795ce5084e46c504bd2bc4bf760844264e,2026-08-24T12:01:42.394964+00:00,,25/2025-11-06.pdf
44,Borneo Motors,Toyota,2025-11-06,https://media.i-sgcm.com/public/new-cars/pricelist/44/2025-11-06.pdf,200,466053,c0ec9605dc8b528c9dc2571f1f09be46b489911f793384624401ff76cbaf7e57,2026-08-24T12:01:47.856847+00:00,,44/2025-11-06.pdf
44,Borneo Motors,Toyota,2025-11-07,https://media.i-sgcm.com/public/new-cars/pricelist/44/2025-11-07.pdf,200,461683,a1fec9152b5b08c1baf2b2af748bdf18c4750d0cad41da781e30bd838a4bfb44,2026-08-24T12:01:53.214605+00:00,,44/2025-11-07.pdf
81,E-Auto,BYD,2025-11-07,https://media.i-sgcm.com/public/new-cars/pricelist/81/2025-11-07.pdf,200,1622018,1c291d15af5c27f320343c21f09ba265759a31711686349477c4ffdabfc13a3f,2026-08-24T12:01:58.660286+00:00,,81/2025-11-07.pdf
13,Kah Motor,Honda,2025-11-10,https://media.i-sgcm.com/public/new-cars/pricelist/13/2025-11-10.pdf,200,376669,a56ad7ea37c557236395486a9fdc2cc241520e10a6a194c692b0950e60f4b8fa,2026-08-24T12:02:04.073605+00:00,,13/2025-11-10.pdf
86,Tesla Singapore,Tesla,2025-11-10,https://media.i-sgcm.com/public/new-cars/pricelist/86/2025-11-10.pdf,200,1842000,c5129366b72d0f24b80545262967ba71272703283c5f42805d5c20fda4d09234,2026-08-24T12:02:09.506229+00:00,,86/2025-11-10.pdf
25,Cycle & Carriage Industries,Mercedes-Benz,2025-11-11,https://media.i-sgcm.com/public/new-cars/pricelist/25/2025-11-11.pdf,200,4137946,685b384424bf0d37ceaa0b3c49e209b352468214d2669c326c5a5b8d473d475b,2026-08-24T12:02:15.048651+00:00,,25/2025-11-11.pdf
25,Cycle & Carriage Industries,Mercedes-Benz,2025-11-14,https://media.i-sgcm.com/public/new-cars/pricelist/25/2025-11-14.pdf,200,262630,4f4a298cfc7eada544884d91f9c0316927778bd134ed9b51590405573d8f7256,2026-08-24T12:02:20.381108+00:00,,25/2025-11-14.pdf
4,Performance Motors,BMW,2025-11-20,https://media.i-sgcm.com/public/new-cars/pricelist/4/2025-11-20.pdf,200,101640,50122ef20785d3c493434bedab9997499665bfe13ab0f2825bc32662d33b065d,2026-08-24T12:02:25.710858+00:00,,4/2025-11-20.pdf
44,Borneo Motors,Toyota,2025-11-20,https://media.i-sgcm.com/public/new-cars/pricelist/44/2025-11-20.pdf,200,472780,52709c8595cdf8b001e91af2f7b26368de70e5ebfffdea27fefcf60413f5b8cc,2026-08-24T12:02:31.060183+00:00,,44/2025-11-20.pdf
81,E-Auto,BYD,2025-11-21,https://media.i-sgcm.com/public/new-cars/pricelist/81/2025-11-21.pdf,200,1656666,f196ed9a1e7a317375bf19401c9ba2fe5b3fa69821d08649beddcce9aec7379d,2026-08-24T12:02:36.554758+00:00,,81/2025-11-21.pdf
25,Cycle & Carriage Industries,Mercedes-Benz,2025-11-25,https://media.i-sgcm.com/public/new-cars/pricelist/25/2025-11-25.pdf,200,262528,7e8910f8ba6fdef50489b1d2e51358ab5904d815c3dc711e2a70c34ed3515ff3,2026-08-24T12:02:41.913152+00:00,,25/2025-11-25.pdf
13,Kah Motor,Honda,2025-12-01,https://media.i-sgcm.com/public/new-cars/pricelist/13/2025-12-01.pdf,200,2249389,288e07af63a420e86f9fa9603a3a118f7a5e48d55963c7ab73997af1cd6a1625,2026-08-24T12:02:47.452461+00:00,,13/2025-12-01.pdf
4,Performance Motors,BMW,2025-12-04,https://media.i-sgcm.com/public/new-cars/pricelist/4/2025-12-04.pdf,200,96644,4c366ef3a4a9192e0b330ba88c64da68d14d0e1c4f52ad5c1d873076a1528eb1,2026-08-24T12:02:52.735511+00:00,,4/2025-12-04.pdf
44,Borneo Motors,Toyota,2025-12-04,https://media.i-sgcm.com/public/new-cars/pricelist/44/2025-12-04.pdf,200,3104736,a9dc200b20e4b907e72e5de2a419fc86a01e7921af792eeabdc25afaaedc17dc,2026-08-24T12:02:58.854464+00:00,,44/2025-12-04.pdf
13,Kah Motor,Honda,2025-12-05,https://media.i-sgcm.com/public/new-cars/pricelist/13/2025-12-05.pdf,200,406313,284c3f122b6837f8a5a68a566e0de283b3ded91578bc4b849232bfd7078fbd87,2026-08-24T12:03:04.244086+00:00,,13/2025-12-05.pdf
25,Cycle & Carriage Industries,Mercedes-Benz,2025-12-05,https://media.i-sgcm.com/public/new-cars/pricelist/25/2025-12-05.pdf,200,262565,3eafe15b022dd4a41e4811c1afdaf372c916b2f32fd4919b580c05c90397aa73,2026-08-24T12:03:09.636285+00:00,,25/2025-12-05.pdf
81,E-Auto,BYD,2025-12-05,https://media.i-sgcm.com/public/new-cars/pricelist/81/2025-12-05.pdf,200,1334885,940d08067dfa8794a4342e0424ce0a32765059348d53cd6ceda6dc8abdf331a6,2026-08-24T12:03:15.040939+00:00,,81/2025-12-05.pdf
86,Tesla Singapore,Tesla,2025-12-05,https://media.i-sgcm.com/public/new-cars/pricelist/86/2025-12-05.pdf,200,1846908,2dd0f3da1d3c686506b38844dcf46862acd633a7ac2703d6d1812aed3b6970f3,2026-08-24T12:03:20.496070+00:00,,86/2025-12-05.pdf
81,E-Auto,BYD,2025-12-08,https://media.i-sgcm.com/public/new-cars/pricelist/81/2025-12-08.pdf,200,1329739,076180eaeb259203cabdda17469a1e01f2cccca4cdc77d572ae92cccbce77f7b,2026-08-24T12:03:25.930628+00:00,,81/2025-12-08.pdf
25,Cycle & Carriage Industries,Mercedes-Benz,2025-12-12,https://media.i-sgcm.com/public/new-cars/pricelist/25/2025-12-12.pdf,200,262565,a0d187a07e434ab1f9634f64c13253f38d3db07fc4ca5f02a02662cf4cadec58,2026-08-24T12:03:31.240571+00:00,,25/2025-12-12.pdf
44,Borneo Motors,Toyota,2025-12-18,https://media.i-sgcm.com/public/new-cars/pricelist/44/2025-12-18.pdf,200,2345539,8a960dec7df8c6785c0cd4a85a3bc83662cda3988e5846f1c561c832d0ef46ad,2026-08-24T12:03:36.831816+00:00,,44/2025-12-18.pdf
86,Tesla Singapore,Tesla,2025-12-18,https://media.i-sgcm.com/public/new-cars/pricelist/86/2025-12-18.pdf,200,1846991,1e93478d9c4fc8a0c0e6c99db79708df34158fa0366af053838ab3b4d4b123d3,2026-08-24T12:03:42.267088+00:00,,86/2025-12-18.pdf
4,Performance Motors,BMW,2025-12-19,https://media.i-sgcm.com/public/new-cars/pricelist/4/2025-12-19.pdf,200,96694,2cbc7bbc7366a99049712071c7f6ac339cf946f3e000bd4486a06e2ea2d9b852,2026-08-24T12:03:47.579817+00:00,,4/2025-12-19.pdf
13,Kah Motor,Honda,2025-12-19,https://media.i-sgcm.com/public/new-cars/pricelist/13/2025-12-19.pdf,200,406734,1aab469ab34ed2fc24fdc3069ed685e4a2424dd0c78c59c34f11a194983959ac,2026-08-24T12:03:52.923326+00:00,,13/2025-12-19.pdf
25,Cycle & Carriage Industries,Mercedes-Benz,2025-12-19,https://media.i-sgcm.com/public/new-cars/pricelist/25/2025-12-19.pdf,200,259645,26153a4ae186dc2df61c0b81213eb490b71e54e06a7fce1645b7467b66ff2e3c,2026-08-24T12:03:58.310943+00:00,,25/2025-12-19.pdf
81,E-Auto,BYD,2025-12-19,https://media.i-sgcm.com/public/new-cars/pricelist/81/2025-12-19.pdf,200,1226908,568f701c5b61df3f9daa1867cea5e77fce5684697d09edfb02cf27ac4b7d01d2,2026-08-24T12:04:03.711478+00:00,,81/2025-12-19.pdf
81,E-Auto,BYD,2025-12-22,https://media.i-sgcm.com/public/new-cars/pricelist/81/2025-12-22.pdf,200,1278041,47fd872029e71fced71cca178b96e2764a8060770fc714e793935a33bdcf0a03,2026-08-24T12:04:09.184823+00:00,,81/2025-12-22.pdf
13,Kah Motor,Honda,2026-01-02,https://media.i-sgcm.com/public/new-cars/pricelist/13/2026-01-02.pdf,200,394784,43fa0267c9286a2fb1e7baa8074429e773e903aa7e423ea836ef28cea5e1705f,2026-08-24T12:04:14.509577+00:00,,13/2026-01-02.pdf
86,Tesla Singapore,Tesla,2026-01-02,https://media.i-sgcm.com/public/new-cars/pricelist/86/2026-01-02.pdf,200,1835439,866d4bd9c9112c1821d3566152f66dbe30ce1e3a64a0b711982cf26b239399e1,2026-08-24T12:04:19.916382+00:00,,86/2026-01-02.pdf
86,Tesla Singapore,Tesla,2026-01-03,https://media.i-sgcm.com/public/new-cars/pricelist/86/2026-01-03.pdf,200,2730660,68910178e159783a5c823730b6a5624a84970832ff0869d5fc9064e4d191de56,2026-08-24T12:04:25.446020+00:00,,86/2026-01-03.pdf
4,Performance Motors,BMW,2026-01-08,https://media.i-sgcm.com/public/new-cars/pricelist/4/2026-01-08.pdf,200,97017,4b07ad4fca4359d960c81a7e68ce708f257b3194a5ac651842bbab57777147a2,2026-08-24T12:04:30.802712+00:00,,4/2026-01-08.pdf
86,Tesla Singapore,Tesla,2026-01-08,https://media.i-sgcm.com/public/new-cars/pricelist/86/2026-01-08.pdf,200,2730819,ad8993d7ca97336ff095a1e31ce6d5b728dfa3f7505029f8ee23336f0faf72ce,2026-08-24T12:04:36.297602+00:00,,86/2026-01-08.pdf
25,Cycle & Carriage Industries,Mercedes-Benz,2026-01-09,https://media.i-sgcm.com/public/new-cars/pricelist/25/2026-01-09.pdf,200,259840,b5c319e01865b505c7bfdb0828cb6441f45aa92128384f41c166824a6f90bccd,2026-08-24T12:04:41.601683+00:00,,25/2026-01-09.pdf
81,E-Auto,BYD,2026-01-09,https://media.i-sgcm.com/public/new-cars/pricelist/81/2026-01-09.pdf,200,1539854,2d19f4df5b0e27e9d429ec8f452d1818364041f0dcf2cbfc9481a6e4d4266022,2026-08-24T12:04:47.014736+00:00,,81/2026-01-09.pdf
81,E-Auto,BYD,2026-01-12,https://media.i-sgcm.com/public/new-cars/pricelist/81/2026-01-12.pdf,200,1573945,d3e0b7a6f50f75d8019ee5650030b265a448b02c76f3cb254b0975dde071c076,2026-08-24T12:04:52.481538+00:00,,81/2026-01-12.pdf
13,Kah Motor,Honda,2026-01-13,https://media.i-sgcm.com/public/new-cars/pricelist/13/2026-01-13.pdf,200,462331,c117eb93d3b6ff0c667ecff4ac1e56185d9eb91f177714a66506fba3a31e4084,2026-08-24T12:04:57.900716+00:00,,13/2026-01-13.pdf
25,Cycle & Carriage Industries,Mercedes-Benz,2026-01-14,https://media.i-sgcm.com/public/new-cars/pricelist/25/2026-01-14.pdf,200,259972,84bbf1cc13a0bf4ba5409a32f47aa3da856d67fc55d55296e7a9a22336c562d6,2026-08-24T12:05:03.276518+00:00,,25/2026-01-14.pdf
4,Performance Motors,BMW,2026-01-22,https://media.i-sgcm.com/public/new-cars/pricelist/4/2026-01-22.pdf,200,96970,99c328362d9cd791eecb6c55c803f0ce8861c554f1521be29e8ea27a5734bf75,2026-08-24T12:05:09.549380+00:00,,4/2026-01-22.pdf
44,Borneo Motors,Toyota,2026-01-22,https://media.i-sgcm.com/public/new-cars/pricelist/44/2026-01-22.pdf,200,486588,cf562c7039e35fa7e73520d4aeda7191bb23b7c266bee13f0087f7a86b49f5e2,2026-08-24T12:05:14.893624+00:00,,44/2026-01-22.pdf
13,Kah Motor,Honda,2026-01-23,https://media.i-sgcm.com/public/new-cars/pricelist/13/2026-01-23.pdf,200,2260765,8d3194c8bb454b19e8d886aa1c5cf1d170b6965da7f0f729d531fd11f88e444a,2026-08-24T12:05:20.421452+00:00,,13/2026-01-23.pdf
81,E-Auto,BYD,2026-01-23,https://media.i-sgcm.com/public/new-cars/pricelist/81/2026-01-23.pdf,200,1474322,91f15433ce6957a69dfccceb0a724ca45759dfdd1c2b5f8f7355c7eb0fef7cf3,2026-08-24T12:05:25.841310+00:00,,81/2026-01-23.pdf
25,Cycle & Carriage Industries,Mercedes-Benz,2026-01-28,https://media.i-sgcm.com/public/new-cars/pricelist/25/2026-01-28.pdf,200,259080,c7b5b4f3fb4095deb7ea2e4ccee5f9a4ff161464fae0a2d138a1e091b22cd6c4,2026-08-24T12:05:31.163530+00:00,,25/2026-01-28.pdf
81,E-Auto,BYD,2026-01-28,https://media.i-sgcm.com/public/new-cars/pricelist/81/2026-01-28.pdf,200,1474311,8482300c7c56d1d1e2a539a3cba4b4ad52ee385541effc5934754e6b148ea812,2026-08-24T12:05:36.568815+00:00,,81/2026-01-28.pdf
4,Performance Motors,BMW,2026-02-05,https://media.i-sgcm.com/public/new-cars/pricelist/4/2026-02-05.pdf,200,96617,aa3bbfa4bd23e3c02352e89d293652d82faba8de06ea68c050bcaf49b0f14a93,2026-08-24T12:05:41.826727+00:00,,4/2026-02-05.pdf
44,Borneo Motors,Toyota,2026-02-05,https://media.i-sgcm.com/public/new-cars/pricelist/44/2026-02-05.pdf,200,507223,6b8af3dcdf3ac31c97535a03d1711e6e4fbea55e695753ea561eb400f324e346,2026-08-24T12:05:47.184580+00:00,,44/2026-02-05.pdf
86,Tesla Singapore,Tesla,2026-02-05,https://media.i-sgcm.com/public/new-cars/pricelist/86/2026-02-05.pdf,200,1835513,cdeb2ad0902e6ac1686bcc97bb73282f8a6fbbf3e541d896535858b7ca9886a6,2026-08-24T12:05:52.617032+00:00,,86/2026-02-05.pdf
13,Kah Motor,Honda,2026-02-06,https://media.i-sgcm.com/public/new-cars/pricelist/13/2026-02-06.pdf,200,465915,e4eebab4f55c70c512faade8eb0cfab59388d86dc12cba185b585b05acf9f6bc,2026-08-24T12:05:58.046088+00:00,,13/2026-02-06.pdf
25,Cycle & Carriage Industries,Mercedes-Benz,2026-02-06,https://media.i-sgcm.com/public/new-cars/pricelist/25/2026-02-06.pdf,200,258973,0ee7eee4c08d5de391eb030210ac071e19940fec4dd2bb12c180550c4588be39,2026-08-24T12:06:03.399822+00:00,,25/2026-02-06.pdf
81,E-Auto,BYD,2026-02-06,https://media.i-sgcm.com/public/new-cars/pricelist/81/2026-02-06.pdf,200,2380620,7a84bcb0df525c1343f806ad232ae280d7b9f54b57ac8bcf43ce4badb1b93398,2026-08-24T12:06:08.840133+00:00,,81/2026-02-06.pdf
81,E-Auto,BYD,2026-02-09,https://media.i-sgcm.com/public/new-cars/pricelist/81/2026-02-09.pdf,200,2377535,818611970fdc2693c39a52423465a6e85d7da6f2607eb4c15f2da1a92f6f4705,2026-08-24T12:06:14.340359+00:00,,81/2026-02-09.pdf
44,Borneo Motors,Toyota,2026-02-21,https://media.i-sgcm.com/public/new-cars/pricelist/44/2026-02-21.pdf,200,9547533,aaf758c669ec4748ccace8e0a217c50f5f51e1a2dc79d98307d6e0283ed95d8f,2026-08-24T12:06:19.867432+00:00,,44/2026-02-21.pdf
4,Performance Motors,BMW,2026-02-23,https://media.i-sgcm.com/public/new-cars/pricelist/4/2026-02-23.pdf,200,95156,04637c892a6f03353c0bcf856fba7525d9c451f085387c68790a21fb6df3525d,2026-08-24T12:06:25.120337+00:00,,4/2026-02-23.pdf
25,Cycle & Carriage Industries,Mercedes-Benz,2026-02-23,https://media.i-sgcm.com/public/new-cars/pricelist/25/2026-02-23.pdf,200,258983,e9c4385dc58b4ab79edc6b8cbb935b8d59c7e31f60171014bd41577b62463cf4,2026-08-24T12:06:30.438027+00:00,,25/2026-02-23.pdf
86,Tesla Singapore,Tesla,2026-02-23,https://media.i-sgcm.com/public/new-cars/pricelist/86/2026-02-23.pdf,200,4635,5ee2cd885ca90e209ed93df617559b99fd021cfe221ec11f04d6c0526b366dfe,2026-08-24T12:06:35.647471+00:00,,86/2026-02-23.pdf
13,Kah Motor,Honda,2026-02-24,https://media.i-sgcm.com/public/new-cars/pricelist/13/2026-02-24.pdf,200,2270296,f58753f2592eefe87f11bafdbcb918ddfae27987b7519fc7874143d6dcc85019,2026-08-24T12:06:41.202620+00:00,,13/2026-02-24.pdf
81,E-Auto,BYD,2026-02-24,https://media.i-sgcm.com/public/new-cars/pricelist/81/2026-02-24.pdf,200,2335206,1420815fcbb3e28a0d3955f8e55f76200a73d6b37ccbae957df6661a8df45902,2026-08-24T12:06:46.635661+00:00,,81/2026-02-24.pdf
4,Performance Motors,BMW,2026-03-05,https://media.i-sgcm.com/public/new-cars/pricelist/4/2026-03-05.pdf,200,95006,cf27c4f77acdaa1be1633611fff3f6c9ef9d0ad8c628f9c6b4324cc179dbdcfc,2026-08-24T12:06:51.903315+00:00,,4/2026-03-05.pdf
44,Borneo Motors,Toyota,2026-03-05,https://media.i-sgcm.com/public/new-cars/pricelist/44/2026-03-05.pdf,200,673626,3b23427703d5af180911b2e408e0cd0f3dc29ca8012b92831dae86a4e27c880a,2026-08-24T12:06:57.273253+00:00,,44/2026-03-05.pdf
13,Kah Motor,Honda,2026-03-06,https://media.i-sgcm.com/public/new-cars/pricelist/13/2026-03-06.pdf,200,420838,f4d13d34a96ba7681900aeda640461a2feb21d5d4a6629056df12be10cc06d92,2026-08-24T12:07:02.650016+00:00,,13/2026-03-06.pdf
25,Cycle & Carriage Industries,Mercedes-Benz,2026-03-06,https://media.i-sgcm.com/public/new-cars/pricelist/25/2026-03-06.pdf,200,376217,6a9adc1873caca9b5309ce35a324625fb1df6dc1f7f6aae2ac8fcd7515fa1739,2026-08-24T12:07:08.015589+00:00,,25/2026-03-06.pdf
81,E-Auto,BYD,2026-03-06,https://media.i-sgcm.com/public/new-cars/pricelist/81/2026-03-06.pdf,200,2330148,c2de530112191343da5331276b410cdb0db01dbeb39641262ce38d2a869db687,2026-08-24T12:07:13.493603+00:00,,81/2026-03-06.pdf
86,Tesla Singapore,Tesla,2026-03-06,https://media.i-sgcm.com/public/new-cars/pricelist/86/2026-03-06.pdf,200,1835623,9bcc3e86b3a9bf0adce27fd6e8ab1e2963d984193391870a1a07a7b81e67c86b,2026-08-24T12:07:18.905931+00:00,,86/2026-03-06.pdf
86,Tesla Singapore,Tesla,2026-03-12,https://media.i-sgcm.com/public/new-cars/pricelist/86/2026-03-12.pdf,200,4635,7f7e81c1067ab00529a5d6736ccf5f18809f4315f0aaf19d6638370246db0b2f,2026-08-24T12:07:24.178269+00:00,,86/2026-03-12.pdf
25,Cycle & Carriage Industries,Mercedes-Benz,2026-03-18,https://media.i-sgcm.com/public/new-cars/pricelist/25/2026-03-18.pdf,200,376208,3b19a2f544eaada75adf3ef7e0a478275945c397a72ffc278aa3ef7d9ecc2276,2026-08-24T12:07:29.536308+00:00,,25/2026-03-18.pdf
4,Performance Motors,BMW,2026-03-19,https://media.i-sgcm.com/public/new-cars/pricelist/4/2026-03-19.pdf,200,95320,e9de0a712ed2d054aa0c4777c5156035fdb2e5bb4b2a7f908d61f8bd2af1e35f,2026-08-24T12:07:34.795493+00:00,,4/2026-03-19.pdf
44,Borneo Motors,Toyota,2026-03-19,https://media.i-sgcm.com/public/new-cars/pricelist/44/2026-03-19.pdf,200,5542622,8f6d9273f308be3dba3ffe20e646e2ee23bf2d1d095f7ac2078e9888f975f7e4,2026-08-24T12:07:40.335246+00:00,,44/2026-03-19.pdf
86,Tesla Singapore,Tesla,2026-03-19,https://media.i-sgcm.com/public/new-cars/pricelist/86/2026-03-19.pdf,200,1835472,2b2d21acda7d6f422949971537e04e340c970176f2aa7b956728f8d0d438aeb6,2026-08-24T12:07:45.831544+00:00,,86/2026-03-19.pdf
13,Kah Motor,Honda,2026-03-20,https://media.i-sgcm.com/public/new-cars/pricelist/13/2026-03-20.pdf,200,420316,c4ad60c27b9b924dce828545f28ce38718d293f914eff16f709cfd9015d28807,2026-08-24T12:07:51.172454+00:00,,13/2026-03-20.pdf
25,Cycle & Carriage Industries,Mercedes-Benz,2026-03-20,https://media.i-sgcm.com/public/new-cars/pricelist/25/2026-03-20.pdf,200,273781,508d2599ca0d6c31c115f57a77957255cd416c18e122f2765be9bb570deba345,2026-08-24T12:07:56.535133+00:00,,25/2026-03-20.pdf
81,E-Auto,BYD,2026-03-20,https://media.i-sgcm.com/public/new-cars/pricelist/81/2026-03-20.pdf,200,1929173,da8a35339f9dbacd65573d97652b2e155e8f3a49d6f3aa0a2928bf8a1d9aa65a,2026-08-24T12:08:02.041471+00:00,,81/2026-03-20.pdf
81,E-Auto,BYD,2026-03-21,https://media.i-sgcm.com/public/new-cars/pricelist/81/2026-03-21.pdf,200,1931648,6b696c8b4111fdf70a4c2be3c042121aa5d74c9d5b25dfe8cece3c944106f16c,2026-08-24T12:08:07.628660+00:00,,81/2026-03-21.pdf
25,Cycle & Carriage Industries,Mercedes-Benz,2026-03-25,https://media.i-sgcm.com/public/new-cars/pricelist/25/2026-03-25.pdf,200,275170,74901485b52fcbfa2646cd54764430abfabd1c6b05679fe5d8d0cdd4f8326de2,2026-08-24T12:08:12.947220+00:00,,25/2026-03-25.pdf
81,E-Auto,BYD,2026-03-25,https://media.i-sgcm.com/public/new-cars/pricelist/81/2026-03-25.pdf,200,1938971,0d1fa18e19e1ae56d84417261a37ff5c3921f79c561f9ac689ef2494b6496dce,2026-08-24T12:08:18.369611+00:00,,81/2026-03-25.pdf
4,Performance Motors,BMW,2026-04-09,https://media.i-sgcm.com/public/new-cars/pricelist/4/2026-04-09.pdf,200,98877,0c4c9c589ed5f184a8010982c54d01a56d13d5b4320b7e555fd12585aa83d421,2026-08-24T12:08:23.691833+00:00,,4/2026-04-09.pdf
25,Cycle & Carriage Industries,Mercedes-Benz,2026-04-09,https://media.i-sgcm.com/public/new-cars/pricelist/25/2026-04-09.pdf,200,668330,a576a61e570233c7f41fc05f81f27d5636afa84a9a9f0d3d32029cd51b642bef,2026-08-24T12:08:29.089122+00:00,,25/2026-04-09.pdf
44,Borneo Motors,Toyota,2026-04-09,https://media.i-sgcm.com/public/new-cars/pricelist/44/2026-04-09.pdf,200,2755720,8b03ec6e9765b9c26954d8e4ea5a02e1e61267eda9084fb527be15fa5a0c8467,2026-08-24T12:08:34.612849+00:00,,44/2026-04-09.pdf
81,E-Auto,BYD,2026-04-09,https://media.i-sgcm.com/public/new-cars/pricelist/81/2026-04-09.pdf,200,1961971,be885cd8ac8d7b7f6fcf0eb3ccbe99561caa7433160495db8227e94fd022d7dc,2026-08-24T12:08:40.039052+00:00,,81/2026-04-09.pdf
86,Tesla Singapore,Tesla,2026-04-09,https://media.i-sgcm.com/public/new-cars/pricelist/86/2026-04-09.pdf,200,2300941,10f382575b290ad7730473298592bbac95d4ec5c34724446f6d207795948994f,2026-08-24T12:08:45.477758+00:00,,86/2026-04-09.pdf
13,Kah Motor,Honda,2026-04-10,https://media.i-sgcm.com/public/new-cars/pricelist/13/2026-04-10.pdf,200,2253086,990d0bc55e3c9c7b73187a17823a9910d42b72eb8a8853870fde107e580affa6,2026-08-24T12:08:50.950246+00:00,,13/2026-04-10.pdf
81,E-Auto,BYD,2026-04-17,https://media.i-sgcm.com/public/new-cars/pricelist/81/2026-04-17.pdf,200,1416120,c7459ede0db5e703722cd4d87b70c5ece51bab418814b98498e329fce07ad7a4,2026-08-24T12:08:56.393568+00:00,,81/2026-04-17.pdf
4,Performance Motors,BMW,2026-04-23,https://media.i-sgcm.com/public/new-cars/pricelist/4/2026-04-23.pdf,200,95319,393da67983c1f6b146c621f3e7662e116a540ee7969ab8160a4fcef12a843fa7,2026-08-24T12:09:01.700451+00:00,,4/2026-04-23.pdf
44,Borneo Motors,Toyota,2026-04-23,https://media.i-sgcm.com/public/new-cars/pricelist/44/2026-04-23.pdf,200,2755529,c2a48afecd9a39a1302b403c349e8968c27f0fd510789387efeeb24c3f70db0d,2026-08-24T12:09:07.187971+00:00,,44/2026-04-23.pdf
13,Kah Motor,Honda,2026-04-24,https://media.i-sgcm.com/public/new-cars/pricelist/13/2026-04-24.pdf,200,2317349,ce18a1a89df4e25b24069dab572aeb13c867ee5439c56b4d6ef56cddf5429809,2026-08-24T12:09:12.770876+00:00,,13/2026-04-24.pdf
25,Cycle & Carriage Industries,Mercedes-Benz,2026-04-24,https://media.i-sgcm.com/public/new-cars/pricelist/25/2026-04-24.pdf,200,274964,c6c7f0f873a6578cd8b4757812a189bbc0d0dfaa12d46e3534081c4f5f1152ff,2026-08-24T12:09:18.101826+00:00,,25/2026-04-24.pdf
81,E-Auto,BYD,2026-04-24,https://media.i-sgcm.com/public/new-cars/pricelist/81/2026-04-24.pdf,200,1416754,90eb77fc353d05529ccc7ec5178df7ff6cbbe7ccd27ebed9ea7595f924097c24,2026-08-24T12:09:23.504620+00:00,,81/2026-04-24.pdf
86,Tesla Singapore,Tesla,2026-04-24,https://media.i-sgcm.com/public/new-cars/pricelist/86/2026-04-24.pdf,200,2305043,c53f239edcf29294f946951f068ae480ff1efad1e567484c12ef70a90bb35ff2,2026-08-24T12:09:28.930291+00:00,,86/2026-04-24.pdf
86,Tesla Singapore,Tesla,2026-04-26,https://media.i-sgcm.com/public/new-cars/pricelist/86/2026-04-26.pdf,200,2305074,e57e5adaf6a6efdf367636150721d7eaade3df1c4e0869c0d8ef9982922dc5aa,2026-08-24T12:09:34.352590+00:00,,86/2026-04-26.pdf
81,E-Auto,BYD,2026-04-27,https://media.i-sgcm.com/public/new-cars/pricelist/81/2026-04-27.pdf,200,1924016,0d528227f19ef84050d798e975d7eaf39aa896ceca08a79e19a8bc0c834577e2,2026-08-24T12:09:39.881584+00:00,,81/2026-04-27.pdf
4,Performance Motors,BMW,2026-05-07,https://media.i-sgcm.com/public/new-cars/pricelist/4/2026-05-07.pdf,200,95601,e36b0941ca39403bc3bc7033868cb81bf0f3a835bba1b0988b633a46a7ecfe30,2026-08-24T12:09:45.165076+00:00,,4/2026-05-07.pdf
44,Borneo Motors,Toyota,2026-05-07,https://media.i-sgcm.com/public/new-cars/pricelist/44/2026-05-07.pdf,200,7082457,dfb07fbf3330c7dda90c4121cda919bfb19a5b8813b5817692d31433cf86674b,2026-08-24T12:09:50.762163+00:00,,44/2026-05-07.pdf
86,Tesla Singapore,Tesla,2026-05-07,https://media.i-sgcm.com/public/new-cars/pricelist/86/2026-05-07.pdf,200,2305189,e51627850e475a1b4f384a1147880823c5ece72a6563fcf06673ddb37315a311,2026-08-24T12:09:56.201194+00:00,,86/2026-05-07.pdf
25,Cycle & Carriage Industries,Mercedes-Benz,2026-05-08,https://media.i-sgcm.com/public/new-cars/pricelist/25/2026-05-08.pdf,200,279073,46ad7c21f28483dcefbd9e90dd7a8eafd3e49ea80c55fe2b63560ae28dd2f2b8,2026-08-24T12:10:01.508988+00:00,,25/2026-05-08.pdf
81,E-Auto,BYD,2026-05-08,https://media.i-sgcm.com/public/new-cars/pricelist/81/2026-05-08.pdf,200,2615650,567751fe8036218e0290aa58b54fe8c9438b34abb69861915ef31acd3320e64c,2026-08-24T12:10:07.019880+00:00,,81/2026-05-08.pdf
86,Tesla Singapore,Tesla,2026-05-08,https://media.i-sgcm.com/public/new-cars/pricelist/86/2026-05-08.pdf,200,2733595,459f264b135d3efc6ec0775beb9993b980432a590d42eec63e1289d46287a289,2026-08-24T12:10:12.525753+00:00,,86/2026-05-08.pdf
81,E-Auto,BYD,2026-05-11,https://media.i-sgcm.com/public/new-cars/pricelist/81/2026-05-11.pdf,200,3191265,af2353e8b2cae5248426f6cffd8fc73cf316b0bede098169fbf0e98e365ed92a,2026-08-24T12:10:17.968792+00:00,,81/2026-05-11.pdf
86,Tesla Singapore,Tesla,2026-05-11,https://media.i-sgcm.com/public/new-cars/pricelist/86/2026-05-11.pdf,200,2733627,8f8b5131898a0687d1dc8ed8aae1d84b8801a5b958baf123e3bda6274f17ed95,2026-08-24T12:10:23.405366+00:00,,86/2026-05-11.pdf
13,Kah Motor,Honda,2026-05-13,https://media.i-sgcm.com/public/new-cars/pricelist/13/2026-05-13.pdf,200,459782,e637a47517c71c938b99920599f57f7413a81ebf873a58b03f1ac3f536d98057,2026-08-24T12:10:28.725864+00:00,,13/2026-05-13.pdf
44,Borneo Motors,Toyota,2026-05-14,https://media.i-sgcm.com/public/new-cars/pricelist/44/2026-05-14.pdf,200,33022,f31aa2d9266da21b75b9f301f0a892886843e79c0b8bae88bdf33578a5b474bd,2026-08-24T12:10:33.986536+00:00,,44/2026-05-14.pdf
4,Performance Motors,BMW,2026-05-21,https://media.i-sgcm.com/public/new-cars/pricelist/4/2026-05-21.pdf,200,95180,70894124b1c5061d72a6a18a1a566eae0d399a18bea1ce68443a69c22e270ae8,2026-08-24T12:10:39.250205+00:00,,4/2026-05-21.pdf
44,Borneo Motors,Toyota,2026-05-21,https://media.i-sgcm.com/public/new-cars/pricelist/44/2026-05-21.pdf,200,1032346,60d9dfa8603ed9a178e38b6e9936f281d33236c6ae2cf1e0a2482ce80973e5da,2026-08-24T12:10:44.643786+00:00,,44/2026-05-21.pdf
81,E-Auto,BYD,2026-05-21,https://media.i-sgcm.com/public/new-cars/pricelist/81/2026-05-21.pdf,200,3559318,a60a10797970b2ea5ad84a71e2b6b828b641ed4e790913d5229324322d033f77,2026-08-24T12:10:50.104833+00:00,,81/2026-05-21.pdf
25,Cycle & Carriage Industries,Mercedes-Benz,2026-05-22,https://media.i-sgcm.com/public/new-cars/pricelist/25/2026-05-22.pdf,200,200309,3e4df582968ae1d2f2482d7f61c3e3fcb63a47a5437d022293e2027fa9543e42,2026-08-24T12:10:55.447255+00:00,,25/2026-05-22.pdf
13,Kah Motor,Honda,2026-05-25,https://media.i-sgcm.com/public/new-cars/pricelist/13/2026-05-25.pdf,200,464169,fc9b1ec4ff31d063665751a42f60f918f1b115fea5ab33f8ceb8726cd6147200,2026-08-24T12:11:00.822711+00:00,,13/2026-05-25.pdf
86,Tesla Singapore,Tesla,2026-05-28,https://media.i-sgcm.com/public/new-cars/pricelist/86/2026-05-28.pdf,200,2733341,f1547364785623ac1f4d0aaba27979bc7bdaa92c0d137933bf261a175a7d65d0,2026-08-24T12:11:06.278188+00:00,,86/2026-05-28.pdf
44,Borneo Motors,Toyota,2026-06-03,https://media.i-sgcm.com/public/new-cars/pricelist/44/2026-06-03.pdf,200,1300144,6ae28fec61add9b382e75eba1994495ce7517756c4d198a3e5d645f9c1cca0d6,2026-08-24T12:11:11.788684+00:00,,44/2026-06-03.pdf
13,Kah Motor,Honda,2026-06-05,https://media.i-sgcm.com/public/new-cars/pricelist/13/2026-06-05.pdf,200,2332592,1f91fbac27799d754021eb5d44f6d5ca0a8e051e5cb7b32eab0b323059a93e80,2026-08-24T12:11:17.202843+00:00,,13/2026-06-05.pdf
44,Borneo Motors,Toyota,2026-06-05,https://media.i-sgcm.com/public/new-cars/pricelist/44/2026-06-05.pdf,200,659013,ef6e8704c5b6b27594aa703a356a55d6c33883964068e9807d366eb321b2d00c,2026-08-24T12:11:22.563748+00:00,,44/2026-06-05.pdf
81,E-Auto,BYD,2026-06-05,https://media.i-sgcm.com/public/new-cars/pricelist/81/2026-06-05.pdf,200,3191862,84346f8a5a5c65a8d56a832f87dd5a59ef26da0b1c533d5de73cad4e6a3d2e65,2026-08-24T12:11:28.093446+00:00,,81/2026-06-05.pdf
86,Tesla Singapore,Tesla,2026-06-05,https://media.i-sgcm.com/public/new-cars/pricelist/86/2026-06-05.pdf,200,2733434,4c4646e667c683e8f2b8ea462e4eb0a284289a57619b58184c5d7f3a2b39a340,2026-08-24T12:11:33.535059+00:00,,86/2026-06-05.pdf
4,Performance Motors,BMW,2026-06-08,https://media.i-sgcm.com/public/new-cars/pricelist/4/2026-06-08.pdf,200,95740,26d86f304e2818293a34dfd6a9457f93bfd90a937bf80bdf46634d7df2998803,2026-08-24T12:11:38.817990+00:00,,4/2026-06-08.pdf
25,Cycle & Carriage Industries,Mercedes-Benz,2026-06-08,https://media.i-sgcm.com/public/new-cars/pricelist/25/2026-06-08.pdf,200,273972,c3d0703a371389f9d348c00970c529340ac99ab05da918b354b58ea93c24544a,2026-08-24T12:11:44.112406+00:00,,25/2026-06-08.pdf
4,Performance Motors,BMW,2026-06-18,https://media.i-sgcm.com/public/new-cars/pricelist/4/2026-06-18.pdf,200,96056,600cea20f547613cfb02ee3f47f627f58402ddd4bf404958c8db2093c3092579,2026-08-24T12:11:49.679429+00:00,,4/2026-06-18.pdf
44,Borneo Motors,Toyota,2026-06-18,https://media.i-sgcm.com/public/new-cars/pricelist/44/2026-06-18.pdf,200,1417948,a8af286d0ae6b8f7fee6dc0e57d13d3841cf66e40fa066b540bc8c23d002ade8,2026-08-24T12:11:55.618820+00:00,,44/2026-06-18.pdf
86,Tesla Singapore,Tesla,2026-06-18,https://media.i-sgcm.com/public/new-cars/pricelist/86/2026-06-18.pdf,200,2733437,d413796f60c6748d4ad48c9ad88dc8c3db85ef1af0c36eb0ea7ee59f8b800ed1,2026-08-24T12:12:01.074609+00:00,,86/2026-06-18.pdf
81,E-Auto,BYD,2026-06-19,https://media.i-sgcm.com/public/new-cars/pricelist/81/2026-06-19.pdf,200,3786342,3def08d168d77bac024a6de7785d6cc30b5d62f182a45df6b23cf82b4bab42d3,2026-08-24T12:12:06.710410+00:00,,81/2026-06-19.pdf
25,Cycle & Carriage Industries,Mercedes-Benz,2026-06-22,https://media.i-sgcm.com/public/new-cars/pricelist/25/2026-06-22.pdf,200,5602887,4eea70432332da3ed1a10f1a02028bd819d95e6e0144bc86799b7fdce1330e89,2026-08-24T12:12:12.204378+00:00,,25/2026-06-22.pdf
25,Cycle & Carriage Industries,Mercedes-Benz,2026-06-24,https://media.i-sgcm.com/public/new-cars/pricelist/25/2026-06-24.pdf,200,5605394,8271c854fd62d1a27bebd39c82ee43cf46fa3702b818fd4fabf1b0552ab07ce2,2026-08-24T12:12:17.680683+00:00,,25/2026-06-24.pdf
13,Kah Motor,Honda,2026-07-01,https://media.i-sgcm.com/public/new-cars/pricelist/13/2026-07-01.pdf,200,353339,bf1e6bd75dec14695cef8180a43bd88ef973661cb8c35314aa47809a06aa7cff,2026-08-24T12:12:23.042760+00:00,,13/2026-07-01.pdf
86,Tesla Singapore,Tesla,2026-07-08,https://media.i-sgcm.com/public/new-cars/pricelist/86/2026-07-08.pdf,200,2357323,1a1eefd4e98fce340489f4a57875bbb975c7585655673f722ffd0084edc84715,2026-08-24T12:12:28.478831+00:00,,86/2026-07-08.pdf
4,Performance Motors,BMW,2026-07-09,https://media.i-sgcm.com/public/new-cars/pricelist/4/2026-07-09.pdf,200,96157,0094d0684aba84c42d01e465aa717106dbc4b9d734e2e1f7d4ddb6ab5d680536,2026-08-24T12:12:33.780016+00:00,,4/2026-07-09.pdf
44,Borneo Motors,Toyota,2026-07-09,https://media.i-sgcm.com/public/new-cars/pricelist/44/2026-07-09.pdf,200,305309,21cab6ae21960a5a69ba7979738cfda72ce5f7fe783598c0f765752337189717,2026-08-24T12:12:39.125135+00:00,,44/2026-07-09.pdf
81,E-Auto,BYD,2026-07-09,https://media.i-sgcm.com/public/new-cars/pricelist/81/2026-07-09.pdf,200,2663418,c47ea991cb70b23a353070a0dd3f423fad7655de8858e62a0a1e51c8dcfb4a9f,2026-08-24T12:12:44.638618+00:00,,81/2026-07-09.pdf
13,Kah Motor,Honda,2026-07-10,https://media.i-sgcm.com/public/new-cars/pricelist/13/2026-07-10.pdf,200,493106,4fc4358b59725e2a62e7cdb5ff59837545d29efd6b3afbd0fb675c6e18b931c1,2026-08-24T12:12:49.966308+00:00,,13/2026-07-10.pdf
25,Cycle & Carriage Industries,Mercedes-Benz,2026-07-14,https://media.i-sgcm.com/public/new-cars/pricelist/25/2026-07-14.pdf,200,5221004,41684a817298486879957afaebaa425caffd0b4270cfa33a00f6b7d6d2f3a4e8,2026-08-24T12:12:55.597821+00:00,,25/2026-07-14.pdf
4,Performance Motors,BMW,2026-07-23,https://media.i-sgcm.com/public/new-cars/pricelist/4/2026-07-23.pdf,200,96116,abf520fc895b1884c15f70e875c33689ce847d894cdeafe8cc771c940a3f2d35,2026-08-24T12:13:00.891071+00:00,,4/2026-07-23.pdf
44,Borneo Motors,Toyota,2026-07-23,https://media.i-sgcm.com/public/new-cars/pricelist/44/2026-07-23.pdf,200,309343,e89788af38c07180fd21f254430b7df93d7880be8e52d565bc37ef6efb7a13cd,2026-08-24T12:13:06.232857+00:00,,44/2026-07-23.pdf
86,Tesla Singapore,Tesla,2026-07-23,https://media.i-sgcm.com/public/new-cars/pricelist/86/2026-07-23.pdf,200,1996430,f5bfc4684ea58ede4f103bc51afa7c76432b7f587bf7a6a3b397caf6a046b876,2026-08-24T12:13:11.689709+00:00,,86/2026-07-23.pdf
13,Kah Motor,Honda,2026-07-24,https://media.i-sgcm.com/public/new-cars/pricelist/13/2026-07-24.pdf,200,404567,28a88362f07457a3c7f24357f6a893232efef9070c6f8f58d6cd986b09a6cc99,2026-08-24T12:13:17.036599+00:00,,13/2026-07-24.pdf
81,E-Auto,BYD,2026-07-24,https://media.i-sgcm.com/public/new-cars/pricelist/81/2026-07-24.pdf,200,2408097,2c6067f416cee731524d682194718c54dffceead6729f9f3d765d00f01005f0b,2026-08-24T12:13:22.489128+00:00,,81/2026-07-24.pdf
25,Cycle & Carriage Industries,Mercedes-Benz,2026-07-27,https://media.i-sgcm.com/public/new-cars/pricelist/25/2026-07-27.pdf,200,5755435,cf0ca92c36ae91c7593bf220a30db526818b6456797091adaeb947690df2a1d1,2026-08-24T12:13:28.039741+00:00,,25/2026-07-27.pdf
4,Performance Motors,BMW,2026-08-06,https://media.i-sgcm.com/public/new-cars/pricelist/4/2026-08-06.pdf,200,95119,3dfac108889be2d35ca6539badab571508f111ed17d227f538ac3139f5bab8ed,2026-08-24T12:13:33.313321+00:00,,4/2026-08-06.pdf
44,Borneo Motors,Toyota,2026-08-06,https://media.i-sgcm.com/public/new-cars/pricelist/44/2026-08-06.pdf,200,2210265,b9186859746e3e9a59ef1abce428a35125bb383f805caac88eef89c245dbd24a,2026-08-24T12:13:38.759661+00:00,,44/2026-08-06.pdf
86,Tesla Singapore,Tesla,2026-08-06,https://media.i-sgcm.com/public/new-cars/pricelist/86/2026-08-06.pdf,200,1996387,0daa79e5a43ba86447af37fcbdf0056d40eb9479cfad9f7edc2321dc936bb143,2026-08-24T12:13:44.165508+00:00,,86/2026-08-06.pdf
13,Kah Motor,Honda,2026-08-07,https://media.i-sgcm.com/public/new-cars/pricelist/13/2026-08-07.pdf,200,372004,8882b07207f62b61d903235096e96c75de736e94a90b6e3ee169c75ff774ee9e,2026-08-24T12:13:49.545037+00:00,,13/2026-08-07.pdf
25,Cycle & Carriage Industries,Mercedes-Benz,2026-08-07,https://media.i-sgcm.com/public/new-cars/pricelist/25/2026-08-07.pdf,200,5764375,b8037b3a1c9d792bc85f4a91b2f5648c17a75baba31fabe8487664cbb62a7767,2026-08-24T12:13:55.037114+00:00,,25/2026-08-07.pdf
81,E-Auto,BYD,2026-08-07,https://media.i-sgcm.com/public/new-cars/pricelist/81/2026-08-07.pdf,200,2719307,ac8246e7e826ba037c4adb3409f01a2da4a129ba864f8f696ce8ae3a80acb616,2026-08-24T12:14:00.489096+00:00,,81/2026-08-07.pdf
4,Performance Motors,BMW,2026-08-20,https://media.i-sgcm.com/public/new-cars/pricelist/4/2026-08-20.pdf,200,95152,912a762c86a79c3eaf701a56e805c225690abc1124c443cb0b04a2282044ee96,2026-08-24T12:14:05.737780+00:00,,4/2026-08-20.pdf
44,Borneo Motors,Toyota,2026-08-20,https://media.i-sgcm.com/public/new-cars/pricelist/44/2026-08-20.pdf,200,2497665,c8e0e7376646e0f0bdac39f61066c60aa295ca290403330217c867d808b9c8df,2026-08-24T12:14:11.160962+00:00,,44/2026-08-20.pdf
81,E-Auto,BYD,2026-08-20,https://media.i-sgcm.com/public/new-cars/pricelist/81/2026-08-20.pdf,200,3138799,70df595a0be66cd5bebb5334f52065c47a96619fbefc1a167ce9a1140d87c106,2026-08-24T12:14:16.623098+00:00,,81/2026-08-20.pdf
86,Tesla Singapore,Tesla,2026-08-20,https://media.i-sgcm.com/public/new-cars/pricelist/86/2026-08-20.pdf,200,1996346,dc4b02bcb7bf2836891789c444a65f00751e1ae7d0937fc6d54818ebc4e33ef6,2026-08-24T12:14:22.123543+00:00,,86/2026-08-20.pdf
13,Kah Motor,Honda,2026-08-21,https://media.i-sgcm.com/public/new-cars/pricelist/13/2026-08-21.pdf,200,355704,bb24ef19ef1f5b20791bb8309e705259edc32bc715a04db65eebf5b0736db20f,2026-08-24T12:14:27.472824+00:00,,13/2026-08-21.pdf
25,Cycle & Carriage Industries,Mercedes-Benz,2026-08-21,https://media.i-sgcm.com/public/new-cars/pricelist/25/2026-08-21.pdf,200,5860646,f4b4848f97f67010c9c616ee564770a9ed696b8d97e5b642678ed51db97bf883,2026-08-24T12:14:32.957469+00:00,,25/2026-08-21.pdf
81,E-Auto,BYD,2026-08-21,https://media.i-sgcm.com/public/new-cars/pricelist/81/2026-08-21.pdf,200,3138632,9a027fee2fdd3dc3bfe4d3460ab6ffed7fbbec0baaf7a062daaab966ce29de57,2026-08-24T12:14:38.394986+00:00,,81/2026-08-21.pdf
